surah_number,ayah_number,transliteration_converted
1,1,Bismi Allahi ar-raḥmani ar-raḥim.
1,2,Al-ḥamdu Lillahi rabbi al-ɛalamin.
1,3,Ar-raḥmani ar-raḥim.
1,4,Maliki yawmi ad-din.
1,5,ʼiyaka naɛbudu wa ʼiyaka nastaɛin.
1,6,Ahdina aṣ-ṣiraṭa al-mustaqim.
1,7,Ṣiraṭa al-laḏina ʼanɛamta ɛalayhim ɣayri al-maɣḍubi ɛalayhim wa la aḍ-ḍallin.
2,1,ʼalif-lam-mim.
2,2,Ḏalika al-kitabu la rayba fihi hudan lilmuttaqin.
2,3,Al-laḏina yuʼminuna bil-ɣaybi wa yuqimuna aṣ-ṣalata wa mimma razaqnahum yunfiqun.
2,4,Wa al-laḏina yuʼminuna bima ʼunzila ʼilayka wa ma ʼunzila min qablika wa bil-ʼaxirati hum yuqinun.
2,5,ʼulaʼika ɛala hudan min rabbihim wa ʼulaʼika hum al-mufliḥun.
2,6,ʼinna al-laḏina kafaru sawaʼun ɛalayhim ʼa ʼanḏartahum ʼam lam tunḏirhum la yuʼminun.
2,7,Xatama Allahu ɛala qulubihim wa ɛala samɛihim wa ɛala ʼabṣarihim ɣicawatun wa lahum ɛaḏabun ɛaḏ̣imun.
2,8,Wa mina an-nasi man yaqulu ʼamanna Billahi wa bil-yawmi al-ʼaxiri wa ma hum bimuʼminin.
2,9,Yuxadiɛuna Allaha wa al-laḏina ʼamanu wa ma yaxdaɛuna ʼilla ʼanfusahum wa ma yacɛurun.
2,10,Fi qulubihim maraḍun fazadahum Allahu maraḍan wa lahum ɛaḏabun ʼalimun bima kanu yakḏibun.
2,11,Wa ʼiḏa qila lahum la tufsidu fi al-ʼarḍi qalu ʼinnama naḥnu muṣliḥun.
2,12,ʼala ʼinnahum hum al-mufsiduna wa lakin la yacɛurun.
2,13,Wa ʼiḏa qila lahum ʼaminu kama ʼamana an-nasu qalu ʼanuʼminu kama ʼamana as-sufahaʼu ʼala ʼinnahum hum as-sufahaʼu wa lakin la yaɛlamun.
2,14,Wa ʼiḏa laqu al-laḏina ʼamanu qalu ʼamanna wa ʼiḏa xalaw ʼila cayaṭinihim qalu ʼinna maɛakum ʼinnama naḥnu mustahziʼun.
2,15,Allahu yastahziʼu bihim wa yamudduhum fi ṭuɣyanihim yaɛmahun.
2,16,ʼulaʼika al-laḏina actaraw aḍ-ḍalalata bil-huda fama rabiḥat tijaratuhum wa ma kanu muhtadin.
2,17,Maṯaluhum kamaṯali al-laḏi astawqada naran falamma ʼaḍaʼat ma ḥawlahu ḏahaba Allahu binurihim wa tarakahum fi ḏ̣ulumatin la yubṣirun.
2,18,Ṣummun bukmun ɛumyun fahum la yarjiɛun.
2,19,ʼaw kaṣayyibin mina as-samaʼi fihi ḏ̣ulumatun wa raɛdun wa barqun yajɛaluna ʼaṣabiɛahum fi ʼaḏanihim mina aṣ-ṣawaɛiqi ḥaḏara al-mawti wa Allahu muḥiṭun bil-kafirin.
2,20,Yakadu al-barqu yaxṭafu ʼabṣarahum kullama ʼaḍaʼa lahum macaw fihi wa ʼiḏa ʼaḏ̣lama ɛalayhim qamu wa law caʼa Allahu laḏahaba bisamɛihim wa ʼabṣarihim ʼinna Allaha ɛala kulli cayʼin qadirun.
2,21,Ya ʼayyuha an-nasu aɛbudu rabbakum al-laḏi xalaqakum wa al-laḏina min qablikum laɛallakum tattaqun.
2,22,Al-laḏi jaɛala lakum al-ʼarḍa firacan wa as-samaʼa binaʼan wa ʼanzala mina as-samaʼi maʼan faʼaxraja bihi mina aṯ-ṯamarati rizqan lakum fala tajɛalu Lillahi ʼandadan wa ʼantum taɛlamun.
2,23,Wa ʼin kuntum fi raybin mimma nazzalna ɛala ɛabdina faʼtu bisuratin min miṯlihi wa adɛu cuhadaʼakum min duni Allahi ʼin kuntum ṣadiqin.
2,24,Faʼin lam tafɛalu wa lan tafɛalu fa attaqu an-nara allati waquduha an-nasu wa al-ḥijaratu ʼuɛiddat lilkafirin.
2,25,Wa baccir al-laḏina ʼamanu wa ɛamilu aṣ-ṣaliḥati ʼanna lahum jannatin tajri min taḥtiha al-ʼanharu kullama ruziqu minha min ṯamaratin rizqan qalu haḏa al-laḏi ruziqna min qablu wa ʼutu bihi mutacabihan wa lahum fiha ʼazwajun muṭahharatun wa hum fiha xalidun.
2,26,ʼinna Allaha la yastaḥyi ʼan yaḍriba maṯalan ma baɛuḍatan fama fawqaha faʼamma al-laḏina ʼamanu fayaɛlamuna ʼannahu al-ḥaqqu min rabbihim wa ʼamma al-laḏina kafaru fayaquluna maḏa ʼarada Allahu bihaḏa maṯalan yuḍillu bihi kaṯiran wa yahdi bihi kaṯiran wa ma yuḍillu bihi ʼilla al-fasiqin.
2,27,Al-laḏina yanquḍuna ɛahda Allahi min baɛdi miṯaqihi wa yaqṭaɛuna ma ʼamara Allahu bihi ʼan yuṣala wa yufsiduna fi al-ʼarḍi ʼulaʼika hum al-xasirun.
2,28,Kayfa takfuruna Billahi wa kuntum ʼamwatan faʼaḥyakum ṯumma yumitukum ṯumma yuḥyikum ṯumma ʼilayhi turjaɛun.
2,29,Huwa al-laḏi xalaqa lakum ma fi al-ʼarḍi jamiɛan ṯumma astawa ʼila as-samaʼi fasawwahunna sabɛa samawatin wa huwa bikulli cayʼin ɛalimun.
2,30,Wa ʼiḏ qala rabbuka lilmalaʼikati ʼinni jaɛilun fi al-ʼarḍi xalifatan qalu ʼatajɛalu fiha man yufsidu fiha wa yasfiku ad-dimaʼa wa naḥnu nusabbiḥu biḥamdika wa nuqaddisu laka qala ʼinni ʼaɛlamu ma la taɛlamun.
2,31,Wa ɛallama ʼadama al-ʼasmaʼa kullaha ṯumma ɛaraḍahum ɛala al-malaʼikati faqala ʼanbiʼuni biʼasmaʼi haʼuulaʼ ʼin kuntum ṣadiqin.
2,32,Qalu subḥanaka la ɛilma lana ʼilla ma ɛallamtana ʼinnaka ʼanta al-ɛalimu al-ḥakim.
2,33,Qala ya ʼadamu ʼanbiʼhum biʼasmaʼihim falamma ʼanbaʼahum biʼasmaʼihim qala ʼalam ʼaqul lakum ʼinni ʼaɛlamu ɣayba as-samawati wa al-ʼarḍi wa ʼaɛlamu ma tubduna wa ma kuntum taktumun.
2,34,Wa ʼiḏ qulna lilmalaʼikati asjudu liʼdama fasajadu ʼilla ʼiblisa ʼaba wa astakbara wa kana mina al-kafirin.
2,35,Wa qulna ya ʼadamu askun ʼanta wa zawjuka al-jannata wa kula minha raɣadan ḥayṯu ciʼtuma wa la taqraba haḏihi ac-cajarata fatakuna mina aḏ̣-ḏ̣alimin.
2,36,Faʼazallahuma ac-cayṭanu ɛanha faʼaxrajahuma mimma kana fihi wa qulna ahbiṭu baɛḍukum libaɛḍin ɛaduwun wa lakum fi al-ʼarḍi mustaqarrun wa mataɛun ʼila ḥinin.
2,37,Fatalaqqa ʼadamu min rabbihi kalimatin fataba ɛalayhi ʼinnahu huwa at-tawwabu ar-raḥim.
2,38,Qulna ahbiṭu minha jamiɛan faʼimma yaʼtiyannakum minni hudan faman tabiɛa hudaya fala xawfun ɛalayhim wa la hum yaḥzanun.
2,39,Wa al-laḏina kafaru wa kaḏḏabu biʼayatina ʼulaʼika ʼaṣḥabu an-nari hum fiha xalidun.
2,40,Ya bani ʼisraʼila aḏkuru niɛmati allati ʼanɛamtu ɛalaykum wa ʼawfu biɛahdi ʼufi biɛahdikum wa ʼiyaya farhabun.
2,41,Wa ʼaminu bima ʼanzaltu muṣaddiqan lima maɛakum wa la takunu ʼawwala kafirin bihi wa la tactaru biʼayati ṯamanan qalilan wa ʼiyaya fa attaqun.
2,42,Wa la talbisu al-ḥaqqa bil-baṭili wa taktumu al-ḥaqqa wa ʼantum taɛlamun.
2,43,Wa ʼaqimu aṣ-ṣalata wa ʼatu az-zakata wa arkaɛu maɛa ar-rakiɛin.
2,44,ʼataʼmuruna an-nasa bil-birri wa tansawna ʼanfusakum wa ʼantum tatluna al-kitaba ʼafala taɛqilun.
2,45,Wa astaɛinu biṣ-ṣabri wa aṣ-ṣalati wa ʼinnaha lakabiratun ʼilla ɛala al-xaciɛin.
2,46,Al-laḏina yaḏ̣unnuna ʼannahum mulaqu rabbihim wa ʼannahum ʼilayhi rajiɛun.
2,47,Ya bani ʼisraʼila aḏkuru niɛmati allati ʼanɛamtu ɛalaykum wa ʼanni faḍḍaltukum ɛala al-ɛalamin.
2,48,Wa attaqu yawman la tajzi nafsun ɛan nafsin cayʼan wa la yuqbalu minha cafaɛatun wa la yuʼxaḏu minha ɛadlun wa la hum yunṣarun.
2,49,Wa ʼiḏ najjaynakum min ʼali firɛawna yasumunakum suʼa al-ɛaḏabi yuḏabbiḥuna ʼabnaʼakum wa yastaḥyuna nisaʼakum wa fi ḏalikum balaʼun min rabbikum ɛaḏ̣imun.
2,50,Wa ʼiḏ faraqna bikum al-baḥra faʼanjaynakum wa ʼaɣraqna ʼala firɛawna wa ʼantum tanḏ̣urun.
2,51,Wa ʼiḏ waɛadna musa ʼarbaɛina laylatan ṯumma attaxaḏtum al-ɛijla min baɛdihi wa ʼantum ḏ̣alimun.
2,52,Ṯumma ɛafawna ɛankum min baɛdi ḏalika laɛallakum tackurun.
2,53,Wa ʼiḏ ʼatayna musa al-kitaba wa al-furqana laɛallakum tahtadun.
2,54,Wa ʼiḏ qala musa liqawmihi ya qawmi ʼinnakum ḏ̣alamtum ʼanfusakum biattixaḏikum al-ɛijla fatubu ʼila bariʼikum faqtulu ʼanfusakum ḏalikum xayrun lakum ɛinda bariʼikum fataba ɛalaykum ʼinnahu huwa at-tawwabu ar-raḥim.
2,55,Wa ʼiḏ qultum ya musa lan nuʼmina laka ḥatta nara Allaha jahratan faʼaxaḏatkum aṣ-ṣaɛiqatu wa ʼantum tanḏ̣urun.
2,56,Ṯumma baɛaṯnakum min baɛdi mawtikum laɛallakum tackurun.
2,57,Wa ḏ̣allalna ɛalaykum al-ɣamama wa ʼanzalna ɛalaykum al-manna wa as-salwa kulu min ṭayyibati ma razaqnakum wa ma ḏ̣alamuna wa lakin kanu ʼanfusahum yaḏ̣limun.
2,58,Wa ʼiḏ qulna adxulu haḏihi al-qaryata fakulu minha ḥayṯu ciʼtum raɣadan wa adxulu al-baba sujjadan wa qulu ḥiṭṭatun naɣfir lakum xaṭayakum wa sanazidu al-muḥsinin.
2,59,Fabaddala al-laḏina ḏ̣alamu qawlan ɣayra al-laḏi qila lahum faʼanzalna ɛala al-laḏina ḏ̣alamu rijzan mina as-samaʼi bima kanu yafsuqun.
2,60,Wa ʼiḏ astasqa musa liqawmihi faqulna aḍrib biɛaṣaka al-ḥajara fanfajarat minhu aṯnata ɛacrata ɛaynan qad ɛalima kullu ʼunasin macrabahum kulu wa acrabu min rizqi Allahi wa la taɛṯaw fi al-ʼarḍi mufsidin.
2,61,Wa ʼiḏ qultum ya musa lan naṣbira ɛala ṭaɛamin waḥidin fadɛu lana rabbaka yuxrij lana mimma tunbitu al-ʼarḍu min baqliha wa qiṯṯaʼiha wa fumiha wa ɛadasiha wa baṣaliha qala ʼatastabdiluna al-laḏi huwa ʼadna bial-laḏi huwa xayrun ahbiṭu miṣran faʼinna lakum ma saʼaltum wa ḍuribat ɛalayhim aḏ-ḏillatu wa al-maskanatu wa baʼu biɣaḍabin mina Allahi ḏalika biʼannahum kanu yakfuruna biʼayati Allahi wa yaqtuluna an-nabiyina biɣayri al-ḥaqqi ḏalika bima ɛaṣaw wa kanu yaɛtadun.
2,62,ʼinna al-laḏina ʼamanu wa al-laḏina hadu wa an-naṣara wa aṣ-ṣabiʼina man ʼamana Billahi wa al-yawmi al-ʼaxiri wa ɛamila ṣaliḥan falahum ʼajruhum ɛinda rabbihim wa la xawfun ɛalayhim wa la hum yaḥzanun.
2,63,Wa ʼiḏ ʼaxaḏna miṯaqakum wa rafaɛna fawqakum aṭ-ṭura xuḏu ma ʼataynakum biquwatin wa aḏkuru ma fihi laɛallakum tattaqun.
2,64,Ṯumma tawallaytum min baɛdi ḏalika falawla faḍlu Allahi ɛalaykum wa raḥmatuhu lakuntum mina al-xasirin.
2,65,Wa laqad ɛalimtum al-laḏina aɛtadaw minkum fi as-sabti faqulna lahum kunu qiradatan xasiʼin.
2,66,Fajaɛalnaha nakalan lima bayna yadayha wa ma xalfaha wa mawɛiḏ̣atan lilmuttaqin.
2,67,Wa ʼiḏ qala musa liqawmihi ʼinna Allaha yaʼmurukum ʼan taḏbaḥu baqaratan qalu ʼatattaxiḏuna huzuan qala ʼaɛuḏu Billahi ʼan ʼakuna mina al-jahilin.
2,68,Qalu adɛu lana rabbaka yubayyin lana ma hiya qala ʼinnahu yaqulu ʼinnaha baqaratun la fariḍun wa la bikrun ɛawanun bayna ḏalika fafɛalu ma tuʼmarun.
2,69,Qalu adɛu lana rabbaka yubayyin lana ma lawnuha qala ʼinnahu yaqulu ʼinnaha baqaratun ṣafraʼu faqiɛun lawnuha tasurru an-naḏ̣irin.
2,70,Qalu adɛu lana rabbaka yubayyin lana ma hiya ʼinna al-baqara tacabaha ɛalayna wa ʼinna ʼin caʼa Allahu lamuhtadun.
2,71,Qala ʼinnahu yaqulu ʼinnaha baqaratun la ḏalulun tuṯiru al-ʼarḍa wa la tasqi al-ḥarṯa musallamatun la ciyata fiha qalu al-ʼana jiʼta bil-ḥaqqi faḏabaḥuha wa ma kadu yafɛalun.
2,72,Wa ʼiḏ qataltum nafsan fa addaraʼtum fiha wa Allahu muxrijun ma kuntum taktumun.
2,73,Faqulna aḍribuhu bibaɛḍiha kaḏalika yuḥyi Allahu al-mawta wa yurikum ʼayatihi laɛallakum taɛqilun.
2,74,Ṯumma qasat qulubukum min baɛdi ḏalika fahiya kalḥijarati ʼaw ʼacaddu qaswatan wa ʼinna mina al-ḥijarati lama yatafajjaru minhu al-ʼanharu wa ʼinna minha lama yaccaqqaqu fayaxruju minhu al-maʼu wa ʼinna minha lama yahbiṭu min xacyati Allahi wa ma Allahu biɣafilin ɛamma taɛmalun.
2,75,ʼafataṭmaɛuna ʼan yuʼminu lakum wa qad kana fariqun minhum yasmaɛuna kalama Allahi ṯumma yuḥarrifunahu min baɛdi ma ɛaqaluhu wa hum yaɛlamun.
2,76,Wa ʼiḏa laqu al-laḏina ʼamanu qalu ʼamanna wa ʼiḏa xala baɛḍuhum ʼila baɛḍin qalu ʼatuḥaddiṯunahum bima fataḥa Allahu ɛalaykum liyuḥajjukum bihi ɛinda rabbikum ʼafala taɛqilun.
2,77,ʼawala yaɛlamuna ʼanna Allaha yaɛlamu ma yusirruna wa ma yuɛlinun.
2,78,Wa minhum ʼummiyuna la yaɛlamuna al-kitaba ʼilla ʼamaniya wa ʼin hum ʼilla yaḏ̣unnun.
2,79,Fawaylun lillaḏina yaktubuna al-kitaba biʼaydihim ṯumma yaquluna haḏa min ɛindi Allahi liyactaru bihi ṯamanan qalilan fawaylun lahum mimma katabat ʼaydihim wa waylun lahum mimma yaksibun.
2,80,Wa qalu lan tamassana an-naru ʼilla ʼayyaman maɛdudatan qul ʼattaxaḏtum ɛinda Allahi ɛahdan falan yuxlifa Allahu ɛahdahu ʼam taquluna ɛala Allahi ma la taɛlamun.
2,81,Bala man kasaba sayyiʼatan wa ʼaḥaṭat bihi xaṭiʼatuhu faʼulaʼika ʼaṣḥabu an-nari hum fiha xalidun.
2,82,Wa al-laḏina ʼamanu wa ɛamilu aṣ-ṣaliḥati ʼulaʼika ʼaṣḥabu al-jannati hum fiha xalidun.
2,83,Wa ʼiḏ ʼaxaḏna miṯaqa bani ʼisraʼila la taɛbuduna ʼilla Allaha wa bil-walidayni ʼiḥsanan wa ḏi al-qurba wa al-yatama wa al-masakini wa qulu lilnnasi ḥusnan wa ʼaqimu aṣ-ṣalata wa ʼatu az-zakata ṯumma tawallaytum ʼilla qalilan minkum wa ʼantum muɛriḍun.
2,84,Wa ʼiḏ ʼaxaḏna miṯaqakum la tasfikuna dimaʼakum wa la tuxrijuna ʼanfusakum min diyarikum ṯumma ʼaqrartum wa ʼantum tac/hadun.
2,85,Ṯumma ʼantum haʼuulaʼ taqtuluna ʼanfusakum wa tuxrijuna fariqan minkum min diyarihim taḏ̣aharuna ɛalayhim bil-ʼiṯmi wa al-ɛudwani wa ʼin yaʼtukum ʼusara tufaduhum wa huwa muḥarramun ɛalaykum ʼixrajuhum ʼa fatuʼminuna bibaɛḍi al-kitabi wa takfuruna bibaɛḍin fama jazaʼu man yafɛalu ḏalika minkum ʼilla xizyun fi al-ḥayati ad-dunya wa yawma al-qiyamati yuradduna ʼila ʼacaddi al-ɛaḏabi wa ma Allahu biɣafilin ɛamma taɛmalun.
2,86,ʼulaʼika al-laḏina actaraw al-ḥayata ad-dunya bil-ʼaxirati fala yuxaffafu ɛanhum al-ɛaḏabu wa la hum yunṣarun.
2,87,Wa laqad ʼatayna musa al-kitaba wa qaffayna min baɛdihi bir-rusuli wa ʼatayna ɛisa abna maryama al-bayyinati wa ʼayyadnahu biruḥi al-qudusi ʼa fakullama jaʼakum rasulun bima la tahwa ʼanfusukum astakbartum fafariqan kaḏḏabtum wa fariqan taqtulun.
2,88,Wa qalu qulubuna ɣulfun bal laɛanahum Allahu bikufrihim faqalilan ma yuʼminun.
2,89,Wa lamma jaʼahum kitabun min ɛindi Allahi muṣaddiqun lima maɛahum wa kanu min qablu yastaftiḥuna ɛala al-laḏina kafaru falamma jaʼahum ma ɛarafu kafaru bihi falaɛnatu Allahi ɛala al-kafirin.
2,90,Biʼsa ma actaraw bihi ʼanfusahum ʼan yakfuru bima ʼanzala Allahu baɣyan ʼan yunazzila Allahu min faḍlih ɛala man yacaʼu min ɛibadihi fabaʼu biɣaḍabin ɛala ɣaḍabin wa lilkafirina ɛaḏabun muhinun.
2,91,Wa ʼiḏa qila lahum ʼaminu bima ʼanzala Allahu qalu nuʼminu bima ʼunzila ɛalayna wa yakfuruna bima waraʼahu wa huwa al-ḥaqqu muṣaddiqan lima maɛahum qul falima taqtuluna ʼanbiyaʼa Allahi min qablu ʼin kuntum muʼminin.
2,92,Wa laqad jaʼakum musa bil-bayyinati ṯumma attaxaḏtum al-ɛijla min baɛdihi wa ʼantum ḏ̣alimun.
2,93,Wa ʼiḏ ʼaxaḏna miṯaqakum wa rafaɛna fawqakum aṭ-ṭura xuḏu ma ʼataynakum biquwatin wa asmaɛu qalu samiɛna wa ɛaṣayna wa ʼucribu fi qulubihim al-ɛijla bikufrihim qul biʼsama yaʼmurukum bihi ʼimanukum ʼin kuntum muʼminin.
2,94,Qul ʼin kanat lakum ad-daru al-ʼaxiratu ɛinda Allahi xaliṣatan min duni an-nasi fatamannaw al-mawta ʼin kuntum ṣadiqin.
2,95,Wa lan yatamannawhu ʼabadan bima qaddamat ʼaydihim wa Allahu ɛalimun biḏ̣-ḏ̣alimin.
2,96,Wa latajidannahum ʼaḥraṣa an-nasi ɛala ḥayatin wa mina al-laḏina ʼacraku yawaddu ʼaḥaduhum law yuɛammaru ʼalfa sanatin wa ma huwa bimuzaḥziḥihi mina al-ɛaḏabi ʼan yuɛammara wa Allahu baṣirun bima yaɛmalun.
2,97,Qul man kana ɛaduwan lijibrila faʼinnahu nazzalahu ɛala qalbika biʼiḏni Allahi muṣaddiqan lima bayna yadayhi wa hudan wa bucra lilmuʼminin.
2,98,Man kana ɛaduwan Lillahi wa malaʼikatihi wa rusulihi wa jibrila wa mikala faʼinna Allaha ɛaduwun lilkafirin.
2,99,Wa laqad ʼanzalna ʼilayka ʼayatin bayyinatin wa ma yakfuru biha ʼilla al-fasiqun.
2,100,ʼawa kullama ɛahadu ɛahdan nabaḏahu fariqun minhum bal ʼakṯaruhum la yuʼminun.
2,101,Wa lamma jaʼahum rasulun min ɛindi Allahi muṣaddiqun lima maɛahum nabaḏa fariqun mina al-laḏina ʼutu al-kitaba kitaba Allahi waraʼa ḏ̣uhurihim kaʼannahum la yaɛlamun.
2,102,Wa attabaɛu ma tatlu ac-cayaṭinu ɛala mulki sulaymana wa ma kafara sulaymanu wa lakinna ac-cayaṭina kafaru yuɛallimuna an-nasa as-siḥra wa ma ʼunzila ɛala al-malakayni bibabila haruta wa maruta wa ma yuɛallimani min ʼaḥadin ḥatta yaqula ʼinnama naḥnu fitnatun fala takfur fayataɛallamuna minhuma ma yufarriquna bihi bayna al-marʼi wa zawjihi wa ma hum biḍarrina bihi min ʼaḥadin ʼilla biʼiḏni Allahi wa yataɛallamuna ma yaḍurruhum wa la yanfaɛuhum wa laqad ɛalimu laman actarahu ma lahu fi al-ʼaxirati min xalaqin wa labiʼsa ma caraw bihi ʼanfusahum law kanu yaɛlamun.
2,103,Wa law ʼannahum ʼamanu wa attaqaw lamaṯubatun min ɛindi Allahi xayrun law kanu yaɛlamun.
2,104,Ya ʼayyuha al-laḏina ʼamanu la taqulu raɛina wa qulu anḏ̣urna wa asmaɛu wa lilkafirina ɛaḏabun ʼalimun.
2,105,Ma yawaddu al-laḏina kafaru min ʼahli al-kitabi wa la al-mucrikina ʼan yunazzala ɛalaykum min xayrin min rabbikum wa Allahu yaxtaṣṣu biraḥmatihi man yacaʼu wa Allahu ḏu al-faḍli al-ɛaḏ̣im.
2,106,Ma nansax min ʼayatin ʼaw nunsiha naʼti bixayrin minha ʼaw miṯliha ʼalam taɛlam ʼanna Allaha ɛala kulli cayʼin qadirun.
2,107,ʼalam taɛlam ʼanna Allaha lahu mulku as-samawati wa al-ʼarḍi wa ma lakum min duni Allahi min wa liyin wa la naṣirin.
2,108,ʼam turiduna ʼan tasʼalu rasulakum kama suʼila musa min qablu wa man yatabaddal al-kufra bil-ʼimani faqad ḍalla sawaʼa as-sabil.
2,109,Wadda kaṯirun min ʼahli al-kitabi law yaruddunakum min baɛdi ʼimanikum kuffaran ḥasadan min ɛindi ʼanfusihim min baɛdi ma tabayyana lahum al-ḥaqqu faɛfu wa aṣfaḥu ḥatta yaʼtiya Allahu biʼamrihi ʼinna Allaha ɛala kulli cayʼin qadirun.
2,110,Wa ʼaqimu aṣ-ṣalata wa ʼatu az-zakata wa ma tuqaddimu liʼnfusikum min xayrin tajiduhu ɛinda Allahi ʼinna Allaha bima taɛmaluna baṣirun.
2,111,Wa qalu lan yadxula al-jannata ʼilla man kana hudan ʼaw naṣara tilka ʼamaniyuhum qul hatu burhanakum ʼin kuntum ṣadiqin.
2,112,Bala man ʼaslama wajhahu Lillahi wa huwa muḥsinun falahu ʼajruhu ɛinda rabbihi wa la xawfun ɛalayhim wa la hum yaḥzanun.
2,113,Wa qalat al-yahudu laysat an-naṣara ɛala cayʼin wa qalat an-naṣara laysat al-yahudu ɛala cayʼin wa hum yatluna al-kitaba kaḏalika qala al-laḏina la yaɛlamuna miṯla qawlihim fa-Allahu yaḥkumu baynahum yawma al-qiyamati fima kanu fihi yaxtalifun.
2,114,Wa man ʼaḏ̣lamu mimman manaɛa masajida Allahi ʼan yuḏkara fiha asmuhu wa saɛa fi xarabiha ʼulaʼika ma kana lahum ʼan yadxuluha ʼila xaʼifina lahum fi ad-dunya xizyun wa lahum fi al-ʼaxirati ɛaḏabun ɛaḏ̣imun.
2,115,Wa Lillahi al-macriqu wa al-maɣribu faʼaynama tuwallu faṯamma wajhu Allahi ʼinna Allaha wasiɛun ɛalimun.
2,116,Wa qalu attaxaḏa Allahu waladan subḥanahu bal lahu ma fi as-samawati wa al-ʼarḍi kullun lahu qanitun.
2,117,Badiɛu as-samawati wa al-ʼarḍi wa ʼiḏa qaḍa ʼamran faʼinnama yaqulu lahu kun fayakun.
2,118,Wa qala al-laḏina la yaɛlamuna lawla yukallimuna Allahu ʼaw taʼtina ʼayatun kaḏalika qala al-laḏina min qablihim miṯla qawlihim tacabahat qulubuhum qad bayyanna al-ʼayati liqawmin yuqinun.
2,119,ʼinna ʼarsalnaka bil-ḥaqqi baciran wa naḏiran wa la tusʼalu ɛan ʼaṣḥabi al-jaḥim.
2,120,Wa lan tarḍa ɛanka al-yahudu wa la an-naṣara ḥatta tattabiɛa millatahum qul ʼinna huda Allahi huwa al-huda wa laʼin attabaɛta ʼahwaʼahum baɛda al-laḏi jaʼaka mina al-ɛilmi ma laka mina Allahi min wa liyin wa la naṣirin.
2,121,Al-laḏina ʼataynahum al-kitaba yatlunahu ḥaqqa tilawatihi ʼulaʼika yuʼminuna bihi wa man yakfur bihi faʼulaʼika hum al-xasirun.
2,122,Ya bani ʼisraʼila aḏkuru niɛmati allati ʼanɛamtu ɛalaykum wa ʼanni faḍḍaltukum ɛala al-ɛalamin.
2,123,Wa attaqu yawman la tajzi nafsun ɛan nafsin cayʼan wa la yuqbalu minha ɛadlun wa la tanfaɛuha cafaɛatun wa la hum yunṣarun.
2,124,Wa ʼiḏ abtala ʼibrahima rabbuhu bikalimatin faʼatammahunna qala ʼinni jaɛiluka lilnnasi ʼimaman qala wa min ḏurriyati qala la yanalu ɛahdi aḏ̣-ḏ̣alimin.
2,125,Wa ʼiḏ jaɛalna al-bayta maṯabatan lilnnasi wa ʼamnan wa attaxiḏu min maqami ʼibrahima muṣallan wa ɛahidna ʼila ʼibrahima wa ʼismaɛila ʼan ṭahhira bayti lilṭṭaʼifina wa al-ɛakifina wa ar-rukkaɛi as-sujud.
2,126,Wa ʼiḏ qala ʼibrahimu rabbi ajɛal haḏa baladan ʼaminan wa arzuq ʼahlahu mina aṯ-ṯamarati man ʼamana minhum Billahi wa al-yawmi al-ʼaxiri qala wa man kafara faʼumattiɛuhu qalilan ṯumma ʼaḍṭarruhu ʼila ɛaḏabi an-nari wa biʼsa al-maṣir.
2,127,Wa ʼiḏ yarfaɛu ʼibrahimu al-qawaɛida mina al-bayti wa ʼismaɛilu rabbana taqabbal minna ʼinnaka ʼanta as-samiɛu al-ɛalim.
2,128,Rabbana wa ajɛalna muslimayni laka wa min ḏurriyatina ʼummatan muslimatan laka wa ʼarina manasikana wa tub ɛalayna ʼinnaka ʼanta at-tawwabu ar-raḥim.
2,129,Rabbana wa abɛaṯ fihim rasulan minhum yatlu ɛalayhim ʼayatika wa yuɛallimuhum al-kitaba wa al-ḥikmata wa yuzakkihim ʼinnaka ʼanta al-ɛazizu al-ḥakim.
2,130,Wa man yarɣabu ɛan millati ʼibrahima ʼilla man safiha nafsahu wa laqad aṣṭafaynahu fi ad-dunya wa ʼinnahu fi al-ʼaxirati lamina aṣ-ṣaliḥin.
2,131,ʼiḏ qala lahu rabbuhu ʼaslim qala ʼaslamtu lirabbi al-ɛalamin.
2,132,Wa waṣṣa biha ʼibrahimu banihi wa yaɛqubu ya baniya ʼinna Allaha aṣṭafa lakum ad-dina fala tamutunna ʼilla wa ʼantum muslimun.
2,133,ʼam kuntum cuhadaʼa ʼiḏ ḥaḍara yaɛquba al-mawtu ʼiḏ qala libanihi ma taɛbuduna min baɛdi qalu naɛbudu ʼilahaka wa ʼilaha ʼabaʼika ʼibrahima wa ʼismaɛila wa ʼisḥaqa ʼilahan waḥidan wa naḥnu lahu muslimun.
2,134,Tilka ʼummatun qad xalat laha ma kasabat wa lakum ma kasabtum wa la tusʼaluna ɛamma kanu yaɛmalun.
2,135,Wa qalu kunu hudan ʼaw naṣara tahtadu qul bal millata ʼibrahima ḥanifan wa ma kana mina al-mucrikin.
2,136,Qulu ʼamanna Billahi wa ma ʼunzila ʼilayna wa ma ʼunzila ʼila ʼibrahima wa ʼismaɛila wa ʼisḥaqa wa yaɛquba wa al-ʼasbaṭi wa ma ʼutiya musa wa ɛisa wa ma ʼutiya an-nabiyuna min rabbihim la nufarriqu bayna ʼaḥadin minhum wa naḥnu lahu muslimun.
2,137,Faʼin ʼamanu bimiṯli ma ʼamantum bihi faqad ahtadaw wa ʼin tawallaw faʼinnama hum fi ciqaqin fasayakfikahum Allahu wa huwa as-samiɛu al-ɛalim.
2,138,Ṣibɣata Allahi wa man ʼaḥsanu mina Allahi ṣibɣatan wa naḥnu lahu ɛabidun.
2,139,Qul ʼatuḥajjunana fi Allahi wa huwa rabbuna wa rabbukum wa lana ʼaɛmaluna wa lakum ʼaɛmalukum wa naḥnu lahu muxliṣun.
2,140,ʼam taquluna ʼinna ʼibrahima wa ʼismaɛila wa ʼisḥaqa wa yaɛquba wa al-ʼasbaṭa kanu hudan ʼaw naṣara qul ʼaʼantum ʼaɛlamu ʼam Allahu wa man ʼaḏ̣lamu mimman katama cahadatan ɛindahu mina Allahi wa ma Allahu biɣafilin ɛamma taɛmalun.
2,141,Tilka ʼummatun qad xalat laha ma kasabat wa lakum ma kasabtum wa la tusʼaluna ɛamma kanu yaɛmalun.
2,142,Sayaqulu as-sufahaʼu mina an-nasi ma wa llahum ɛan qiblatihim allati kanu ɛalayha qul Lillahi al-macriqu wa al-maɣribu yahdi man yacaʼu ʼila ṣiraṭin mustaqimin.
2,143,Wa kaḏalika jaɛalnakum ʼummatan wasaṭan litakunu cuhadaʼa ɛala an-nasi wa yakuna ar-rasulu ɛalaykum cahidan wa ma jaɛalna al-qiblata allati kunta ɛalayha ʼilla linaɛlama man yattabiɛu ar-rasula mimman yanqalibu ɛala ɛaqibayhi wa ʼin kanat lakabiratan ʼilla ɛala al-laḏina hada Allahu wa ma kana Allahu liyuḍiɛa ʼimanakum ʼinna Allaha bin-nasi laraʼufun raḥimun.
2,144,Qad nara taqalluba wajhika fi as-samaʼi falanuwalliyannaka qiblatan tarḍaha fawalli wajhaka caṭra al-masjidi al-ḥarami wa ḥayṯu ma kuntum fawallu wujuhakum caṭrahu wa ʼinna al-laḏina ʼutu al-kitaba layaɛlamuna ʼannahu al-ḥaqqu min rabbihim wa ma Allahu biɣafilin ɛamma yaɛmalun.
2,145,Wa laʼin ʼatayta al-laḏina ʼutu al-kitaba bikulli ʼayatin ma tabiɛu qiblataka wa ma ʼanta bitabiɛin qiblatahum wa ma baɛḍuhum bitabiɛin qiblata baɛḍin wa laʼin attabaɛta ʼahwaʼahum min baɛdi ma jaʼaka mina al-ɛilmi ʼinnaka ʼiḏan lamina aḏ̣-ḏ̣alimin.
2,146,Al-laḏina ʼataynahum al-kitaba yaɛrifunahu kama yaɛrifuna ʼabnaʼahum wa ʼinna fariqan minhum layaktumuna al-ḥaqqa wa hum yaɛlamun.
2,147,Al-ḥaqqu min rabbika fala takunanna mina al-mumtarin.
2,148,Wa likullin wijhatun huwa muwalliha fastabiqu al-xayrati ʼayna ma takunu yaʼti bikum Allahu jamiɛan ʼinna Allaha ɛala kulli cayʼin qadirun.
2,149,Wa min ḥayṯu xarajta fawalli wajhaka caṭra al-masjidi al-ḥarami wa ʼinnahu lalḥaqqu min rabbika wa ma Allahu biɣafilin ɛamma taɛmalun.
2,150,Wa min ḥayṯu xarajta fawalli wajhaka caṭra al-masjidi al-ḥarami wa ḥayṯu ma kuntum fawallu wujuhakum caṭrahu liʼalla yakuna lilnnasi ɛalaykum ḥujjatun ʼilla al-laḏina ḏ̣alamu minhum fala taxcawhum wa axcawni wa liʼatimma niɛmati ɛalaykum wa laɛallakum tahtadun.
2,151,Kama ʼarsalna fikum rasulan minkum yatlu ɛalaykum ʼayatina wa yuzakkikum wa yuɛallimukum al-kitaba wa al-ḥikmata wa yuɛallimukum ma lam takunu taɛlamun.
2,152,Faḏkuruni ʼaḏkurkum wa ackuru li wa la takfurun.
2,153,Ya ʼayyuha al-laḏina ʼamanu astaɛinu biṣ-ṣabri wa aṣ-ṣalati ʼinna Allaha maɛa aṣ-ṣabirin.
2,154,Wa la taqulu liman yuqtalu fi sabili Allahi ʼamwatun bal ʼaḥyaʼun wa lakin la tacɛurun.
2,155,Wa lanabluwannakum bicayʼin mina al-xawfi wa al-juɛi wa naqṣin mina al-ʼamwli wa al-ʼanfusi wa aṯ-ṯamarati wa baccir aṣ-ṣabirin.
2,156,Al-laḏina ʼiḏa ʼaṣabat/hum muṣibatun qalu ʼinna Lillahi wa ʼinna ʼilayhi rajiɛun.
2,157,ʼulaʼika ɛalayhim ṣalawatun min rabbihim wa raḥmatun wa ʼulaʼika hum al-muhtadun.
2,158,ʼinna aṣ-ṣafa wa al-marwata min caɛaʼiri Allahi faman ḥajja al-bayta ʼaw aɛtamara fala junaḥa ɛalayhi ʼan yaṭṭawwafa bihima wa man taṭawwaɛa xayran faʼinna Allaha cakirun ɛalimun.
2,159,ʼinna al-laḏina yaktumuna ma ʼanzalna mina al-bayyinati wa al-huda min baɛdi ma bayyannahu lilnnasi fi al-kitabi ʼulaʼika yalɛanuhum Allahu wa yalɛanuhum al-laɛinun.
2,160,ʼilla al-laḏina tabu wa ʼaṣlaḥu wa bayyanu faʼulaʼika ʼatubu ɛalayhim wa ʼana at-tawwabu ar-raḥim.
2,161,ʼinna al-laḏina kafaru wa matu wa hum kuffarun ʼulaʼika ɛalayhim laɛnatu Allahi wa al-malaʼikati wa an-nasi ʼajmaɛin.
2,162,Xalidina fiha la yuxaffafu ɛanhum al-ɛaḏabu wa la hum yunḏ̣arun.
2,163,Wa ʼilahukum ʼilahun waḥidun la ʼilaha ʼilla huwa ar-raḥmanu ar-raḥim.
2,164,ʼinna fi xalqi as-samawati wa al-ʼarḍi wa axtilafi al-layli wa an-nahari wa al-fulki allati tajri fi al-baḥri bima yanfaɛu an-nasa wa ma ʼanzala Allahu mina as-samaʼi min maʼin faʼaḥya bihi al-ʼarḍa baɛda mawtiha wa baṯṯa fiha min kulli dabbatin wa taṣrifi ar-riyaḥi wa as-saḥabi al-musaxxari bayna as-samaʼi wa al-ʼarḍi lʼayatin liqawmin yaɛqilun.
2,165,Wa mina an-nasi man yattaxiḏu min duni Allahi ʼandadan yuḥibbunahum kaḥubbi Allahi wa al-laḏina ʼamanu ʼacaddu ḥubban Lillahi wa law yara al-laḏina ḏ̣alamu ʼiḏ yarawna al-ɛaḏaba ʼanna al-quwata Lillahi jamiɛan wa ʼanna Allaha cadidu al-ɛaḏab.
2,166,ʼiḏ tabarraʼa al-laḏina attubiɛu mina al-laḏina attabaɛu wa raʼaw al-ɛaḏaba wa taqaṭṭaɛat bihim al-ʼasbab.
2,167,Wa qala al-laḏina attabaɛu law ʼanna lana karratan fanatabarraʼa minhum kama tabarraʼu minna kaḏalika yurihim Allahu ʼaɛmalahum ḥasaratin ɛalayhim wa ma hum bixarijina mina an-nar.
2,168,Ya ʼayyuha an-nasu kulu mimma fi al-ʼarḍi ḥalalan ṭayyiban wa la tattabiɛu xuṭuwati ac-cayṭani ʼinnahu lakum ɛaduwun mubin.
2,169,ʼinnama yaʼmurukum bis-suʼi wa al-faḥcaʼi wa ʼan taqulu ɛala Allahi ma la taɛlamun.
2,170,Wa ʼiḏa qila lahum attabiɛu ma ʼanzala Allahu qalu bal nattabiɛu ma ʼalfayna ɛalayhi ʼabaʼana ʼawalaw kana ʼabaʼuuhum la yaɛqiluna cayʼan wa la yahtadun.
2,171,Wa maṯalu al-laḏina kafaru kamaṯali al-laḏi yanɛiqu bima la yasmaɛu ʼilla duɛaʼan wa nidaʼan ṣummun bukmun ɛumyun fahum la yaɛqilun.
2,172,Ya ʼayyuha al-laḏina ʼamanu kulu min ṭayyibati ma razaqnakum wa ackuru Lillahi ʼin kuntum ʼiyahu taɛbudun.
2,173,ʼinnama ḥarrama ɛalaykum al-maytata wa ad-dama wa laḥma al-xinziri wa ma ʼuhilla bihi liɣayri Allahi faman aḍṭurra ɣayra baɣin wa la ɛadin fala ʼiṯma ɛalayhi ʼinna Allaha ɣafurun raḥimun.
2,174,ʼinna al-laḏina yaktumuna ma ʼanzala Allahu mina al-kitabi wa yactaruna bihi ṯamanan qalilan ʼulaʼika ma yaʼkuluna fi buṭunihim ʼilla an-nara wa la yukallimuhum Allahu yawma al-qiyamati wa la yuzakkihim wa lahum ɛaḏabun ʼalimun.
2,175,ʼulaʼika al-laḏina actaraw aḍ-ḍalalata bil-huda wa al-ɛaḏaba bil-maɣfirati fama ʼaṣbarahum ɛala an-nar.
2,176,Ḏalika biʼanna Allaha nazzala al-kitaba bil-ḥaqqi wa ʼinna al-laḏina axtalafu fi al-kitabi lafi ciqaqin baɛidin.
2,177,Laysa al-birra ʼan tuwallu wujuhakum qibala al-macriqi wa al-maɣribi wa lakinna al-birra man ʼamana Billahi wa al-yawmi al-ʼaxiri wa al-malaʼikati wa al-kitabi wa an-nabiyina wa ʼata al-mala ɛala ḥubbihi ḏawi al-qurba wa al-yatama wa al-masakina wa abna as-sabili wa as-saʼilina wa fi ar-riqabi wa ʼaqama aṣ-ṣalata wa ʼata az-zakata wa al-mufuna biɛahdihim ʼiḏa ɛahadu wa aṣ-ṣabirina fi al-baʼsaʼi wa aḍ-ḍarraʼi wa ḥina al-baʼsi ʼulaʼika al-laḏina ṣadaqu wa ʼulaʼika hum al-muttaqun.
2,178,Ya ʼayyuha al-laḏina ʼamanu kutiba ɛalaykum al-qiṣaṣu fi al-qatla al-ḥurru bil-ḥurri wa al-ɛabdu bil-ɛabdi wa al-ʼunṯa bil-ʼunṯa faman ɛufiya lahu min ʼaxihi cayʼun fa attibaɛun bil-maɛrufi wa ʼadaʼun ʼilayhi biʼiḥsanin ḏalika taxfifun min rabbikum wa raḥmatun faman aɛtada baɛda ḏalika falahu ɛaḏabun ʼalimun.
2,179,Wa lakum fi al-qiṣaṣi ḥayatun ya ʼuli al-ʼalbabi laɛallakum tattaqun.
2,180,Kutiba ɛalaykum ʼiḏa ḥaḍara ʼaḥadakum al-mawtu ʼin taraka xayran al-waṣiyatu lilwalidayni wa al-ʼaqrabina bil-maɛrufi ḥaqqan ɛala al-muttaqin.
2,181,Faman baddalahu baɛdama samiɛahu faʼinnama ʼiṯmuhu ɛala al-laḏina yubaddilunahu ʼinna Allaha samiɛun ɛalimun.
2,182,Faman xafa min muṣin janafan ʼaw ʼiṯman faʼaṣlaḥa baynahum fala ʼiṯma ɛalayhi ʼinna Allaha ɣafurun raḥimun.
2,183,Ya ʼayyuha al-laḏina ʼamanu kutiba ɛalaykum aṣ-ṣiyamu kama kutiba ɛala al-laḏina min qablikum laɛallakum tattaqun.
2,184,ʼayyaman maɛdudatin faman kana minkum mariḍan ʼaw ɛala safarin faɛiddatun min ʼayyamin ʼuxara wa ɛala al-laḏina yuṭiqunahu fidyatun ṭaɛamu miskinin faman taṭawwaɛa xayran fahuwa xayrun lahu wa ʼan taṣumu xayrun lakum ʼin kuntum taɛlamun.
2,185,Cahru ramaḍana al-laḏi ʼunzila fihi al-qurʼanu hudan lilnnasi wa bayyinatin mina al-huda wa al-furqani faman cahida minkum ac-cahra falyaṣumhu wa man kana mariḍan ʼaw ɛala safarin faɛiddatun min ʼayyamin ʼuxara yuridu Allahu bikum al-yusra wa la yuridu bikum al-ɛusra wa litukmilu al-ɛiddata wa litukabbiru Allaha ɛala ma hadakum wa laɛallakum tackurun.
2,186,Wa ʼiḏa saʼalaka ɛibadi ɛanni faʼinni qaribun ʼujibu daɛwata ad-daɛi ʼiḏa daɛani falyastajibu li wa liuʼminu bi laɛallahum yarcudun.
2,187,ʼuḥilla lakum laylata aṣ-ṣiyami ar-rafaṯu ʼila nisaʼikum hunna libasun lakum wa ʼantum libasun lahunna ɛalima Allahu ʼannakum kuntum taxtanuna ʼanfusakum fataba ɛalaykum wa ɛafa ɛankum falʼana baciruhunna wa abtaɣu ma kataba Allahu lakum wa kulu wa acrabu ḥatta yatabayyana lakum al-xayṭu al-ʼabyaḍu mina al-xayṭi al-ʼaswadi mina al-fajri ṯumma ʼatimmu aṣ-ṣiyama ʼila al-layli wa la tubaciruhunna wa ʼantum ɛakifuna fi al-masajidi tilka ḥududu Allahi fala taqrabuha kaḏalika yubayyinu Allahu ʼayatihi lilnnasi laɛallahum yattaqun.
2,188,Wa la taʼkulu ʼamwalakum baynakum bil-baṭili wa tudlu biha ʼila al-ḥukkami litaʼkulu fariqan min ʼamwali an-nasi bil-ʼiṯmi wa ʼantum taɛlamun.
2,189,Yasʼalunaka ɛan al-ʼahillati qul hiya mawaqitu lilnnasi wa al-ḥajji wa laysa al-birru biʼan taʼtu al-buyuta min ḏ̣uhuriha wa lakinna al-birra man attaqa wa ʼtu al-buyuta min ʼabwabiha wa attaqu Allaha laɛallakum tufliḥun.
2,190,Wa qatilu fi sabili Allahi al-laḏina yuqatilunakum wa la taɛtadu ʼinna Allaha la yuḥibbu al-muɛtadin.
2,191,Waqtuluhum ḥayṯu ṯaqiftumuhum wa ʼaxrijuhum min ḥayṯu ʼaxrajukum wa al-fitnatu ʼacaddu mina al-qatli wa la tuqatiluhum ɛinda al-masjidi al-ḥarami ḥatta yuqatilukum fihi faʼin qatalukum faqtuluhum kaḏalika jazaʼu al-kafirin.
2,192,Faʼin antahaw faʼinna Allaha ɣafurun raḥimun.
2,193,Wa qatiluhum ḥatta la takuna fitnatun wa yakuna ad-dinu Lillahi faʼin antahaw fala ɛudwana ʼilla ɛala aḏ̣-ḏ̣alimin.
2,194,Ac-cahru al-ḥaramu bic-cahri al-ḥarami wa al-ḥurumatu qiṣaṣun faman aɛtada ɛalaykum faɛtadu ɛalayhi bimiṯli ma aɛtada ɛalaykum wa attaqu Allaha wa aɛlamu ʼanna Allaha maɛa al-muttaqin.
2,195,Wa ʼanfiqu fi sabili Allahi wa la tulqu biʼaydikum ʼila at-tahlukati wa ʼaḥsinu ʼinna Allaha yuḥibbu al-muḥsinin.
2,196,Wa ʼatimmu al-ḥajja wa al-ɛumrata Lillahi faʼin ʼuḥṣirtum fama astaysara mina al-hadyi wa la taḥliqu ruʼsakum ḥatta yabluɣa al-hadyu maḥillahu faman kana minkum mariḍan ʼaw bihi ʼaḏan min raʼsihi fafidyatun min ṣiyamin ʼaw ṣadaqatin ʼaw nusukin faʼiḏa ʼamintum faman tamattaɛa bil-ɛumrati ʼila al-ḥajji fama astaysara mina al-hadyi faman lam yajid faṣiyamu ṯalaṯati ʼayyamin fi al-ḥajji wa sabɛatin ʼiḏa rajaɛtum tilka ɛacaratun kamilatun ḏalika liman lam yakun ʼahluhu ḥaḍiri al-masjidi al-ḥarami wa attaqu Allaha wa aɛlamu ʼanna Allaha cadidu al-ɛiqab.
2,197,Al-ḥajju ʼac/hurun maɛlumatun faman faraḍa fihinna al-ḥajja fala rafaṯa wa la fusuqa wa la jidala fi al-ḥajji wa ma tafɛalu min xayrin yaɛlamhu Allahu wa tazawwadu faʼinna xayra az-zadi at-taqwa wa attaquni ya ʼuli al-ʼalbab.
2,198,Laysa ɛalaykum junaḥun ʼan tabtaɣu faḍlan min rabbikum faʼiḏa ʼafaḍtum min ɛarafatin faḏkuru Allaha ɛinda al-macɛari al-ḥarami wa aḏkuruhu kama hadakum wa ʼin kuntum min qablihi lamina aḍ-ḍallin.
2,199,Ṯumma ʼafiḍu min ḥayṯu ʼafaḍa an-nasu wa astaɣfiru Allaha ʼinna Allaha ɣafurun raḥimun.
2,200,Faʼiḏa qaḍaytum manasikakum faḏkuru Allaha kaḏikrikum ʼabaʼakum ʼaw ʼacadda ḏikran famina an-nasi man yaqulu rabbana ʼatina fi ad-dunya wa ma lahu fi al-ʼaxirati min xalaqin.
2,201,Wa minhum man yaqulu rabbana ʼatina fi ad-dunya ḥasanatan wa fi al-ʼaxirati ḥasanatan wa qina ɛaḏaba an-nar.
2,202,ʼulaʼika lahum naṣibun mimma kasabu wa Allahu sariɛu al-ḥisab.
2,203,Wa aḏkuru Allaha fi ʼayyamin maɛdudatin faman taɛajjala fi yawmayni fala ʼiṯma ɛalayhi wa man taʼaxxara fala ʼiṯma ɛalayhi liman attaqa wa attaqu Allaha wa aɛlamu ʼannakum ʼilayhi tuḥcarun.
2,204,Wa mina an-nasi man yuɛjibuka qawluhu fi al-ḥayati ad-dunya wa yuc/hidu Allaha ɛala ma fi qalbihi wa huwa ʼaladdu al-xiṣam.
2,205,Wa ʼiḏa tawalla saɛa fi al-ʼarḍi liyufsida fiha wa yuhlika al-ḥarṯa wa an-nasla wa Allahu la yuḥibbu al-fasad.
2,206,Wa ʼiḏa qila lahu attaqi Allaha ʼaxaḏat/hu al-ɛizzatu bil-ʼiṯmi faḥasbuhu jahannamu wa labiʼsa al-mihad.
2,207,Wa mina an-nasi man yacri nafsahu abtiɣaʼa marḍati Allahi wa Allahu raʼufun bil-ɛibad.
2,208,Ya ʼayyuha al-laḏina ʼamanu adxulu fi as-silmi kaffatan wa la tattabiɛu xuṭuwati ac-cayṭani ʼinnahu lakum ɛaduwun mubinun.
2,209,Faʼin zalaltum min baɛdi ma jaʼatkum al-bayyinatu faɛlamu ʼanna Allaha ɛazizun ḥakimun.
2,210,Hal yanḏ̣uruna ʼilla ʼan yaʼtiyahum Allahu fi ḏ̣ulalin mina al-ɣamami wa al-malaʼikatu wa quḍiya al-ʼamru wa ʼila Allahi turjaɛu al-ʼumur.
2,211,Sal bani ʼisraʼila kam ʼataynahum min ʼayatin bayyinatin wa man yubaddil niɛmata Allahi min baɛdi ma jaʼat/hu faʼinna Allaha cadidu al-ɛiqab.
2,212,Zuyyina lillaḏina kafaru al-ḥayatu ad-dunya wa yasxaruna mina al-laḏina ʼamanu wa al-laḏina attaqaw fawqahum yawma al-qiyamati wa Allahu yarzuqu man yacaʼu biɣayri ḥisabin.
2,213,Kana an-nasu ʼummatan waḥidatan fabaɛaṯa Allahu an-nabiyina mubaccirina wa munḏirina wa ʼanzala maɛahum al-kitaba bil-ḥaqqi liyaḥkuma bayna an-nasi fima axtalafu fihi wa ma axtalafa fihi ʼilla al-laḏina ʼutuhu min baɛdi ma jaʼat/hum al-bayyinatu baɣyan baynahum fahada Allahu al-laḏina ʼamanu lima axtalafu fihi mina al-ḥaqqi biʼiḏnihi wa Allahu yahdi man yacaʼu ʼila ṣiraṭin mustaqimin.
2,214,ʼam ḥasibtum ʼan tadxulu al-jannata wa lamma yaʼtikum maṯalu al-laḏina xalaw min qablikum massat/hum al-baʼsaʼu wa aḍ-ḍarraʼu wa zulzilu ḥatta yaqula ar-rasulu wa al-laḏina ʼamanu maɛahu mata naṣru Allahi ʼala ʼinna naṣra Allahi qaribun.
2,215,Yasʼalunaka maḏa yunfiquna qul ma ʼanfaqtum min xayrin falilwalidayni wa al-ʼaqrabina wa al-yatama wa al-masakini wa abni as-sabili wa ma tafɛalu min xayrin faʼinna Allaha bihi ɛalimun.
2,216,Kutiba ɛalaykum al-qitalu wa huwa kurhun lakum wa ɛasa ʼan takrahu cayʼan wa huwa xayrun lakum wa ɛasa ʼan tuḥibbu cayʼan wa huwa carrun lakum wa Allahu yaɛlamu wa ʼantum la taɛlamun.
2,217,Yasʼalunaka ɛan ac-cahri al-ḥarami qitalin fihi qul qitalun fihi kabirun wa ṣaddun ɛan sabili Allahi wa kufrun bihi wa al-masjidi al-ḥarami wa ʼixraju ʼahlihi minhu ʼakbaru ɛinda Allahi wa al-fitnatu ʼakbaru mina al-qatli wa la yazaluna yuqatilunakum ḥatta yaruddukum ɛan dinikum ʼin astaṭaɛu wa man yartadid minkum ɛan dinihi fayamut wa huwa kafirun faʼulaʼika ḥabiṭat ʼaɛmaluhum fi ad-dunya wa al-ʼaxirati wa ʼulaʼika ʼaṣḥabu an-nari hum fiha xalidun.
2,218,ʼinna al-laḏina ʼamanu wa al-laḏina hajaru wa jahadu fi sabili Allahi ʼulaʼika yarjuna raḥmata Allahi wa Allahu ɣafurun raḥimun.
2,219,Yasʼalunaka ɛan al-xamri wa al-maysiri qul fihima ʼiṯmun kabirun wa manafiɛu lilnnasi wa ʼiṯmuhuma ʼakbaru min nafɛihima wa yasʼalunaka maḏa yunfiquna qul al-ɛafwa kaḏalika yubayyinu Allahu lakum al-ʼayati laɛallakum tatafakkarun.
2,220,Fi ad-dunya wa al-ʼaxirati wa yasʼalunaka ɛan al-yatama qul ʼiṣlaḥun lahum xayrun wa ʼin tuxaliṭuhum faʼixwanukum wa Allahu yaɛlamu al-mufsida mina al-muṣliḥi wa law caʼa Allahu laʼaɛnatakum ʼinna Allaha ɛazizun ḥakimun.
2,221,Wa la tankiḥu al-mucrikati ḥatta yuʼminna wa laʼamatun muʼminatun xayrun min mucrikatin wa law ʼaɛjabatkum wa la tunkiḥu al-mucrikina ḥatta yuʼminu wa laɛabdun muʼminun xayrun min mucrikin wa law ʼaɛjabakum ʼulaʼika yadɛuna ʼila an-nari wa Allahu yadɛu ʼila al-jannati wa al-maɣfirati biʼiḏnihi wa yubayyinu ʼayatihi lilnnasi laɛallahum yataḏakkarun.
2,222,Wa yasʼalunaka ɛan al-maḥiḍi qul huwa ʼaḏan faɛtazilu an-nisaʼ fi al-maḥiḍi wa la taqrabuhunna ḥatta yaṭhurna faʼiḏa taṭahharna faʼtuhunna min ḥayṯu ʼamarakum Allahu ʼinna Allaha yuḥibbu at-tawwabina wa yuḥibbu al-mutaṭahhirin.
2,223,Nisaʼuukum ḥarṯun lakum faʼtu ḥarṯakum ʼanna ciʼtum wa qaddimu liʼnfusikum wa attaqu Allaha wa aɛlamu ʼannakum mulaquhu wa baccir al-muʼminin.
2,224,Wa la tajɛalu Allaha ɛurḍatan liʼymanikum ʼan tabarru wa tattaqu wa tuṣliḥu bayna an-nasi wa Allahu samiɛun ɛalimun.
2,225,La yuʼaxiḏukum Allahu bil-laɣwi fi ʼaymanikum wa lakin yuʼaxiḏukum bima kasabat qulubukum wa Allahu ɣafurun ḥalimun.
2,226,Lillaḏina yuʼluna min nisaʼihim tarabbuṣu ʼarbaɛati ʼac/hurin faʼin faʼu faʼinna Allaha ɣafurun raḥimun.
2,227,Wa ʼin ɛazamu aṭ-ṭalaqa faʼinna Allaha samiɛun ɛalimun.
2,228,Wa al-muṭallaqatu yatarabbaṣna biʼanfusihinna ṯalaṯata quruʼin wa la yaḥillu lahunna ʼan yaktumna ma xalaqa Allahu fi ʼarḥamihinna ʼin kunna yuʼminna Billahi wa al-yawmi al-ʼaxiri wa buɛulatuhunna ʼaḥaqqu biraddihinna fi ḏalika ʼin ʼaradu ʼiṣlaḥan wa lahunna miṯlu al-laḏi ɛalayhinna bil-maɛrufi wa lilrrijali ɛalayhinna darajatun wa Allahu ɛazizun ḥakimun.
2,229,Aṭ-ṭalaqu marratani faʼimsakun bimaɛrufin ʼaw tasriḥun biʼiḥsanin wa la yaḥillu lakum ʼan taʼxuḏu mimma ʼataytumuhunna cayʼan ʼilla ʼan yaxafa ʼalla yuqima ḥududa Allahi faʼin xiftum ʼalla yuqima ḥududa Allahi fala junaḥa ɛalayhima fima aftadat bihi tilka ḥududu Allahi fala taɛtaduha wa man yataɛadda ḥududa Allahi faʼulaʼika hum aḏ̣-ḏ̣alimun.
2,230,Faʼin ṭallaqaha fala taḥillu lahu min baɛdu ḥatta tankiḥa zawjan ɣayrahu faʼin ṭallaqaha fala junaḥa ɛalayhima ʼan yatarajaɛa ʼin ḏ̣anna ʼan yuqima ḥududa Allahi wa tilka ḥududu Allahi yubayyinuha liqawmin yaɛlamun.
2,231,Wa ʼiḏa ṭallaqtum an-nisaʼ fabalaɣna ʼajalahunna faʼamsikuhunna bimaɛrufin ʼaw sarriḥuhunna bimaɛrufin wa la tumsikuhunna ḍiraran litaɛtadu wa man yafɛal ḏalika faqad ḏ̣alama nafsahu wa la tattaxiḏu ʼayati Allahi huzuan wa aḏkuru niɛmata Allahi ɛalaykum wa ma ʼanzala ɛalaykum mina al-kitabi wa al-ḥikmati yaɛiḏ̣ukum bihi wa attaqu Allaha wa aɛlamu ʼanna Allaha bikulli cayʼin ɛalimun.
2,232,Wa ʼiḏa ṭallaqtum an-nisaʼ fabalaɣna ʼajalahunna fala taɛḍuluhunna ʼan yankiḥna ʼazwajahunna ʼiḏa taraḍaw baynahum bil-maɛrufi ḏalika yuɛaḏ̣u bihi man kana minkum yuʼminu Billahi wa al-yawmi al-ʼaxiri ḏalikum ʼazka lakum wa ʼaṭharu wa Allahu yaɛlamu wa ʼantum la taɛlamun.
2,233,Wa al-walidatu yurḍiɛna ʼawladahunna ḥawlayni kamilayni liman ʼarada ʼan yutimma ar-raḍaɛata wa ɛala al-mawludi lahu rizquhunna wa kiswatuhunna bil-maɛrufi la tukallafu nafsun ʼilla wusɛaha la tuḍarra wa a-datun biwaladiha wa la mawludun lahu biwaladihi wa ɛala al-wariṯi miṯlu ḏalika faʼin ʼarada fiṣalan ɛan taraḍin minhuma wa tacawurin fala junaḥa ɛalayhima wa ʼin ʼaradtum ʼan tastarḍiɛu ʼawladakum fala junaḥa ɛalaykum ʼiḏa sallamtum ma ʼataytum bil-maɛrufi wa attaqu Allaha wa aɛlamu ʼanna Allaha bima taɛmaluna baṣirun.
2,234,Wa al-laḏina yutawaffawna minkum wa yaḏaruna ʼazwajan yatarabbaṣna biʼanfusihinna ʼarbaɛata ʼac/hurin wa ɛacran faʼiḏa balaɣna ʼajalahunna fala junaḥa ɛalaykum fima faɛalna fi ʼanfusihinna bil-maɛrufi wa Allahu bima taɛmaluna xabirun.
2,235,Wa la junaḥa ɛalaykum fima ɛarraḍtum bihi min xiṭbati an-nisaʼ ʼaw ʼaknantum fi ʼanfusikum ɛalima Allahu ʼannakum sataḏkurunahunna wa lakin la tuwaɛiduhunna sirran ʼilla ʼan taqulu qawlan maɛrufan wa la taɛzimu ɛuqdata an-nikaḥi ḥatta yabluɣa al-kitabu ʼajalahu wa aɛlamu ʼanna Allaha yaɛlamu ma fi ʼanfusikum faḥḏaruhu wa aɛlamu ʼanna Allaha ɣafurun ḥalimun.
2,236,La junaḥa ɛalaykum ʼin ṭallaqtum an-nisaʼ ma lam tamassuhunna ʼaw tafriḍu lahunna fariḍatan wa mattiɛuhunna ɛala al-musiɛi qadaruhu wa ɛala al-muqtiri qadaruhu mataɛan bil-maɛrufi ḥaqqan ɛala al-muḥsinin.
2,237,Wa ʼin ṭallaqtumuhunna min qabli ʼan tamassuhunna wa qad faraḍtum lahunna fariḍatan faniṣfu ma faraḍtum ʼilla ʼan yaɛfuna ʼaw yaɛfuwa al-laḏi biyadihi ɛuqdatu an-nikaḥi wa ʼan taɛfu ʼaqrabu lilttaqwa wa la tansaw al-faḍla baynakum ʼinna Allaha bima taɛmaluna baṣirun.
2,238,Ḥafiḏ̣u ɛala aṣ-ṣalawati wa aṣ-ṣalati al-wusṭa wa qumu Lillahi qanitin.
2,239,Faʼin xiftum farijalan ʼaw rukbanan faʼiḏa ʼamintum faḏkuru Allaha kama ɛallamakum ma lam takunu taɛlamun.
2,240,Wa al-laḏina yutawaffawna minkum wa yaḏaruna ʼazwajan waṣiyatan liʼzwajihim mataɛan ʼila al-ḥawli ɣayra ʼixrajin faʼin xarajna fala junaḥa ɛalaykum fi ma faɛalna fi ʼanfusihinna min maɛrufin wa Allahu ɛazizun ḥakimun.
2,241,Wa lilmuṭallaqati mataɛun bil-maɛrufi ḥaqqan ɛala al-muttaqin.
2,242,Kaḏalika yubayyinu Allahu lakum ʼayatihi laɛallakum taɛqilun.
2,243,ʼalam tara ʼila al-laḏina xaraju min diyarihim wa hum ʼulufun ḥaḏara al-mawti faqala lahum Allahu mutu ṯumma ʼaḥyahum ʼinna Allaha laḏu faḍlin ɛala an-nasi wa lakinna ʼakṯara an-nasi la yackurun.
2,244,Wa qatilu fi sabili Allahi wa aɛlamu ʼanna Allaha samiɛun ɛalimun.
2,245,Man ḏa al-laḏi yuqriḍu Allaha qarḍan ḥasanan fayuḍaɛifahu lahu ʼaḍɛafan kaṯiratan wa Allahu yaqbiḍu wa yabsuṭu wa ʼilayhi turjaɛun.
2,246,ʼalam tara ʼila al-malaʼi min bani ʼisraʼila min baɛdi musa ʼiḏ qalu linabiyin lahum abɛaṯ lana malikan nuqatil fi sabili Allahi qala hal ɛasaytum ʼin kutiba ɛalaykum al-qitalu ʼalla tuqatilu qalu wa ma lana ʼalla nuqatila fi sabili Allahi wa qad ʼuxrijna min diyarina wa ʼabnaʼina falamma kutiba ɛalayhim al-qitalu tawallaw ʼilla qalilan minhum wa Allahu ɛalimun biḏ̣-ḏ̣alimin.
2,247,Wa qala lahum nabiyuhum ʼinna Allaha qad baɛaṯa lakum ṭaluta malikan qalu ʼanna yakunu lahu al-mulku ɛalayna wa naḥnu ʼaḥaqqu bil-mulki minhu wa lam yuʼta saɛatan mina al-mali qala ʼinna Allaha aṣṭafahu ɛalaykum wa zadahu basṭatan fi al-ɛilmi wa al-jismi wa Allahu yuʼti mulkahu man yacaʼu wa Allahu wasiɛun ɛalimun.
2,248,Wa qala lahum nabiyuhum ʼinna ʼayata mulkihi ʼan yaʼtiyakum at-tabutu fihi sakinatun min rabbikum wa baqiyatun mimma taraka ʼalu musa wa ʼalu haruna taḥmiluhu al-malaʼikatu ʼinna fi ḏalika laʼayatan lakum ʼin kuntum muʼminin.
2,249,Falamma faṣala ṭalutu bil-junudi qala ʼinna Allaha mubtalikum binaharin faman cariba minhu falaysa minni wa man lam yaṭɛamhu faʼinnahu minni ʼilla man aɣtarafa ɣurfatan biyadihi facaribu minhu ʼilla qalilan minhum falamma jawazahu huwa wa al-laḏina ʼamanu maɛahu qalu la ṭaqata lana al-yawma bijaluta wa junudihi qala al-laḏina yaḏ̣unnuna ʼannahum mulaqu Allahi kam min fiʼatin qalilatin ɣalabat fiʼatan kaṯiratan biʼiḏni Allahi wa Allahu maɛa aṣ-ṣabirin.
2,250,Wa lamma barazu lijaluta wa junudihi qalu rabbana ʼafriɣ ɛalayna ṣabran wa ṯabbit ʼaqdamana wa anṣurna ɛala al-qawmi al-kafirin.
2,251,Fahazamuhum biʼiḏni Allahi wa qatala dawudu jaluta wa ʼatahu Allahu al-mulka wa al-ḥikmata wa ɛallamahu mimma yacaʼu wa lawla dafɛu Allahi an-nasa baɛḍahum bibaɛḍin lafasadat al-ʼarḍu wa lakinna Allaha ḏu faḍlin ɛala al-ɛalamin.
2,252,Tilka ʼayatu Allahi natluha ɛalayka bil-ḥaqqi wa ʼinnaka lamina al-mursalin.
2,253,Tilka ar-rusulu faḍḍalna baɛḍahum ɛala baɛḍin minhum man kallama Allahu wa rafaɛa baɛḍahum darajatin wa ʼatayna ɛisa abna maryama al-bayyinati wa ʼayyadnahu biruḥi al-qudusi wa law caʼa Allahu ma aqtatala al-laḏina min baɛdihim min baɛdi ma jaʼat/hum al-bayyinatu wa lakin axtalafu faminhum man ʼamana wa minhum man kafara wa law caʼa Allahu ma aqtatalu wa lakinna Allaha yafɛalu ma yurid.
2,254,Ya ʼayyuha al-laḏina ʼamanu ʼanfiqu mimma razaqnakum min qabli ʼan yaʼtiya yawmun la bayɛun fihi wa la xullatun wa la cafaɛatun wa al-kafiruna hum aḏ̣-ḏ̣alimun.
2,255,Allahu la ʼilaha ʼilla huwa al-ḥayyu al-qayyumu la taʼxuḏuhu sinatun wa la nawmun lahu ma fi as-samawati wa ma fi al-ʼarḍi man ḏa al-laḏi yacfaɛu ɛindahu ʼilla biʼiḏnihi yaɛlamu ma bayna ʼaydihim wa ma xalfahum wa la yuḥiṭuna bicayʼin min ɛilmihi ʼilla bima caʼa wasiɛa kursiyuhu as-samawati wa al-ʼarḍa wa la yaʼuduhu ḥifḏ̣uhuma wa huwa al-ɛaliyu al-ɛaḏ̣im.
2,256,La ʼikraha fi ad-dini qad tabayyana ar-rucdu mina al-ɣayyi faman yakfur biṭ-ṭaɣuti wa yuʼmin Billahi faqad astamsaka bil-ɛurwati al-wuṯqa la anfiṣama laha wa Allahu samiɛun ɛalimun.
2,257,Allahu wa liyu al-laḏina ʼamanu yuxrijuhum mina aḏ̣-ḏ̣ulumati ʼila an-nur wa al-laḏina kafaru ʼawliyaʼuuhum aṭ-ṭaɣutu yuxrijunahum mina an-nur ʼila aḏ̣-ḏ̣ulumati ʼulaʼika ʼaṣḥabu an-nari hum fiha xalidun.
2,258,ʼalam tara ʼila al-laḏi ḥajja ʼibrahima fi rabbihi ʼan ʼatahu Allahu al-mulka ʼiḏ qala ʼibrahimu rabbi al-laḏi yuḥyi wa yumitu qala ʼana ʼuḥyi wa ʼumitu qala ʼibrahimu faʼinna Allaha yaʼti bic-camsi mina al-macriqi faʼti biha mina al-maɣribi fabuhita al-laḏi kafara wa Allahu la yahdi al-qawma aḏ̣-ḏ̣alimin.
2,259,ʼaw kallaḏi marra ɛala qaryatin wa hiya xawiyatun ɛala ɛuruciha qala ʼanna yuḥyi haḏihi Allahu baɛda mawtiha faʼamatahu Allahu miaʼata ɛamin ṯumma baɛaṯahu qala kam labiṯta qala labiṯtu yawman ʼaw baɛḍa yawmin qala bal labiṯta miaʼata ɛamin fanḏ̣ur ʼila ṭaɛamika wa carabika lam yatasannah wa anḏ̣ur ʼila ḥimarika wa linajɛalaka ʼayatan lilnnasi wa anḏ̣ur ʼila al-ɛiḏ̣ami kayfa nuncizuha ṯumma naksuha laḥman falamma tabayyana lahu qala ʼaɛlamu ʼanna Allaha ɛala kulli cayʼin qadirun.
2,260,Wa ʼiḏ qala ʼibrahimu rabbi ʼarini kayfa tuḥyi al-mawta qala ʼawalam tuʼmin qala bala wa lakin liyaṭmaʼinna qalbi qala faxuḏ ʼarbaɛatan mina aṭ-ṭayri faṣurhunna ʼilayka ṯumma ajɛal ɛala kulli jabalin minhunna juzʼan ṯumma adɛuhunna yaʼtinaka saɛyan wa aɛlam ʼanna Allaha ɛazizun ḥakimun.
2,261,Maṯalu al-laḏina yunfiquna ʼamwalahum fi sabili Allahi kamaṯali ḥabbatin ʼanbatat sabɛa sanabila fi kulli sunbulatin miaʼatu ḥabbatin wa Allahu yuḍaɛifu liman yacaʼu wa Allahu wasiɛun ɛalimun.
2,262,Al-laḏina yunfiquna ʼamwalahum fi sabili Allahi ṯumma la yutbiɛuna ma ʼanfaqu mannan wa la ʼaḏan lahum ʼajruhum ɛinda rabbihim wa la xawfun ɛalayhim wa la hum yaḥzanun.
2,263,Qawlun maɛrufun wa maɣfiratun xayrun min ṣadaqatin yatbaɛuha ʼaḏan wa Allahu ɣaniyun ḥalimun.
2,264,Ya ʼayyuha al-laḏina ʼamanu la tubṭilu ṣadaqatikum bil-manni wa al-ʼaḏa kallaḏi yunfiqu malahu riʼaʼa an-nasi wa la yuʼminu Billahi wa al-yawmi al-ʼaxiri famaṯaluhu kamaṯali ṣafwanin ɛalayhi turabun faʼaṣabahu wa abilun fatarakahu ṣaldan la yaqdiruna ɛala cayʼin mimma kasabu wa Allahu la yahdi al-qawma al-kafirin.
2,265,Wa maṯalu al-laḏina yunfiquna ʼamwalahum abtiɣaʼa marḍati Allahi wa taṯbitan min ʼanfusihim kamaṯali jannatin birabwatin ʼaṣabaha wa abilun faʼatat ʼukulaha ḍiɛfayni faʼin lam yuṣibha wa abilun faṭallun wa Allahu bima taɛmaluna baṣirun.
2,266,ʼayawaddu ʼaḥadukum ʼan takuna lahu jannatun min naxilin wa ʼaɛnabin tajri min taḥtiha al-ʼanharu lahu fiha min kulli aṯ-ṯamarati wa ʼaṣabahu al-kibaru wa lahu ḏurriyatun ḍuɛafaʼu faʼaṣabaha ʼiɛṣarun fihi narun faḥtaraqat kaḏalika yubayyinu Allahu lakum al-ʼayati laɛallakum tatafakkarun.
2,267,Ya ʼayyuha al-laḏina ʼamanu ʼanfiqu min ṭayyibati ma kasabtum wa mimma ʼaxrajna lakum mina al-ʼarḍi wa la tayammamu al-xabiṯa minhu tunfiquna wa lastum biʼaxiḏihi ʼilla ʼan tuɣmiḍu fihi wa aɛlamu ʼanna Allaha ɣaniyun ḥamidun.
2,268,Ac-cayṭanu yaɛidukum al-faqra wa yaʼmurukum bil-faḥcaʼi wa Allahu yaɛidukum maɣfiratan minhu wa faḍlan wa Allahu wasiɛun ɛalimun.
2,269,Yuʼti al-ḥikmata man yacaʼu wa man yuʼta al-ḥikmata faqad ʼutiya xayran kaṯiran wa ma yaḏḏakkaru ʼilla ʼulu al-ʼalbab.
2,270,Wa ma ʼanfaqtum min nafaqatin ʼaw naḏartum min naḏrin faʼinna Allaha yaɛlamuhu wa ma lilḏ̣ḏ̣alimina min ʼanṣarin.
2,271,ʼin tubdu aṣ-ṣadaqati faniɛimma hiya wa ʼin tuxfuha wa tuʼtuha al-fuqaraʼa fahuwa xayrun lakum wa yukaffiru ɛankum min sayyiʼatikum wa Allahu bima taɛmaluna xabirun.
2,272,Laysa ɛalayka hudahum wa lakinna Allaha yahdi man yacaʼu wa ma tunfiqu min xayrin faliʼanfusikum wa ma tunfiquna ʼilla abtiɣaʼa wajhi Allahi wa ma tunfiqu min xayrin yuwaffa ʼilaykum wa ʼantum la tuḏ̣lamun.
2,273,Lilfuqaraʼi al-laḏina ʼuḥṣiru fi sabili Allahi la yastaṭiɛuna ḍarban fi al-ʼarḍi yaḥsabuhum al-jahilu ʼaɣniyaʼa mina at-taɛaffufi taɛrifuhum bisimahum la yasʼaluna an-nasa ʼilḥafan wa ma tunfiqu min xayrin faʼinna Allaha bihi ɛalimun.
2,274,Al-laḏina yunfiquna ʼamwalahum bil-layli wa an-nahari sirran wa ɛalaniyatan falahum ʼajruhum ɛinda rabbihim wa la xawfun ɛalayhim wa la hum yaḥzanun.
2,275,Al-laḏina yaʼkuluna ar-riba la yaqumuna ʼilla kama yaqumu al-laḏi yataxabbaṭuhu ac-cayṭanu mina al-massi ḏalika biʼannahum qalu ʼinnama al-bayɛu miṯlu ar-riba wa ʼaḥalla Allahu al-bayɛa wa ḥarrama ar-riba faman jaʼahu mawɛiḏ̣atun min rabbihi fantaha falahu ma salafa wa ʼamruhu ʼila Allahi wa man ɛada faʼulaʼika ʼaṣḥabu an-nari hum fiha xalidun.
2,276,Yamḥaqu Allahu ar-riba wa yurbi aṣ-ṣadaqati wa Allahu la yuḥibbu kulla kaffarin ʼaṯimin.
2,277,ʼinna al-laḏina ʼamanu wa ɛamilu aṣ-ṣaliḥati wa ʼaqamu aṣ-ṣalata wa ʼataw az-zakata lahum ʼajruhum ɛinda rabbihim wa la xawfun ɛalayhim wa la hum yaḥzanun.
2,278,Ya ʼayyuha al-laḏina ʼamanu attaqu Allaha wa ḏaru ma baqiya mina ar-riba ʼin kuntum muʼminin.
2,279,Faʼin lam tafɛalu faʼḏanu biḥarbin mina Allahi wa rasulihi wa ʼin tubtum falakum ruʼsu ʼamwalikum la taḏ̣limuna wa la tuḏ̣lamun.
2,280,Wa ʼin kana ḏu ɛusratin fanaḏ̣iratun ʼila maysaratin wa ʼan taṣaddaqu xayrun lakum ʼin kuntum taɛlamun.
2,281,Wa attaqu yawman turjaɛuna fihi ʼila Allahi ṯumma tuwaffa kullu nafsin ma kasabat wa hum la yuḏ̣lamun.
2,282,Ya ʼayyuha al-laḏina ʼamanu ʼiḏa tadayantum bidaynin ʼila ʼajalin musamman faktubuhu wa liaktub baynakum katibun bil-ɛadli wa la yaʼba katibun ʼan yaktuba kama ɛallamahu Allahu falyaktub wa liumlil al-laḏi ɛalayhi al-ḥaqqu wa liattaqi Allaha rabbahu wa la yabxas minhu cayʼan faʼin kana al-laḏi ɛalayhi al-ḥaqqu safihan ʼaw ḍaɛifan ʼaw la yastaṭiɛu ʼan yumilla huwa falyumlil waliyuhu bil-ɛadli wa astac/hidu cahidayni min rijalikum faʼin lam yakuna rajulayni farajulun wa amraʼatani mimman tarḍawna mina ac-cuhadaʼi ʼan taḍilla ʼiḥdahuma fatuḏakkira ʼiḥdahuma al-ʼuxra wa la yaʼba ac-cuhadaʼu ʼiḏa ma duɛu wa la tasʼamu ʼan taktubuhu ṣaɣiran ʼaw kabiran ʼila ʼajalihi ḏalikum ʼaqsaṭu ɛinda Allahi wa ʼaqwamu lilccahadati wa ʼadna ʼalla tartabu ʼilla ʼan takuna tijaratan ḥaḍiratan tudirunaha baynakum falaysa ɛalaykum junaḥun ʼalla taktubuha wa ʼac/hidu ʼiḏa tabayaɛtum wa la yuḍarra katibun wa la cahidun wa ʼin tafɛalu faʼinnahu fusuqun bikum wa attaqu Allaha wa yuɛallimukum Allahu wa Allahu bikulli cayʼin ɛalimun.
2,283,Wa ʼin kuntum ɛala safarin wa lam tjidu katiban farihanun maqbuḍatun faʼin ʼamina baɛḍukum baɛḍan falyuʼaddi al-laḏi aʼutumina ʼamanatahu wa liattaqi Allaha rabbahu wa la taktumu ac-cahadata wa man yaktumha faʼinnahu ʼaṯimun qalbuhu wa Allahu bima taɛmaluna ɛalimun.
2,284,Lillahi ma fi as-samawati wa ma fi al-ʼarḍi wa ʼin tubdu ma fi ʼanfusikum ʼaw tuxfuhu yuḥasibkum bihi Allahu fayaɣfiru liman yacaʼu wa yuɛaḏḏibu man yacaʼu wa Allahu ɛala kulli cayʼin qadirun.
2,285,ʼamana ar-rasulu bima ʼunzila ʼilayhi min rabbihi wa al-muʼminuna kullun ʼamana Billahi wa malaʼikatihi wa kutubihi wa rusulihi la nufarriqu bayna ʼaḥadin min rusulihi wa qalu samiɛna wa ʼaṭaɛna ɣufranaka rabbana wa ʼilayka al-maṣir.
2,286,La yukallifu Allahu nafsan ʼilla wusɛaha laha ma kasabat wa ɛalayha ma aktasabat rabbana la tuʼaxiḏna ʼin nasina ʼaw ʼaxṭaʼna rabbana wa la taḥmil ɛalayna ʼiṣran kama ḥamaltahu ɛala al-laḏina min qablina rabbana wa la tuḥammilna ma la ṭaqata lana bihi wa aɛfu ɛanna wa aɣfir lana wa arḥamna ʼanta mawlana fanṣurna ɛala al-qawmi al-kafirin.
3,1,ʼalif-lam-mim.
3,2,Allahu la ʼilaha ʼilla huwa al-ḥayyu al-qayyum.
3,3,Nazzala ɛalayka al-kitaba bil-ḥaqqi muṣaddiqan lima bayna yadayhi wa ʼanzala at-tawrata wa al-ʼinjil.
3,4,Min qablu hudan lilnnasi wa ʼanzala al-furqana ʼinna al-laḏina kafaru biʼayati Allahi lahum ɛaḏabun cadidun wa Allahu ɛazizun ḏu antiqamin.
3,5,ʼinna Allaha la yaxfa ɛalayhi cayʼun fi al-ʼarḍi wa la fi as-samaʼ.
3,6,Huwa al-laḏi yuṣawwirukum fi al-ʼarḥami kayfa yacaʼu la ʼilaha ʼilla huwa al-ɛazizu al-ḥakim.
3,7,Huwa al-laḏi ʼanzala ɛalayka al-kitaba minhu ʼayatun muḥkamatun hunna ʼummu al-kitabi wa ʼuxaru mutacabihatun faʼamma al-laḏina fi qulubihim zayɣun fayattabiɛuna ma tacabaha minhu abtiɣaʼa al-fitnati wa abtiɣaʼa taʼwilihi wa ma yaɛlamu taʼwilahu ʼilla Allahu wa ar-rasixuna fi al-ɛilmi yaquluna ʼamanna bihi kullun min ɛindi rabbina wa ma yaḏḏakkaru ʼilla ʼulu al-ʼalbab.
3,8,Rabbana la tuziɣ qulubana baɛda ʼiḏ hadaytana wa hab lana min ladunka raḥmatan ʼinnaka ʼanta al-wahhab.
3,9,Rabbana ʼinnaka jamiɛu an-nasi liyawmin la rayba fihi ʼinna Allaha la yuxlifu al-miɛad.
3,10,ʼinna al-laḏina kafaru lan tuɣniya ɛanhum ʼamwaluhum wa la ʼawladuhum mina Allahi cayʼan wa ʼulaʼika hum wa qudu an-nar.
3,11,Kadaʼbi ʼali firɛawna wa al-laḏina min qablihim kaḏḏabu biʼayatina faʼaxaḏahum Allahu biḏunubihim wa Allahu cadidu al-ɛiqab.
3,12,Qul lillaḏina kafaru satuɣlabuna wa tuḥcaruna ʼila jahannama wa biʼsa al-mihad.
3,13,Qad kana lakum ʼayatun fi fiʼatayni at-taqata fiʼatun tuqatilu fi sabili Allahi wa ʼuxra kafiratun yarawnahum miṯlayhim raʼya al-ɛayni wa Allahu yuʼayyidu binaṣrihi man yacaʼu ʼinna fi ḏalika laɛibratan liʼwli al-ʼabṣar.
3,14,Zuyyina lilnnasi ḥubbu ac-cahawati mina an-nisaʼ wa al-banina wa al-qanaṭiri al-muqanṭarati mina aḏ-ḏahabi wa al-fiḍḍati wa al-xayli al-musawwamati wa al-ʼanɛam wa al-ḥarṯi ḏalika mataɛu al-ḥayati ad-dunya wa Allahu ɛindahu ḥusnu al-maʼab.
3,15,Qul ʼaʼuunabbiʼukum bixayrin min ḏalikum lillaḏina attaqaw ɛinda rabbihim jannatun tajri min taḥtiha al-ʼanharu xalidina fiha wa ʼazwajun muṭahharatun wa riḍwanun mina Allahi wa Allahu baṣirun bil-ɛibad.
3,16,Al-laḏina yaquluna rabbana ʼinnana ʼamanna faɣfir lana ḏunubana wa qina ɛaḏaba an-nar.
3,17,Aṣ-ṣabirina wa aṣ-ṣadiqina wa al-qanitina wa al-munfiqina wa al-mustaɣfirina bil-ʼasḥar.
3,18,Cahida Allahu ʼannahu la ʼilaha ʼilla huwa wa al-malaʼikatu wa ʼulu al-ɛilmi qaʼiman bil-qisṭi la ʼilaha ʼilla huwa al-ɛazizu al-ḥakim.
3,19,ʼinna ad-dina ɛinda Allahi al-ʼislamu wa ma axtalafa al-laḏina ʼutu al-kitaba ʼilla min baɛdi ma jaʼahum al-ɛilmu baɣyan baynahum wa man yakfur biʼayati Allahi faʼinna Allaha sariɛu al-ḥisab.
3,20,Faʼin ḥajjuka faqul ʼaslamtu wajhi Lillahi wa man attabaɛani wa qul lillaḏina ʼutu al-kitaba wa al-ʼummiyina ʼaʼaslamtum faʼin ʼaslamu faqad ahtadaw wa ʼin tawallaw faʼinnama ɛalayka al-balaɣu wa Allahu baṣirun bil-ɛibad.
3,21,ʼinna al-laḏina yakfuruna biʼayati Allahi wa yaqtuluna an-nabiyina biɣayri ḥaqqin wa yaqtuluna al-laḏina yaʼmuruna bil-qisṭi mina an-nasi fabaccirhum biɛaḏabin ʼalimin.
3,22,ʼulaʼika al-laḏina ḥabiṭat ʼaɛmaluhum fi ad-dunya wa al-ʼaxirati wa ma lahum min naṣirin.
3,23,ʼalam tara ʼila al-laḏina ʼutu naṣiban mina al-kitabi yudɛawna ʼila kitabi Allahi liyaḥkuma baynahum ṯumma yatawalla fariqun minhum wa hum muɛriḍun.
3,24,Ḏalika biʼannahum qalu lan tamassana an-naru ʼilla ʼayyaman maɛdudatin wa ɣarrahum fi dinihim ma kanu yaftarun.
3,25,Fakayfa ʼiḏa jamaɛnahum liyawmin la rayba fihi wa wuffiyat kullu nafsin ma kasabat wa hum la yuḏ̣lamun.
3,26,Qul al-lahumma malika al-mulki tuʼti al-mulka man tacaʼu wa tanziɛu al-mulka mimman tacaʼu wa tuɛizzu man tacaʼu wa tuḏillu man tacaʼu biyadika al-xayru ʼinnaka ɛala kulli cayʼin qadirun.
3,27,Tuliju al-layla fi an-nahari wa tuliju an-nahara fi al-layli wa tuxriju al-ḥayya mina al-mayyiti wa tuxriju al-mayyita mina al-ḥayyi wa tarzuqu man tacaʼu biɣayri ḥisabin.
3,28,La yattaxiḏ al-muʼminuna al-kafirina ʼawliyaʼa min duni al-muʼminina wa man yafɛal ḏalika falaysa mina Allahi fi cayʼin ʼilla ʼan tattaqu minhum tuqatan wa yuḥaḏḏirukum Allahu nafsahu wa ʼila Allahi al-maṣir.
3,29,Qul ʼin tuxfu ma fi ṣudurikum ʼaw tubduhu yaɛlamhu Allahu wa yaɛlamu ma fi as-samawati wa ma fi al-ʼarḍi wa Allahu ɛala kulli cayʼin qadirun.
3,30,Yawma tajidu kullu nafsin ma ɛamilat min xayrin muḥḍaran wa ma ɛamilat min suʼin tawaddu law ʼanna baynaha wa baynahu ʼamadan baɛidan wa yuḥaḏḏirukum Allahu nafsahu wa Allahu raʼufun bil-ɛibad.
3,31,Qul ʼin kuntum tuḥibbuna Allaha fa attabiɛuni yuḥbibkum Allahu wa yaɣfir lakum ḏunubakum wa Allahu ɣafurun raḥimun.
3,32,Qul ʼaṭiɛu Allaha wa ar-rasula faʼin tawallaw faʼinna Allaha la yuḥibbu al-kafirin.
3,33,ʼinna Allaha aṣṭafa ʼadama wa nuḥan wa ʼala ʼibrahima wa ʼali ɛimran ɛala al-ɛalamin.
3,34,Ḏurriyatan baɛḍuha min baɛḍin wa Allahu samiɛun ɛalimun.
3,35,ʼiḏ qalat amraʼatu ɛimrana rabbi ʼinni naḏartu laka ma fi baṭni muḥarraran fataqabbal minni ʼinnaka ʼanta as-samiɛu al-ɛalim.
3,36,Falamma waḍaɛat/ha qalat rabbi ʼinni waḍaɛtuha ʼunṯa wa Allahu ʼaɛlamu bima waḍaɛat wa laysa aḏ-ḏakaru kalʼunṯa wa ʼinni sammaytuha maryama wa ʼinni ʼuɛiḏuha bika wa ḏurriyataha mina ac-cayṭani ar-rajim.
3,37,Fataqabbalaha rabbuha biqabulin ḥasanin wa ʼanbataha nabatan ḥasanan wa kaffalaha zakariya kullama daxala ɛalayha zakariya al-miḥraba wajada ɛindaha rizqan qala ya maryamu ʼanna laki haḏa qalat huwa min ɛindi Allahi ʼinna Allaha yarzuqu man yacaʼu biɣayri ḥisabin.
3,38,Hunalika daɛa zakariya rabbahu qala rabbi hab li min ladunka ḏurriyatan ṭayyibatan ʼinnaka samiɛu ad-duɛaʼ.
3,39,Fanadat/hu al-malaʼikatu wa huwa qaʼimun yuṣalli fi al-miḥrabi ʼanna Allaha yubacciruka biyaḥya muṣaddiqan bikalimatin mina Allahi wa sayyidan wa ḥaṣuran wa nabiyan mina aṣ-ṣaliḥin.
3,40,Qala rabbi ʼanna yakunu li ɣulamun wa qad balaɣani al-kibaru wa amraʼati ɛaqirun qala kaḏalika Allahu yafɛalu ma yacaʼ.
3,41,Qala rabbi ajɛal li ʼayatan qala ʼayatuka ʼalla tukallima an-nasa ṯalaṯata ʼayyamin ʼilla ramzan wa aḏkur rabbaka kaṯiran wa sabbiḥ bil-ɛaciyi wa al-ʼibkar.
3,42,Wa ʼiḏ qalat al-malaʼikatu ya maryamu ʼinna Allaha aṣṭafaki wa ṭahharaki wa aṣṭafaki ɛala nisaʼi al-ɛalamin.
3,43,Ya maryamu aqnuti lirabbiki wa asjudi wa arkaɛi maɛa ar-rakiɛin.
3,44,Ḏalika min ʼnbaʼi al-ɣaybi nuḥihi ʼilayka wa ma kunta ladayhim ʼiḏ yulquna ʼaqlamahum ʼayyuhum yakfulu maryama wa ma kunta ladayhim ʼiḏ yaxtaṣimun.
3,45,ʼiḏ qalat al-malaʼikatu ya maryamu ʼinna Allaha yubacciruki bikalimatin minhu asmuhu al-masiḥu ɛisa abnu maryama wajihan fi ad-dunya wa al-ʼaxirati wa mina al-muqarrabin.
3,46,Wa yukallimu an-nasa fi al-mahdi wa kahlan wa mina aṣ-ṣaliḥin.
3,47,Qalat rabbi ʼanna yakunu li waladun wa lam yamsasni bacarun qala kaḏaliki Allahu yaxluqu ma yacaʼu ʼiḏa qaḍa ʼamran faʼinnama yaqulu lahu kun fayakun.
3,48,Wa yuɛallimuhu al-kitaba wa al-ḥikmata wa at-tawrata wa al-ʼinjil.
3,49,Wa rasulan ʼila bani ʼisraʼila ʼanni qad jiʼtukum biʼayatin min rabbikum ʼanni ʼaxluqu lakum mina aṭ-ṭini kahayʼati aṭ-ṭayri faʼanfuxu fihi fayakunu ṭayran biʼiḏni Allahi wa ʼubriʼu al-ʼakmaha wa al-ʼabraṣa wa ʼuḥyi al-mawta biʼiḏni Allahi wa ʼunabbiʼukum bima taʼkuluna wa ma taddaxiruna fi buyutikum ʼinna fi ḏalika laʼayatan lakum ʼin kuntum muʼminyn.
3,50,Wa muṣaddiqan lima bayna yadayya mina at-tawrati wa liʼaḥilla lakum baɛḍa al-laḏi ḥurrima ɛalaykum wa jiʼtukum biʼayatin min rabbikum fa attaqu Allaha wa ʼaṭiɛun.
3,51,ʼinna Allaha rabbi wa rabbukum faɛbuduhu haḏa ṣiraṭun mustaqimun.
3,52,Falamma ʼaḥassa ɛisa minhum al-kufra qala man ʼanṣari ʼila Allahi qala al-ḥawariyuna naḥnu ʼanṣaru Allahi ʼamanna Billahi wa ac/had biʼanna muslimun.
3,53,Rabbana ʼamanna bima ʼanzalta wa attabaɛna ar-rasula faktubna maɛa ac-cahidin.
3,54,Wa makaru wa makara Allahu wa Allahu xayru al-makirin.
3,55,ʼiḏ qala Allahu ya ɛisa ʼinni mutawaffika wa rafiɛuka ʼilayya wa muṭahhiruka mina al-laḏina kafaru wa jaɛilu al-laḏina attabaɛuka fawqa al-laḏina kafaru ʼila yawmi al-qiya mati ṯumma ʼilayya marjiɛukum faʼaḥkumu baynakum fima kuntum fihi taxtalifun.
3,56,Faʼamma al-laḏina kafaru faʼuɛaḏḏibuhum ɛaḏaban cadidan fi ad-dunya wa al-ʼaxirati wa ma lahum min naṣirin.
3,57,Wa ʼamma al-laḏina ʼamanu wa ɛamilu aṣ-ṣaliḥati fayuwaffihim ʼujurahum wa Allahu la yuḥibbu aḏ̣-ḏ̣alimin.
3,58,Ḏalika natluhu ɛalyka mina al-ʼayati wa aḏ-ḏikri al-ḥakim.
3,59,ʼinna maṯala ɛisa ɛinda Allahi kamaṯali ʼadama xalaqahu min turabin ṯumma qala lahu kun fayakun.
3,60,Al-ḥaqqu min rabbika fala takun mina al-mumtarin.
3,61,Faman ḥajjaka fihi min baɛdi ma jaʼaka mina al-ɛilmi faqul taɛalaw nadɛu ʼabnaʼana wa ʼabnaʼakum wa nisaʼana wa nisaʼakum wa ʼanfusana wa ʼanfusakum ṯumma nabtahil fanajɛal laɛnata Allahi ɛala al-kaḏibin.
3,62,ʼinna haḏa lahuwa al-qaṣaṣu al-ḥaqqu wa ma min ʼilahin ʼilla Allahu wa ʼinna Allaha lahuwa al-ɛazizu al-ḥakim.
3,63,Faʼin tawallaw faʼinna Allaha ɛalimun bil-mufsidin.
3,64,Qul ya ʼahla al-kitabi taɛalaw ʼila kalimatin sawaʼin baynana wa baynakum ʼalla naɛbuda ʼilla Allaha wa la nucrika bihi cayʼan wa la yattaxiḏa baɛḍuna baɛḍan ʼarbaban min duni Allahi faʼin tawallaw faqulu ac/hadu biʼanna muslimun.
3,65,Ya ʼahla al-kitabi lima tuḥajjuna fi ʼibrahima wa ma ʼunzilat at-tawratu wa al-ʼinjilu ʼilla min baɛdihi ʼafala taɛqilun.
3,66,Haʼantum haʼuulaʼ ḥajajtum fima lakum bihi ɛilmun falima tuḥajjuna fima laysa lakum bihi ɛilmun wa Allahu yaɛlamu wa ʼantum la taɛlamun.
3,67,Ma kana ʼibrahimu yahudiyan wa la naṣraniyan wa lakin kana ḥanifan musliman wa ma kana mina al-mucrikin.
3,68,ʼinna ʼawla an-nasi biʼibrahima lallaḏina attabaɛuhu wa haḏa an-nabiyu wa al-laḏina ʼamanu wa Allahu wa liyu al-muʼminin.
3,69,Waddat ṭaʼifatun min ʼahli al-kitabi law yuḍillunakum wa ma yuḍilluna ʼilla ʼanfusahum wa ma yacɛurun.
3,70,Ya ʼahla al-kitabi lima takfuruna biʼayati Allahi wa ʼantum tac/hadun.
3,71,Ya ʼahla al-kitabi lima talbisuna al-ḥaqqa bil-baṭili wa taktumuna al-ḥaqqa wa ʼantum taɛlamun.
3,72,Wa qalat ṭaʼifatun min ʼahli al-kitabi ʼaminu bial-laḏi ʼunzila ɛala al-laḏina ʼamanu wajha an-nahari wa akfuru ʼaxirahu laɛallahum yarjiɛun.
3,73,Wa la tuʼminu ʼilla liman tabiɛa dinakum qul ʼinna al-huda huda Allahi ʼan yuʼta ʼaḥadun miṯla ma ʼutitum ʼaw yuḥajjukum ɛinda rabbikum qul ʼinna al-faḍla biyadi Allahi yuʼtihi man yacaʼu wa Allahu wasiɛun ɛalimun.
3,74,Yaxtaṣṣu biraḥmatihi man yacaʼu wa Allahu ḏu al-faḍli al-ɛaḏ̣im.
3,75,Wa min ʼahli al-kitabi man ʼin taʼmanhu biqinṭarin yuʼaddihi ʼilayka wa minhum man ʼin taʼmanhu bidinarin la yuʼaddihi ʼilayka ʼilla ma dumta ɛalayhi qaʼiman ḏalika biʼannahum qalu laysa ɛalayna fi al-ʼummiyina sabilun wa yaquluna ɛala Allahi al-kaḏiba wa hum yaɛlamun.
3,76,Bala man ʼawfa biɛahdihi wa attaqa faʼinna Allaha yuḥibbu al-muttaqin.
3,77,ʼinna al-laḏina yactaruna biɛahdi Allahi wa ʼaymanihim ṯamanan qalilan ʼulaʼika la xalaqa lahum fi al-ʼaxirati wa la yukallimuhum Allahu wa la yanḏ̣uru ʼilayhim yawma al-qiyamati wa la yuzakkihim wa lahum ɛaḏabun ʼalimun.
3,78,Wa ʼinna minhum lafariqan yalwuna ʼalsinatahum bil-kitabi litaḥsabuhu mina al-kitabi wa ma huwa mina al-kitabi wa yaquluna huwa min ɛindi Allahi wa ma huwa min ɛindi Allahi wa yaquluna ɛala Allahi al-kaḏiba wa hum yaɛlamun.
3,79,Ma kana libacarin ʼan yuʼtiyahu Allahu al-kitaba wa al-ḥukma wa an-nubuwata ṯumma yaqula lilnnasi kunu ɛibadan li min duni Allahi wa lakin kunu rabbaniyina bima kuntum tuɛallimuna al-kitaba wa bima kuntum tadrusun.
3,80,Wa la yaʼmurakum ʼan tattaxiḏu al-malaʼikata wa an-nabiyina ʼarbaban ʼayaʼmurukum bil-kufri baɛda ʼiḏ ʼantum muslimun.
3,81,Wa ʼiḏ ʼaxaḏa Allahu miṯaqa an-nabiyina lama ʼataytukum min kitabin wa ḥikmatin ṯumma jaʼakum rasulun muṣaddiqun lima maɛakum latuʼminunna bihi wa latanṣurunnahu qala ʼaʼaqrartum wa ʼaxaḏtum ɛala ḏalikum ʼiṣri qalu ʼaqrarna qala fac/hadu wa ʼana maɛakum mina ac-cahidin.
3,82,Faman tawalla baɛda ḏalika faʼulaʼika hum al-fasiqun.
3,83,ʼafaɣayra dini Allahi yabɣuna wa lahu ʼaslama man fi as-samawati wa al-ʼarḍi ṭawɛan wa karhan wa ʼilayhi yurjaɛun.
3,84,Qul ʼamanna Billahi wa ma ʼunzila ɛalayna wa ma ʼunzila ɛala ʼibrahima wa ʼismaɛila wa ʼisḥaqa wa yaɛquba wa al-ʼasbaṭi wa ma ʼutiya musa wa ɛisa wa an-nabiyuna min rabbihim la nufarriqu bayna ʼaḥadin minhum wa naḥnu lahu muslimun.
3,85,Wa man yabtaɣi ɣayra al-ʼislami dinan falan yuqbala minhu wa huwa fi al-ʼaxirati mina al-xasirin.
3,86,Kayfa yahdi Allahu qawman kafaru baɛda ʼimanihim wa cahidu ʼanna ar-rasula ḥaqqun wa jaʼahum al-bayyinatu wa Allahu la yahdi al-qawma aḏ̣-ḏ̣alimin.
3,87,ʼulaʼika jazaʼuuhum ʼanna ɛalayhim laɛnata Allahi wa al-malaʼikati wa an-nasi ʼajmaɛin.
3,88,Xalidina fiha la yuxaffafu ɛanhum al-ɛaḏabu wa la hum yunḏ̣arun.
3,89,ʼilla al-laḏina tabu min baɛdi ḏalika wa ʼaṣlaḥu faʼinna Allaha ɣafurun raḥimun.
3,90,ʼinna al-laḏina kafaru baɛda ʼimanihim ṯumma azdadu kufran lan tuqbala tawbatuhum wa ʼulaʼika hum aḍ-ḍallun.
3,91,ʼinna al-laḏina kafaru wa matu wa hum kuffarun falan yuqbala min ʼaḥadihim milʼu al-ʼarḍi ḏahaban wa law aftada bihi ʼulaʼika lahum ɛaḏabun ʼalimun wa ma lahum min naṣirin.
3,92,Lan tanalu al-birra ḥatta tunfiqu mimma tuḥibbuna wa ma tunfiqu min cayʼin faʼinna Allaha bihi ɛalimun.
3,93,Kullu aṭ-ṭaɛami kana ḥillan libani ʼisraʼila ʼilla ma ḥarrama ʼisraʼilu ɛala nafsihi min qabli ʼan tunazzala at-tawratu qul faʼtu bit-tawrati fatluha ʼin kuntum ṣadiqin.
3,94,Faman aftara ɛala Allahi al-kaḏiba min baɛdi ḏalika faʼulaʼika hum aḏ̣-ḏ̣alimun.
3,95,Qul ṣadaqa Allahu fa attabiɛu millata ʼibrahima ḥanifan wa ma kana mina al-mucrikin.
3,96,ʼinna ʼawwala baytin wuḍiɛa lilnnasi lallaḏi bibakkata mubarakan wa hudan lilɛalamin.
3,97,Fihi ʼayatun bayyinatun maqamu ʼibrahima wa man daxalahu kana ʼaminan wa Lillahi ɛala an-nasi ḥijju al-bayti man astaṭaɛa ʼilayhi sabilan wa man kafara faʼinna Allaha ɣaniyun ɛan al-ɛalamin.
3,98,Qul ya ʼahla al-kitabi lima takfuruna biʼayati Allahi wa Allahu cahidun ɛala ma taɛmalun.
3,99,Qul ya ʼahla al-kitabi lima taṣudduna ɛan sabili Allahi man ʼamana tabɣunaha ɛiwajan wa ʼantum cuhadaʼu wa ma Allahu biɣafilin ɛamma taɛmalun.
3,100,Ya ʼayyuha al-laḏina ʼamanu ʼin tuṭiɛu fariqan mina al-laḏina ʼutu al-kitaba yaruddukum baɛda ʼimanikum kafirin.
3,101,Wa kayfa takfuruna wa ʼantum tutla ɛalaykum ʼayatu Allahi wa fikum rasuluhu wa man yaɛtaṣim Billahi faqad hudiya ʼila ṣiraṭin mustaqimin.
3,102,Ya ʼayyuha al-laḏina ʼamanu attaqu Allaha ḥaqqa tuqatihi wa la tamutunna ʼilla wa ʼantum muslimun.
3,103,Wa aɛtaṣimu biḥabli Allahi jamiɛan wa la tafarraqu wa aḏkuru niɛmata Allahi ɛalaykum ʼiḏ kuntum ʼaɛdaʼan faʼallafa bayna qulubikum faʼaṣbaḥtum biniɛmatihi ʼixwanan wa kuntum ɛala cafa ḥufratin mina an-nari faʼanqaḏakum minha kaḏalika yubayyinu Allahu lakum ʼayatihi laɛallakum tahtadun.
3,104,Wa ltakun minkum ʼummatun yadɛuna ʼila al-xayri wa yaʼmuruna bil-maɛrufi wa yanhawna ɛan al-munkari wa ʼulaʼika hum al-mufliḥun.
3,105,Wa la takunu kallaḏina tafarraqu wa axtalafu min baɛdi ma jaʼahum al-bayyinatu wa ʼulaʼika lahum ɛaḏabun ɛaḏ̣imun.
3,106,Yawma tabyaḍḍu wujuhun wa taswaddu wujuhun faʼamma al-laḏina aswaddat wujuhuhum ʼakafartum baɛda ʼimanikum faḏuqu al-ɛaḏaba bima kuntum takfurun.
3,107,Wa ʼamma al-laḏina abyaḍḍat wujuhuhum fafi raḥmati Allahi hum fiha xalidun.
3,108,Tilka ʼayatu Allahi natluha ɛalayka bil-ḥaqqi wa ma Allahu yuridu ḏ̣ulman lilɛalamin.
3,109,Wa Lillahi ma fi as-samawati wa ma fi al-ʼarḍi wa ʼila Allahi turjaɛu al-ʼumur.
3,110,Kuntum xayra ʼummatin ʼuxrijat lilnnasi taʼmuruna bil-maɛrufi wa tanhawna ɛan al-munkari wa tuʼminuna Billahi wa law ʼamana ʼahlu al-kitabi lakana xayran lahum minhum al-muʼminuna wa ʼakṯaruhum al-fasiqun.
3,111,Lan yaḍurrukum ʼilla ʼaḏan wa ʼin yuqatilukum yuwallukum al-ʼadbara ṯumma la yunṣarun.
3,112,Ḍuribat ɛalayhim aḏ-ḏillatu ʼayna ma ṯuqifu ʼilla biḥablin mina Allahi wa ḥablin mina an-nasi wa baʼu biɣaḍabin mina Allahi wa ḍuribat ɛalayhim al-maskanatu ḏalika biʼannahum kanu yakfuruna biʼayati Allahi wa yaqtuluna al-ʼanbiyaʼa biɣayri ḥaqqin ḏalika bima ɛaṣaw wa kanu yaɛtadun.
3,113,Laysu sawaʼan min ʼahli al-kitabi ʼummatun qaʼimatun yatluna ʼayati Allahi ʼanaʼa al-layli wa hum yasjudun.
3,114,yuʼminuna Billahi wa al-yawmi al-ʼaxiri wa yaʼmuruna bil-maɛrufi wa yanhawna ɛan al-munkari wa yusariɛuna fi al-xayrati wa ʼulaʼika mina aṣ-ṣaliḥin.
3,115,Wa ma yafɛalu min xayrin falan yukfaruhu wa Allahu ɛalimun bil-muttaqin.
3,116,ʼinna al-laḏina kafaru lan tuɣniya ɛanhum ʼamwaluhum wa la ʼawladuhum mina Allahi cayʼan wa ʼulaʼika ʼaṣḥabu an-nari hum fiha xalidun.
3,117,Maṯalu ma yunfiquna fi haḏihi al-ḥayati ad-dunya kamaṯali riḥin fiha ṣirrun ʼaṣabat ḥarṯa qawmin ḏ̣alamu ʼanfusahum faʼahlakat/hu wa ma ḏ̣alamahum Allahu wa lakin ʼanfusahum yaḏ̣limun.
3,118,Ya ʼayyuha al-laḏina ʼamanu la tattaxiḏu biṭanatan min dunikum la yaʼlunakum xabalan wa ddu ma ɛanittum qad badat al-baɣḍaʼu min ʼafwahihim wa ma tuxfi ṣuduruhum ʼakbaru qad bayyanna lakum al-ʼayati ʼin kuntum taɛqilun.
3,119,Haʼantum ʼulaʼi tuḥibbunahum wa la yuḥibbunakum wa tuʼminuna bil-kitabi kullihi wa ʼiḏa laqukum qalu ʼamanna wa ʼiḏa xalaw ɛaḍḍu ɛalaykum al-ʼanamila mina al-ɣayḏ̣i qul mutu biɣayḏ̣ikum ʼinna Allaha ɛalimun biḏati aṣ-ṣudur.
3,120,ʼin tamsaskum ḥasanatun tasuʼhum wa ʼin tuṣibkum sayyiʼatun yafraḥu biha wa ʼin taṣbiru wa tattaqu la yaḍurrukum kayduhum cayʼan ʼinna Allaha bima yaɛmaluna muḥiṭun.
3,121,Wa ʼiḏ ɣadawta min ʼahlika tubawwiʼu al-muʼminina maqaɛida lilqitali wa Allahu samiɛun ɛalimun.
3,122,ʼiḏ hammat ṭaʼifatani minkum ʼan tafcala wa Allahu waliyuhuma wa ɛala Allahi falyatawakkal al-muʼminun.
3,123,Wa laqad naṣarakum Allahu bibadrin wa ʼantum ʼaḏillatun fa attaqu Allaha laɛallakum tackurun.
3,124,ʼiḏ taqulu lilmuʼminina ʼalan yakfiyakum ʼan yumiddakum rabbukum biṯalaṯati ʼalafin mina al-malaʼikati munzalin.
3,125,Bala ʼin taṣbiru wa tattaqu wa yaʼtukum min fawrihim haḏa yumdidkum rabbukum bixamsati ʼalafin mina al-malaʼikati musawwimin.
3,126,Wa ma jaɛalahu Allahu ʼilla bucra lakum wa litaṭmaʼinna qulubukum bihi wa ma an-naṣru ʼilla min ɛindi Allahi al-ɛazizi al-ḥakim.
3,127,Liyaqṭaɛa ṭarafan mina al-laḏina kafaru ʼaw yakbitahum fayanqalibu xaʼibin.
3,128,Laysa laka mina al-ʼamri cayʼun ʼaw yatuba ɛalayhim ʼaw yuɛaḏḏibahum faʼinnahum ḏ̣alimun.
3,129,Wa Lillahi ma fi as-samawati wa ma fi al-ʼarḍi yaɣfiru liman yacaʼu wa yuɛaḏḏibu man yacaʼu wa Allahu ɣafurun raḥimun.
3,130,Ya ʼayyuha al-laḏina ʼamanu la taʼkulu ar-riba ʼaḍɛafan muḍaɛafatan wa attaqu Allaha laɛallakum tufliḥun.
3,131,Wa attaqu an-nara allati ʼuɛiddat lilkafirin.
3,132,Wa ʼaṭiɛu Allaha wa ar-rasula laɛallakum turḥamun.
3,133,Wa sariɛu ʼila maɣfiratin min rabbikum wa jannatin ɛarḍuha as-samawatu wa al-ʼarḍu ʼuɛiddat lilmuttaqin.
3,134,Al-laḏina yunfiquna fi as-sarraʼi wa aḍ-ḍarraʼi wa al-kaḏ̣imina al-ɣayḏ̣a wa al-ɛafina ɛan an-nasi wa Allahu yuḥibbu al-muḥsinin.
3,135,Wa al-laḏina ʼiḏa faɛalu faḥicatan ʼaw ḏ̣alamu ʼanfusahum ḏakaru Allaha fastaɣfaru liḏunubihim wa man yaɣfiru aḏ-ḏunuba ʼilla Allahu wa lam yuṣirru ɛala ma faɛalu wa hum yaɛlamun.
3,136,ʼulaʼika jazaʼuuhum maɣfiratun min rabbihim wa jannatun tajri min taḥtiha al-ʼanharu xalidina fiha wa niɛma ʼajru al-ɛamilin.
3,137,Qad xalat min qablikum sunanun fasiru fi al-ʼarḍi fanḏ̣urw kayfa kana ɛaqibatu al-mukaḏḏibin.
3,138,Haḏa bayanun lilnnasi wa hudan wa mawɛiḏ̣atun lilmuttaqin.
3,139,Wa la tahinu wa la taḥzanu wa ʼantum al-ʼaɛlawna ʼin kuntum muʼminin.
3,140,ʼin yamsaskum qarḥun faqad massa al-qawma qarḥun miṯluhu wa tilka al-ʼayyamu nudawiluha bayna an-nasi wa liyaɛlama Allahu al-laḏina ʼamanu wa yattaxiḏa minkum cuhadaʼa wa Allahu la yuḥibbu aḏ̣-ḏ̣alimin.
3,141,Wa liyumaḥḥiṣa Allahu al-laḏina ʼamanu wa yamḥaqa al-kafirin.
3,142,ʼam ḥasibtum ʼan tadxulu al-jannata wa lamma yaɛlam Allahu al-laḏina jahadu minkum wa yaɛlama aṣ-ṣabirin.
3,143,Wa laqad kuntum tatamannawn al-mawta min qabli ʼan talqawhu faqad raʼaytumuhu wa ʼantum tanḏ̣urun.
3,144,Wa ma muḥammadun ʼilla rasulun qad xalat min qablihi ar-rusulu ʼafaʼin mata ʼaw qutila anqalabtum ɛala ʼaɛqabikum wa man yanqalib ɛala ɛaqibayhi falan yaḍurra Allaha cayʼan wa sayajzi Allahu ac-cakirin.
3,145,Wa ma kana linafsin ʼan tamuta ʼilla biʼiḏni Allahi kitaban muʼajjalan wa man yurid ṯawaba ad-dunya nuʼtihi minha wa man yurid ṯawaba al-ʼaxirati nuʼtihi minha wa sanajzi ac-cakirin.
3,146,Wa kaʼayyin min nabiyin qatala maɛahu ribbiyuna kaṯirun fama wahanu lima ʼaṣabahum fi sabili Allahi wa ma ḍaɛufu wa ma astakanu wa Allahu yuḥibbu aṣ-ṣabirin.
3,147,Wa ma kana qawlahum ʼilla ʼan qalu rabbana aɣfir lana ḏunubana wa ʼisrafana fi ʼamrina wa ṯabbit ʼaqdamana wa anṣurna ɛala al-qawmi al-kafirin.
3,148,Faʼatahum Allahu ṯawaba ad-dunya wa ḥusna ṯawabi al-ʼaxirati wa Allahu yuḥibbu al-muḥsinin.
3,149,Ya ʼayyuha al-laḏina ʼamanu ʼin tuṭiɛu al-laḏina kafaru yaruddukum ɛala ʼaɛqabikum fatanqalibu xasirin.
3,150,Bal Allahu mawlakum wa huwa xayru an-naṣirin.
3,151,Sanulqi fi qulubi al-laḏina kafaru ar-ruɛba bima ʼacraku Billahi ma lam yunazzil bihi sulṭanan wa maʼwahum an-naru wa biʼsa maṯwa aḏ̣-ḏ̣alimin.
3,152,Wa laqad ṣadaqakum Allahu waɛdahu ʼiḏ taḥussunahum biʼiḏnihi ḥatta ʼiḏa faciltum wa tanazaɛtum fi al-ʼamri wa ɛaṣaytum min baɛdi ma ʼarakum ma tuḥibbuna minkum man yuridu ad-dunya wa minkum man yuridu al-ʼaxirata ṯumma ṣarafakum ɛanhum liyabtaliyakum wa laqad ɛafa ɛankum wa Allahu ḏu faḍlin ɛala al-muʼminin.
3,153,ʼiḏ tuṣɛiduna wa la talwuna ɛala ʼaḥadin wa ar-rasulu yadɛukum fi ʼuxrakum faʼaṯabakum ɣamman biɣammin likayla taḥzanu ɛala ma fatakum wa la ma ʼaṣabakum wa Allahu xabirun bima taɛmalun.
3,154,Ṯumma ʼanzala ɛalaykum min baɛdi al-ɣammi ʼamanatan nuɛasan yaɣca ṭaʼifatan minkum wa ṭaʼifatun qad ʼahammat/hum ʼanfusuhum yaḏ̣unnuna Billahi ɣayra al-ḥaqqi ḏ̣anna al-jahiliyati yaquluna hal lana mina al-ʼamri min cayʼin qul ʼinna al-ʼamra kullahu Lillahi yuxfuna fi ʼanfusihim ma la yubduna laka yaquluna law kana lana mina al-ʼamri cayʼun ma qutilna hahuna qul law kuntum fi buyutikum labaraza al-laḏina kutiba ɛalayhim al-qatlu ʼila maḍajiɛihim wa liyabtaliya Allahu ma fi ṣudurikum wa liyumaḥḥiṣa ma fi qulubikum wa Allahu ɛalimun biḏati aṣ-ṣudur.
3,155,ʼinna al-laḏina tawallaw minkum yawma at-taqa al-jamɛani ʼinnama astazallahum ac-cayṭanu bibaɛḍi ma kasabu wa laqad ɛafa Allahu ɛanhum ʼinna Allaha ɣafurun ḥalimun.
3,156,Ya ʼayyuha al-laḏina ʼamanu la takunu kallaḏina kafaru wa qalu liʼxwanihim ʼiḏa ḍarabu fi al-ʼarḍi ʼaw kanu ɣuzzan law kanu ɛindana ma matu wa ma qutilu liyajɛala Allahu ḏalika ḥasratan fi qulubihim wa Allahu yuḥyi wa yumitu wa Allahu bima taɛmaluna baṣirun.
3,157,Wa laʼin qutiltum fi sabili Allahi ʼaw muttum lamaɣfiratun mina Allahi wa raḥmatun xayrun mimma yajmaɛun.
3,158,Wa laʼin muttum ʼaw qutiltum laʼila Allahi tuḥcarun.
3,159,Fabima raḥmatin mina Allahi linta lahum wa law kunta faḏ̣ḏ̣an ɣaliḏ̣a al-qalbi lanfaḍḍu min ḥawlika faɛfu ɛanhum wa astaɣfir lahum wa cawirhum fi al-ʼamri faʼiḏa ɛazamta fatawakkal ɛala Allahi ʼinna Allaha yuḥibbu al-mutawakkilin.
3,160,ʼin yanṣurkum Allahu fala ɣaliba lakum wa ʼin yaxḏulkum faman ḏa al-laḏi yanṣurukum min baɛdihi wa ɛala Allahi falyatawakkal al-muʼminun.
3,161,Wa ma kana linabiyin ʼan yaɣulla wa man yaɣlul yaʼti bima ɣalla yawma al-qiyamati ṯumma tuwaffa kullu nafsin ma kasabat wa hum la yuḏ̣lamun.
3,162,ʼafaman attabaɛa riḍwana Allahi kaman baʼa bisaxaṭin mina Allahi wa maʼwahu jahannamu wa biʼsa al-maṣir.
3,163,Hum darajatun ɛinda Allahi wa Allahu baṣirun bima yaɛmalun.
3,164,Laqad manna Allahu ɛala al-muʼminina ʼiḏ baɛaṯa fihim rasulan min ʼanfusihim yatlu ɛalayhim ʼayatihi wa yuzakkihim wa yuɛallimuhum al-kitaba wa al-ḥikmata wa ʼin kanu min qablu lafi ḍalalin mubinin.
3,165,ʼawalamma ʼaṣabatkum muṣibatun qad ʼaṣabtum miṯlayha qultum ʼanna haḏa qul huwa min ɛindi ʼanfusikum ʼinna Allaha ɛala kulli cayʼin qadirun.
3,166,Wa ma ʼaṣabakum yawma at-taqa al-jamɛani fabiʼiḏni Allahi wa liyaɛlama al-muʼminin.
3,167,Wa liyaɛlama al-laḏina nafaqu wa qila lahum taɛalaw qatilu fi sabili Allahi ʼaw adfaɛu qalu law naɛlamu qitalan lattabaɛnakum hum lilkufri yawmaʼiḏin ʼaqrabu minhum lilʼimani yaquluna biʼafwhihim ma laysa fi qulubihim wa Allahu ʼaɛlamu bima yaktumun.
3,168,Al-laḏina qalu liʼxwanihim wa qaɛadu law ʼaṭaɛuna ma qutilu qul fadraʼu ɛan ʼanfusikum al-mawta ʼin kuntum ṣadiqin.
3,169,Wa la taḥsabanna al-laḏina qutilu fi sabili Allahi ʼamwatan bal ʼaḥyaʼun ɛinda rabbihim yurzaqun.
3,170,Fariḥina bima ʼatahum Allahu min faḍlihi wa yastabciruna bial-laḏina lam yalḥaqu bihim min xalfihim ʼalla xawfun ɛalayhim wa la hum yaḥzanun.
3,171,Yastabciruna biniɛmatin mina Allahi wa faḍlin wa ʼanna Allaha la yuḍiɛu ʼajra al-muʼminin.
3,172,Al-laḏina astajabu Lillahi wa ar-rasuli min baɛdi ma ʼaṣabahum al-qarḥu lillaḏina ʼaḥsanu minhum wa attaqaw ʼajrun ɛaḏ̣imun.
3,173,Al-laḏina qala lahum an-nasu ʼinna an-nasa qad jamaɛu lakum faxcawhum fazadahum ʼimanan wa qalu ḥasbuna Allahu wa niɛma al-wakil.
3,174,Fanqalabu biniɛmatin mina Allahi wa faḍlin lam yamsas/hum suʼn wa attabaɛu riḍwana Allahi wa Allahu ḏu faḍlin ɛaḏ̣imin.
3,175,ʼinnama ḏalikum ac-cayṭanu yuxawwifu ʼawliyaʼahu fala taxafuhum wa xafuni ʼin kuntum muʼminin.
3,176,Wa la yaḥzunka al-laḏina yusariɛuna fi al-kufri ʼinnahum lan yaḍurru Allaha cayʼan yuridu Allahu ʼalla yajɛala lahum ḥaḏ̣ḏ̣an fi al-ʼaxirati wa lahum ɛaḏabun ɛaḏ̣imun.
3,177,ʼinna al-laḏina actaraw al-kufra bil-ʼimani lan yaḍurru Allaha cayʼan wa lahum ɛaḏabun ʼalimun.
3,178,Wa la yaḥsabanna al-laḏina kafaru ʼannama numli lahum xayrun liʼnfusihim ʼinnama numli lahum liyazdadu ʼiṯman wa lahum ɛaḏabun muhinun.
3,179,Ma kana Allahu liyaḏara al-muʼminina ɛala ma ʼantum ɛalayhi ḥatta yamiza al-xabiṯa mina aṭ-ṭayyibi wa ma kana Allahu liyuṭliɛakum ɛala al-ɣaybi wa lakinna Allaha yajtabi min rusulihi man yacaʼu faʼaminu Billahi wa rusulihi wa ʼin tuʼminu wa tattaqu falakum ʼajrun ɛaḏ̣imun.
3,180,Wa la yaḥsabanna al-laḏina yabxaluna bima ʼatahum Allahu min faḍlihi huwa xayran lahum bal huwa carrun lahum sayuṭawwaquna ma baxilu bihi yawma al-qiyamati wa Lillahi miraṯu as-samawati wa al-ʼarḍi wa Allahu bima taɛmaluna xabirun.
3,181,Laqad samiɛa Allahu qawla al-laḏina qalu ʼinna Allaha faqirun wa naḥnu ʼaɣniyaʼu sanaktubu ma qalu wa qatlahum al-ʼanbiyaʼa biɣayri ḥaqqin wa naqulu ḏuqu ɛaḏaba al-ḥariq.
3,182,Ḏalika bima qaddamat ʼaydikum wa ʼanna Allaha laysa biḏ̣allamin lilɛabid.
3,183,Al-laḏina qalu ʼinna Allaha ɛahida ʼilayna ʼalla nuʼmina lirasulin ḥatta yaʼtiyana biqurbanin taʼkuluhu an-naru qul qad jaʼakum rusulun min qabli bil-bayyinati wa bial-laḏi qultum falima qataltumuhum ʼin kuntum ṣadiqin.
3,184,Faʼin kaḏḏabuka faqad kuḏḏiba rusulun min qablika jaʼu bil-bayyinati wa az-zuburi wa al-kitabi al-munir.
3,185,Kullu nafsin ḏaʼiqatu al-mawti wa ʼinnama tuwaffawna ʼujurakum yawma al-qiyamati faman zuḥziḥa ɛan an-nari wa ʼudxila al-jannata faqad faza wa ma al-ḥayatu ad-dunya ʼilla mataɛu al-ɣurur.
3,186,Latublawunna fi ʼamwalikum wa ʼanfusikum wa latasmaɛunna mina al-laḏina ʼutu al-kitaba min qablikum wa mina al-laḏina ʼacraku ʼaḏan kaṯiran wa ʼin taṣbiru wa tattaqu faʼinna ḏalika min ɛazmi al-ʼumur.
3,187,Wa ʼiḏ ʼaxaḏa Allahu miṯaqa al-laḏina ʼutu al-kitaba latubayyinunnahu lilnnasi wa la taktumunahu fanabaḏuhu waraʼa ḏ̣uhurihim wa actaraw bihi ṯamanan qalilan fabiʼsa ma yactarun.
3,188,La taḥsabanna al-laḏina yafraḥuna bima ʼataw wa yuḥibbuna ʼan yuḥmadu bima lam yafɛalu fala taḥsabannahum bimafazatin mina al-ɛaḏabi wa lahum ɛaḏabun ʼalimun.
3,189,Wa Lillahi mulku as-samawati wa al-ʼarḍi wa Allahu ɛala kulli cayʼin qadirun.
3,190,ʼinna fi xalqi as-samawati wa al-ʼarḍi wa axtilafi al-layli wa an-nahari lʼayatin liʼwli al-ʼalbab.
3,191,Al-laḏina yaḏkuruna Allaha qiyaman wa quɛudan wa ɛala junubihim wa yatafakkaruna fi xalqi as-samawati wa al-ʼarḍi rabbana ma xalaqta haḏa baṭilan subḥanaka faqina ɛaḏaba an-nar.
3,192,Rabbana ʼinnaka man tudxil an-nara faqad ʼaxzaytahu wa ma lilḏ̣ḏ̣alimina min ʼanṣarin.
3,193,Rabbana ʼinnana samiɛna munadian yunadi lilʼimani ʼan ʼaminu birabbikum faʼamanna rabbana faɣfir lana ḏunubana wa kaffir ɛanna sayyiʼatina wa tawaffana maɛa al-ʼabrar.
3,194,Rabbana wa ʼatina ma waɛadtana ɛala rusulika wa la tuxzina yawma al-qiyamati ʼinnaka la tuxlifu al-miɛad.
3,195,Fastajaba lahum rabbuhum ʼanni la ʼuḍiɛu ɛamala ɛamilin minkum min ḏakarin ʼaw ʼunṯa baɛḍukum min baɛḍin fa-al-laḏina hajaru wa ʼuxriju min diyarihim wa ʼuḏu fi sabili wa qatalu wa qutilu laʼukaffiranna ɛanhum sayyiʼatihim wa laʼudxilannahum jannatin tajri min taḥtiha al-ʼanharu ṯawaban min ɛindi Allahi wa Allahu ɛindahu ḥusnu aṯ-ṯawab.
3,196,La yaɣurrannaka taqallubu al-laḏina kafaru fi al-bilad.
3,197,Mataɛun qalilun ṯumma maʼwahum jahannamu wa biʼsa al-mihad.
3,198,Lakin al-laḏina attaqaw rabbahum lahum jannatun tajri min taḥtiha al-ʼanharu xalidina fiha nuzulan min ɛindi Allahi wa ma ɛinda Allahi xayrun lilʼabrar.
3,199,Wa ʼinna min ʼahli al-kitabi laman yuʼminu Billahi wa ma ʼunzila ʼilaykum wa ma ʼunzila ʼilayhim xaciɛina Lillahi la yactaruna biʼayati Allahi ṯamanan qalilan ʼulaʼika lahum ʼajruhum ɛinda rabbihim ʼinna Allaha sariɛu al-ḥisab.
3,200,Ya ʼayyuha al-laḏina ʼamanu aṣbiru wa ṣabiru wa rabiṭu wa attaqu Allaha laɛallakum tufliḥun.
4,1,Ya ʼayyuha an-nasu attaqu rabbakum al-laḏi xalaqakum min nafsin waḥidatin wa xalaqa minha zawjaha wa baṯṯa minhuma rijalan kaṯiran wa nisaʼan wa attaqu Allaha al-laḏi tatasaʼaluna bihi wa al-ʼarḥama ʼinna Allaha kana ɛalaykum raqiban.
4,2,Wa ʼatu al-yatama ʼamwalahum wa la tatabaddalu al-xabiṯa biṭ-ṭayyibi wa la taʼkulu ʼamwalahum ʼila ʼamwalikum ʼinnahu kana ḥuban kabiran.
4,3,Wa ʼin xiftum ʼalla tuqsiṭu fi al-yatama fankiḥu ma ṭaba lakum mina an-nisaʼ maṯna wa ṯulaṯa wa rubaɛa faʼin xiftum ʼalla taɛdilu fawaḥidatan ʼaw ma malakat ʼaymanukum ḏalika ʼadna ʼalla taɛul.
4,4,Wa ʼatu an-nisaʼ ṣaduqatihinna niḥlatan faʼin ṭibna lakum ɛan cayʼin minhu nafsan fakuluhu haniʼan mariʼan.
4,5,Wa la tuʼtu as-sufahaʼa ʼamwalakum allati jaɛala Allahu lakum qiyaman wa arzuquhum fiha wa aksuhum wa qulu lahum qawlan maɛrufan.
4,6,Wa abtalu al-yatama ḥatta ʼiḏa balaɣu an-nikaḥa faʼin ʼanastum minhum rucdan fadfaɛu ʼilayhim ʼamwalahum wa la taʼkuluha ʼisrafan wa bidaran ʼan yakbaru wa man kana ɣaniyan falyastaɛfif wa man kana faqiran falyaʼkul bil-maɛrufi faʼiḏa dafaɛtum ʼilayhim ʼamwalahum faʼac/hidu ɛalayhim wa kafa Billahi ḥasiban.
4,7,Lilrrijali naṣibun mimma taraka al-walidani wa al-ʼaqrabuna wa lilnnisaʼi naṣibun mimma taraka al-walidani wa al-ʼaqrabuna mimma qalla minhu ʼaw kaṯura naṣiban mafruḍan.
4,8,Wa ʼiḏa ḥaḍara al-qismata ʼulu al-qurba wa al-yatama wa al-masakinu farzuquhum minhu wa qulu lahum qawlan maɛrufan.
4,9,Wa liaxca al-laḏina law taraku min xalfihim ḏurriyatan ḍiɛafan xafu ɛalayhim falyattaqu Allaha wa liaqulu qawlan sadidan.
4,10,ʼinna al-laḏina yaʼkuluna ʼamwala al-yatama ḏ̣ulman ʼinnama yaʼkuluna fi buṭunihim naran wa sayaṣlawna saɛiran.
4,11,Yuṣikum Allahu fi ʼawladikum lilḏḏakari miṯlu ḥaḏ̣ḏ̣i al-ʼunṯayayni faʼin kunna nisaʼan fawqa aṯnatayni falahunna ṯuluṯa ma taraka wa ʼin kanat waḥidatan falaha an-niṣfu wa liʼabawayhi likulli waḥidin minhuma as-sudusu mimma taraka ʼin kana lahu waladun faʼin lam yakun lahu waladun wa wariṯahu ʼabawahu faliʼammihi aṯ-ṯuluṯu faʼin kana lahu ʼixwatun faliʼammihi as-sudusu min baɛdi waṣiyatin yuṣi biha ʼaw daynin ʼabaʼuukum wa ʼabnaʼuukum la tadruna ʼayyuhum ʼaqrabu lakum nafɛan fariḍatan mina Allahi ʼinna Allaha kana ɛaliman ḥakiman.
4,12,Wa lakum niṣfu ma taraka ʼazwajukum ʼin lam yakun lahunna waladun faʼin kana lahunna waladun falakum ar-rubuɛu mimma tarakna min baɛdi waṣiyatin yuṣina biha ʼaw daynin wa lahunna ar-rubuɛu mimma taraktum ʼin lam yakun lakum waladun faʼin kana lakum waladun falahunna aṯ-ṯumunu mimma taraktum min baɛdi waṣiyatin tuṣuna biha ʼaw daynin wa ʼin kana rajulun yuraṯu kalalatan ʼaw amraʼatun wa lahu ʼaxun ʼaw ʼuxtun falikulli waḥidin minhuma as-sudusu faʼin kanu ʼakṯara min ḏalika fahum curakaʼu fi aṯ-ṯuluṯi min baɛdi waṣiyatin yuṣa biha ʼaw daynin ɣayra muḍarrin waṣiyatan mina Allahi wa Allahu ɛalimun ḥalimun.
4,13,Tilka ḥududu Allahi wa man yuṭiɛ Allaha wa rasulahu yudxilhu jannatin tajri min taḥtiha al-ʼanharu xalidina fiha wa ḏalika al-fawzu al-ɛaḏ̣im.
4,14,Wa man yaɛṣi Allaha wa rasulahu wa yataɛadda ḥududahu yudxilhu naran xalidan fiha wa lahu ɛaḏabun muhinun.
4,15,Wa al-lati yaʼtina al-faḥicata min nisaʼikum fastac/hidu ɛalayhinna ʼarbaɛatan minkum faʼin cahidu faʼamsikuhunna fi al-buyuti ḥatta yatawaffahunna al-mawtu ʼaw yajɛala Allahu lahunna sabilan.
4,16,Wa al-laḏani yaʼtiyaniha minkum faʼaḏuhuma faʼin taba wa ʼaṣlaḥa faʼaɛriḍu ɛanhuma ʼinna Allaha kana tawwaban raḥiman.
4,17,ʼinnama at-tawbat ɛala Allahi lillaḏina yaɛmaluna as-suʼa bijahalatin ṯumma yatubuna min qaribin faʼulaʼika yatubu Allahu ɛalayhim wa kana Allahu ɛaliman ḥakiman.
4,18,Wa laysat at-tawbat lillaḏina yaɛmaluna as-sayyiʼati ḥatta ʼiḏa ḥaḍara ʼaḥadahum al-mawtu qala ʼinni tubtu al-ʼana wa la al-laḏina yamutuna wa hum kuffarun ʼulaʼika ʼaɛtadna lahum ɛaḏaban ʼaliman.
4,19,Ya ʼayyuha al-laḏina ʼamanu la yaḥillu lakum ʼan tariṯu an-nisaʼ karhan wa la taɛḍuluhunna litaḏ/habu bibaɛḍi ma ʼataytumuhunna ʼilla ʼan yaʼtina bifaḥicatin mubayyinatin wa ɛaciruhunna bil-maɛrufi faʼin karihtumuhunna faɛasa ʼan takrahu cayʼan wa yajɛala Allahu fihi xayran kaṯiran.
4,20,Wa ʼin ʼaradtum astibdala zawjin makana zawjin wa ʼataytum ʼiḥdahunna qinṭaran fala taʼxuḏu minhu cayʼan ʼataʼxuḏunahu buhtanan wa ʼiṯman mubinan.
4,21,Wa kayfa taʼxuḏunahu wa qad ʼafḍa baɛḍukum ʼila baɛḍin wa ʼaxaḏna minkum miṯaqan ɣaliḏ̣an.
4,22,Wa la tankiḥu ma nakaḥa ʼabaʼuukum mina an-nisaʼ ʼilla ma qad salafa ʼinnahu kana faḥicatan wa maqtan wa saʼa sabilan.
4,23,Ḥurrimat ɛalaykum ʼummahatukum wa banatukum wa ʼaxawatukum wa ɛammatukum wa xalatukum wa banatu al-ʼaxi wa banatu al-ʼuxti wa ʼummahatukum al-lati ʼarḍaɛnakum wa ʼaxawatukum mina ar-raḍaɛati wa ʼummahatu nisaʼikum wa rabaʼibukum al-lati fi ḥujurikum min nisaʼikum al-lati daxaltum bihinna faʼin lam takunu daxaltum bihinna fala junaḥa ɛalaykum wa ḥalaʼilu ʼabnaʼikum al-laḏina min ʼaṣlabikum wa ʼan tajmaɛu bayna al-ʼuxtayni ʼilla ma qad salafa ʼinna Allaha kana ɣafuran raḥiman.
4,24,Wa al-muḥṣanatu mina an-nisaʼ ʼilla ma malakat ʼaymanukum kitaba Allahi ɛalaykum wa ʼuḥilla lakum ma waraʼa ḏalikum ʼan tabtaɣu biʼamwalikum muḥṣinina ɣayra musafiḥina fama astamtaɛtum bihi minhunna faʼatuhunna ʼujurahunna fariḍatan wa la junaḥa ɛalaykum fima taraḍaytum bihi min baɛdi al-fariḍati ʼinna Allaha kana ɛaliman ḥakiman.
4,25,Wa man lam yastaṭiɛ minkum ṭawlan ʼan yankiḥa al-muḥṣanati al-muʼminati famin ma malakat ʼaymanukum min fatayatikum al-muʼminati wa Allahu ʼaɛlamu biʼimanikum baɛḍukum min baɛḍin fankiḥuhunna biʼiḏni ʼhlihinna wa ʼatuhunna ʼujurahunna bil-maɛrufi muḥṣanatin ɣayra musafiḥatin wa la muttaxiḏati ʼaxdanin faʼiḏa ʼuḥṣinna faʼin ʼatayna bifaḥicatin faɛalayhinna niṣfu ma ɛala al-muḥṣanati mina al-ɛaḏabi ḏalika liman xaciya al-ɛanata minkum wa ʼan taṣbiru xayrun lakum wa Allahu ɣafurun raḥimun.
4,26,Yuridu Allahu liyubayyina lakum wa yahdiyakum sunana al-laḏina min qablikum wa yatuba ɛalaykum wa Allahu ɛalimun ḥakimun.
4,27,Wa Allahu yuridu ʼan yatuba ɛalaykum wa yuridu al-laḏina yattabiɛuna ac-cahawati ʼan tamilu maylan ɛaḏ̣iman.
4,28,Yuridu Allahu ʼan yuxaffifa ɛankum wa xuliqa al-ʼinsanu ḍaɛifan.
4,29,Ya ʼayyuha al-laḏina ʼamanu la taʼkulu ʼamwalakum baynakum bil-baṭili ʼilla ʼan takuna tijaratan ɛan taraḍin minkum wa la taqtulu ʼanfusakum ʼinna Allaha kana bikum raḥiman.
4,30,Wa man yafɛal ḏalika ɛudwanan wa ḏ̣ulman fasawfa nuṣlihi naran wa kana ḏalika ɛala Allahi yasiran.
4,31,ʼin tajtanibu kabaʼira ma tunhawna ɛanhu nukaffir ɛankum sayyiʼatikum wa nudxilkum mudxalan kariman.
4,32,Wa la tatamannaw ma faḍḍala Allahu bihi baɛḍakum ɛala baɛḍin lilrrijali naṣibun mimma aktasabu wa lilnnisaʼi naṣibun mimma aktasabna wa asʼalu Allaha min faḍlihi ʼinna Allaha kana bikulli cayʼin ɛaliman.
4,33,Wa likullin jaɛalna mawaliya mimma taraka al-walidani wa al-ʼaqrabuna wa al-laḏina ɛaqadat ʼaymanukum faʼatuhum naṣibahum ʼinna Allaha kana ɛala kulli cayʼin cahidan.
4,34,Ar-rijalu qawwamuna ɛala an-nisaʼ bima faḍḍala Allahu baɛḍahum ɛala baɛḍin wa bima ʼanfaqu min ʼamwalihim falṣṣaliḥatu qanitatun ḥafiḏ̣atun lilɣaybi bima ḥafiḏ̣a Allahu wa al-lati taxafuna nucuzahunna faɛiḏ̣uhunna wa ahjuruhunna fi al-maḍajiɛi wa aḍribuhunna faʼin ʼaṭaɛnakum fala tabɣu ɛalayhinna sabilan ʼinna Allaha kana ɛaliyan kabiran.
4,35,Wa ʼin xiftum ciqaqa baynihima fabɛaṯu ḥakaman min ʼahlihi wa ḥakaman min ʼahliha ʼin yurida ʼiṣlaḥan yuwaffiq Allahu baynahuma ʼinna Allaha kana ɛaliman xabiran.
4,36,Wa aɛbudu Allaha wa la tucriku bihi cayʼan wa bil-walidayni ʼiḥsanan wa biḏi al-qurba wa al-yatama wa al-masakini wa al-jari ḏi al-qurba wa al-jari al-junubi wa aṣ-ṣaḥibi bil-janbi wa abni as-sabili wa ma malakat ʼaymanukum ʼinna Allaha la yuḥibbu man kana muxtalan faxuran.
4,37,Al-laḏina yabxaluna wa yaʼmuruna an-nasa bil-buxli wa yaktumuna ma ʼatahum Allahu min faḍlihi wa ʼaɛtadna lilkafirina ɛaḏaban muhinan.
4,38,Wa al-laḏina yunfiquna ʼamwalahum riʼaʼa an-nasi wa la yuʼminuna Billahi wa la bil-yawmi al-ʼaxiri wa man yakun ac-cayṭanu lahu qarinan fasaʼa qarinan.
4,39,Wa maḏa ɛalayhim law ʼamanu Billahi wa al-yawmi al-ʼaxiri wa ʼanfaqu mimma razaqahum Allahu wa kana Allahu bihim ɛaliman.
4,40,ʼinna Allaha la yaḏ̣limu miṯqala ḏarratin wa ʼin takun ḥasanatan yuḍaɛifha wa yuʼti min ladunhu ʼajran ɛaḏ̣iman.
4,41,Fakayfa ʼiḏa jiʼna min kulli ʼummatin bicahidin wa jiʼna bika ɛala haʼuulaʼ cahidan.
4,42,Yawmaʼiḏin yawaddu al-laḏina kafaru wa ɛaṣaw ar-rasula law tusawwa bihim al-ʼarḍu wa la yaktumuna Allaha ḥadiṯan.
4,43,Ya ʼayyuha al-laḏina ʼamanu la taqrabu aṣ-ṣalata wa ʼantum sukara ḥatta taɛlamu ma taquluna wa la junuban ʼilla ɛabiri sabilin ḥatta taɣtasilu wa ʼin kuntum marḍa ʼaw ɛala safarin ʼaw jaʼa ʼaḥadun minkum mina al-ɣaʼiṭi ʼaw lamastum an-nisaʼ falam tajidu maʼan fatayammamu ṣaɛidan ṭayyiban famsaḥu biwujuhikum wa ʼaydikum ʼinna Allaha kana ɛafuwan ɣafuran.
4,44,ʼalam tara ʼila al-laḏina ʼutu naṣiban mina al-kitabi yactaruna aḍ-ḍalalata wa yuriduna ʼan taḍillu as-sabil.
4,45,Wa Allahu ʼaɛlamu biʼaɛdaʼikum wa kafa Billahi waliyan wa kafa Billahi naṣiran.
4,46,Mina al-laḏina hadu yuḥarrifuna al-kalima ɛan mawaḍiɛihi wa yaquluna samiɛna wa ɛaṣayna wa asmaɛ ɣayra musmaɛin wa raɛina layyan biʼalsinatihim wa ṭaɛnan fi ad-dini wa law ʼannahum qalu samiɛna wa ʼaṭaɛna wa asmaɛ wa anḏ̣urna lakana xayran lahum wa ʼaqwama wa lakin laɛanahum Allahu bikufrihim fala yuʼminuna ʼilla qalilan.
4,47,Ya ʼayyuha al-laḏina ʼutu al-kitaba ʼaminu bima nazzalna muṣaddiqan lima maɛakum min qabli ʼan naṭmisa wujuhan fanaruddaha ɛala ʼadbariha ʼaw nalɛanahum kama laɛanna ʼaṣḥaba as-sabti wa kana ʼamru Allahi mafɛulan.
4,48,ʼinna Allaha la yaɣfiru ʼan yucraka bihi wa yaɣfiru ma duna ḏalika liman yacaʼu wa man yucrik Billahi faqad aftara ʼiṯman ɛaḏ̣iman.
4,49,ʼalam tara ʼila al-laḏina yuzakkuna ʼanfusahum bal Allahu yuzakki man yacaʼu wa la yuḏ̣lamuna fatilan.
4,50,Anḏ̣ur kayfa yaftaruna ɛala Allahi al-kaḏiba wa kafa bihi ʼiṯman mubinan.
4,51,ʼalam tara ʼila al-laḏina ʼutu naṣiban mina al-kitabi yuʼminuna bil-jibti wa aṭ-ṭaɣuti wa yaquluna lillaḏina kafaru haʼuulaʼ ʼahda mina al-laḏina ʼamanu sabilan.
4,52,ʼulaʼika al-laḏina laɛanahum Allahu wa man yalɛan Allahu falan tajida lahu naṣiran.
4,53,ʼam lahum naṣibun mina al-mulki faʼiḏan la yuʼtuna an-nasa naqiran.
4,54,ʼam yaḥsuduna an-nasa ɛala ma ʼatahum Allahu min faḍlihi faqad ʼatayna ʼala ʼibrahima al-kitaba wa al-ḥikmata wa ʼataynahum mulkan ɛaḏ̣iman.
4,55,Faminhum man ʼamana bihi wa minhum man ṣadda ɛanhu wa kafa bijahannama saɛiran.
4,56,ʼinna al-laḏina kafaru biʼayatina sawfa nuṣlihim naran kullama naḍijat juluduhum baddalnahum juludan ɣayraha liyaḏuqu al-ɛaḏaba ʼinna Allaha kana ɛazizan ḥakiman.
4,57,Wa al-laḏina ʼamanu wa ɛamilu aṣ-ṣaliḥati sanudxiluhum jannatin tajri min taḥtiha al-ʼanharu xalidina fiha ʼabadan lahum fiha ʼazwajun muṭahharatun wa nudxiluhum ḏ̣illa ḏ̣alilan.
4,58,ʼinna Allaha yaʼmurukum ʼan tuʼaddu al-ʼamanati ʼila ʼahliha wa ʼiḏa ḥakamtum bayna an-nasi ʼan taḥkumu bil-ɛadli ʼinna Allaha niɛimma yaɛiḏ̣ukum bihi ʼinna Allaha kana samiɛan baṣiran.
4,59,Ya ʼayyuha al-laḏina ʼamanu ʼaṭiɛu Allaha wa ʼaṭiɛu ar-rasula wa ʼuli al-ʼamri minkum faʼin tanazaɛtum fi cayʼin farudduhu ʼila Allahi wa ar-rasuli ʼin kuntum tuʼminuna Billahi wa al-yawmi al-ʼaxiri ḏalika xayrun wa ʼaḥsanu taʼwilan.
4,60,ʼalam tara ʼila al-laḏina yazɛumuna ʼannahum ʼamanu bima ʼunzila ʼilayka wa ma ʼunzila min qablika yuriduna ʼan yataḥakamu ʼila aṭ-ṭaɣuti wa qad ʼumiru ʼan yakfuru bihi wa yuridu ac-cayṭanu ʼan yuḍillahum ḍalalan baɛidan.
4,61,Wa ʼiḏa qila lahum taɛalaw ʼila ma ʼanzala Allahu wa ʼila ar-rasuli raʼayta al-munafiqina yaṣudduna ɛanka ṣududan.
4,62,Fakayfa ʼiḏa ʼaṣabat/hum muṣibatun bima qaddamat ʼaydihim ṯumma jaʼuka yaḥlifuna Billahi ʼin ʼaradna ʼilla ʼiḥsanan wa tawfiqan.
4,63,ʼulaʼika al-laḏina yaɛlamu Allahu ma fi qulubihim faʼaɛriḍ ɛanhum wa ɛiḏ̣hum wa qul lahum fi ʼanfusihim qawlan baliɣan.
4,64,Wa ma ʼarsalna min rasulin ʼilla liyuṭaɛa biʼiḏni Allahi wa law ʼannahum ʼiḏ ḏ̣alamu ʼanfusahum jaʼuka fastaɣfaru Allaha wa astaɣfara lahum ar-rasulu lawajadu Allaha tawwaban raḥiman.
4,65,Fala wa rabbika la yuʼminuna ḥatta yuḥakkimuka fima cajara baynahum ṯumma la yajidu fi ʼanfusihim ḥarajan mimma qaḍayta wa yusallimu tasliman.
4,66,Wa law ʼanna katabna ɛalayhim ʼan aqtulu ʼanfusakum ʼaw axruju min diyarikum ma faɛaluhu ʼilla qalilun minhum wa law ʼannahum faɛalu ma yuɛaḏ̣una bihi lakana xayran lahum wa ʼacadda taṯbitan.
4,67,Wa ʼiḏan laʼataynahum min ladunna ʼajran ɛaḏ̣iman.
4,68,Wa lahadaynahum ṣiraṭan mustaqiman.
4,69,Wa man yuṭiɛ Allaha wa ar-rasula faʼulaʼika maɛa al-laḏina ʼanɛama Allahu ɛalayhim mina an-nabiyina wa aṣ-ṣiddiqina wa ac-cuhadaʼi wa aṣ-ṣaliḥina wa ḥasuna ʼulaʼika rafiqan.
4,70,Ḏalika al-faḍlu mina Allahi wa kafa Billahi ɛaliman.
4,71,Ya ʼayyuha al-laḏina ʼamanu xuḏu ḥiḏrakum fanfiru ṯubatin ʼaw anfiru jamiɛan.
4,72,Wa ʼinna minkum laman layubaṭṭiʼanna faʼin ʼaṣabatkum muṣibatun qala qad ʼanɛama Allahu ɛalayya ʼiḏ lam ʼakun maɛahum cahidan.
4,73,Wa laʼin ʼaṣabakum faḍlun mina Allahi layaqulanna kaʼan lam takun baynakum wa baynahu mawaddatun ya laytani kuntu maɛahum faʼafuza fawzan ɛaḏ̣iman.
4,74,Falyuqatil fi sabili Allahi al-laḏina yacruna al-ḥayata ad-dunya bil-ʼaxirati wa man yuqatil fi sabili Allahi fayuqtal ʼaw yaɣlib fasawfa nuʼtihi ʼajran ɛaḏ̣iman.
4,75,Wa ma lakum la tuqatiluna fi sabili Allahi wa al-mustaḍɛafina mina ar-rijali wa an-nisaʼ wa al-wildani al-laḏina yaquluna rabbana ʼaxrijna min haḏihi al-qaryati aḏ̣-ḏ̣alimi ʼahluha wa ajɛal lana min ladunka waliyan wa ajɛal lana min ladunka naṣiran.
4,76,Al-laḏina ʼamanu yuqatiluna fi sabili Allahi wa al-laḏina kafaru yuqatiluna fi sabili aṭ-ṭaɣuti faqatilu ʼawliyaʼa ac-cayṭani ʼinna kayda ac-cayṭani kana ḍaɛifan.
4,77,ʼalam tara ʼila al-laḏina qila lahum kuffu ʼaydiyakum wa ʼaqimu aṣ-ṣalata wa ʼatu az-zakata falamma kutiba ɛalayhim al-qitalu ʼiḏa fariqun minhum yaxcawna an-nasa kaxacyati Allahi ʼaw ʼacadda xacyatan wa qalu rabbana lima katabta ɛalayna al-qitala lawla ʼaxxartana ʼila ʼajalin qaribin qul mataɛu ad-dunya qalilun wa al-ʼaxiratu xayrun liman attaqa wa la tuḏ̣lamuna fatilan.
4,78,ʼaynama takunu yudrikkum al-mawtu wa law kuntum fi burujin mucayyadatin wa ʼin tuṣibhum ḥasanatun yaqulu haḏihi min ɛindi Allahi wa ʼin tuṣibhum sayyiʼatun yaqulu haḏihi min ɛindika qul kullun min ɛindi Allahi famali haʼuulaʼ al-qawmi la yakaduna yafqahuna ḥadiṯan.
4,79,Ma ʼaṣabaka min ḥasanatin famina Allahi wa ma ʼaṣabaka min sayyiʼatin famin nafsika wa ʼarsalnaka lilnnasi rasulan wa kafa Billahi cahidan.
4,80,Man yuṭiɛ ar-rasula faqad ʼaṭaɛa Allaha wa man tawalla fama ʼarsalnaka ɛalayhim ḥafiḏ̣an.
4,81,Wa yaquluna ṭaɛatun faʼiḏa barazu min ɛindika bayyata ṭaʼifatun minhum ɣayra al-laḏi taqulu wa Allahu yaktubu ma yubayyituna faʼaɛriḍ ɛanhum wa tawakkal ɛala Allahi wa kafa Billahi wa kilan.
4,82,ʼafala yatadabbaruna al-qurʼana wa law kana min ɛindi ɣayri Allahi lawajadu fihi axtilafan kaṯiran.
4,83,Wa ʼiḏa jaʼahum ʼamrun mina al-ʼamni ʼaw al-xawfi ʼaḏaɛu bihi wa law radduhu ʼila ar-rasuli wa ʼila ʼuli al-ʼamri minhum laɛalimahu al-laḏina yastanbiṭunahu minhum wa lawla faḍlu Allahi ɛalaykum wa raḥmatuhu lattabaɛtum ac-cayṭana ʼilla qalilan.
4,84,Faqatil fi sabili Allahi la tukallafu ʼilla nafsaka wa ḥarriḍ al-muʼminina ɛasa Allahu ʼan yakuffa baʼsa al-laḏina kafaru wa Allahu ʼacaddu baʼsan wa ʼacaddu tankilan.
4,85,Man yacfaɛ cafaɛatan ḥasanatan yakun lahu naṣibun minha wa man yacfaɛ cafaɛatan sayyiʼatan yakun lahu kiflun minha wa kana Allahu ɛala kulli cayʼin muqitan.
4,86,Wa ʼiḏa ḥuyyitum bitaḥiyatin faḥayyu biʼaḥsana minha ʼaw rudduha ʼinna Allaha kana ɛala kulli cayʼin ḥasiban.
4,87,Allahu la ʼilaha ʼilla huwa layajmaɛannakum ʼila yawmi al-qiyamati la rayba fihi wa man ʼaṣdaqu mina Allahi ḥadiṯan.
4,88,Fama lakum fi al-munafiqina fiʼatayni wa Allahu ʼarkasahum bima kasabu ʼaturiduna ʼan tahdu man ʼaḍalla Allahu wa man yuḍlil Allahu falan tajida lahu sabilan.
4,89,Wa ddu law takfuruna kama kafaru fatakununa sawaʼan fala tattaxiḏu minhum ʼawliyaʼa ḥatta yuhajiru fi sabili Allahi faʼin tawallaw faxuḏuhum waqtuluhum ḥayṯu wajadtumuhum wa la tattaxiḏu minhum waliyan wa la naṣiran.
4,90,ʼilla al-laḏina yaṣiluna ʼila qawmin baynakum wa baynahum miṯaqun ʼaw jaʼukum ḥaṣirat ṣuduruhum ʼan yuqatilukum ʼaw yuqatilu qawmahum wa law caʼa Allahu lasallaṭahum ɛalaykum falaqatalukum faʼin aɛtazalukum falam yuqatilukum wa ʼalqaw ʼilaykum as-salama fama jaɛala Allahu lakum ɛalayhim sabilan.
4,91,Satajiduna ʼaxarina yuriduna ʼan yaʼmanukum wa yaʼmanu qawmahum kulla ma ruddu ʼila al-fitnati ʼurkisu fiha faʼin lam yaɛtazilukum wa yulqu ʼilaykum as-salama wa yakuffu ʼaydiyahum faxuḏuhum waqtuluhum ḥayṯu ṯaqiftumuhum wa ʼulaʼikum jaɛalna lakum ɛalayhim sulṭanan mubinan.
4,92,Wa ma kana limuʼminin ʼan yaqtula muʼminan ʼilla xaṭaʼan wa man qatala muʼminan xaṭaʼan fataḥriru raqabatin muʼminatin wa diyatun musallamatun ʼila ʼahlihi ʼilla ʼan yaṣṣaddaqu faʼin kana min qawmin ɛaduwin lakum wa huwa muʼminun fataḥriru raqabatin muʼminatin wa ʼin kana min qawmin baynakum wa baynahum miṯaqun fadiyatun musallamatun ʼila ʼahlihi wa taḥriru raqabatin muʼminatin faman lam yajid faṣiyamu cahrayni mutatabiɛayni tawbatan mina Allahi wa kana Allahu ɛaliman ḥakiman.
4,93,Wa man yaqtul muʼminan mutaɛammidan fajazaʼuuhu jahannamu xalidan fiha wa ɣaḍiba Allahu ɛalayhi wa laɛanahu wa ʼaɛadda lahu ɛaḏaban ɛaḏ̣iman.
4,94,Ya ʼayyuha al-laḏina ʼamanu ʼiḏa ḍarabtum fi sabili Allahi fatabayyanu wa la taqulu liman ʼalqa ʼilaykum as-salama lasta muʼminan tabtaɣuna ɛaraḍa al-ḥayati ad-dunya faɛinda Allahi maɣanimu kaṯiratun kaḏalika kuntum min qablu famanna Allahu ɛalaykum fatabayyanu ʼinna Allaha kana bima taɛmaluna xabiran.
4,95,La yastawi al-qaɛiduna mina al-muʼminina ɣayru ʼuli aḍ-ḍarari wa al-mujahiduna fi sabili Allahi biʼamwalihim wa ʼanfusihim faḍḍala Allahu al-mujahidina biʼamwalihim wa ʼanfusihim ɛala al-qaɛidina darajatan wa kullan waɛada Allahu al-ḥusna wa faḍḍala Allahu al-mujahidina ɛala al-qaɛidina ʼajran ɛaḏ̣iman.
4,96,Darajatin minhu wa maɣfiratan wa raḥmatan wa kana Allahu ɣafuran raḥiman.
4,97,ʼinna al-laḏina tawaffahum al-malaʼikatu ḏ̣alimi ʼanfusihim qalu fima kuntum qalu kunna mustaḍɛafina fi al-ʼarḍi qalu ʼalam takun ʼarḍu Allahi wasiɛatan fatuhajiru fiha faʼulaʼika maʼwahum jahannamu wa saʼat maṣiran.
4,98,ʼilla al-mustaḍɛafina mina ar-rijali wa an-nisaʼ wa al-wildani la yastaṭiɛuna ḥilatan wa la yahtaduna sabilan.
4,99,Faʼulaʼika ɛasa Allahu ʼan yaɛfuwa ɛanhum wa kana Allahu ɛafuwan ɣafuran.
4,100,Wa man yuhajir fi sabili Allahi yajid fi al-ʼarḍi muraɣaman kaṯiran wa saɛatan wa man yaxruj min baytihi muhajiran ʼila Allahi wa rasulihi ṯumma yudrik/hu al-mawtu faqad waqaɛa ʼajruhu ɛala Allahi wa kana Allahu ɣafuran raḥiman.
4,101,Wa ʼiḏa ḍarabtum fi al-ʼarḍi falaysa ɛalaykum junaḥun ʼan taqṣuru mina aṣ-ṣalati ʼin xiftum ʼan yaftinakum al-laḏina kafaru ʼinna al-kafirina kanu lakum ɛaduwan mubinan.
4,102,Wa ʼiḏa kunta fihim faʼaqamta lahum aṣ-ṣalata faltaqum ṭaʼifatun minhum maɛaka wa liaʼxuḏu ʼasliḥatahum faʼiḏa sajadu falyakunu min waraʼikum wa ltaʼti ṭaʼifatun ʼuxra lam yuṣallu falyuṣallu maɛaka wa liaʼxuḏu ḥiḏrahum wa ʼasliḥatahum wadda al-laḏina kafaru law taɣfuluna ɛan ʼasliḥatikum wa ʼamtiɛatikum fayamiluna ɛalaykum maylatan waḥidatan wa la junaḥa ɛalaykum ʼin kana bikum ʼaḏan min maṭarin ʼaw kuntum marḍa ʼan taḍaɛu ʼasliḥatakum wa xuḏu ḥiḏrakum ʼinna Allaha ʼaɛadda lilkafirina ɛaḏaban muhinan.
4,103,Faʼiḏa qaḍaytum aṣ-ṣalata faḏkuru Allaha qiyaman wa quɛudan wa ɛala junubikum faʼiḏa aṭmaʼnantum faʼaqimu aṣ-ṣalata ʼinna aṣ-ṣalata kanat ɛala al-muʼminina kitaban mawqutan.
4,104,Wa la tahinu fi abtiɣaʼi al-qawmi ʼin takunu taʼlamuna faʼinnahum yaʼlamuna kama taʼlamuna wa tarjuna mina Allahi ma la yarjuna wa kana Allahu ɛaliman ḥakiman.
4,105,ʼinna ʼanzalna ʼilayka al-kitaba bil-ḥaqqi litaḥkuma bayna an-nasi bima ʼaraka Allahu wa la takun lilxaʼinina xaṣiman.
4,106,Wa astaɣfir Allaha ʼinna Allaha kana ɣafuran raḥiman.
4,107,Wa la tujadil ɛan al-laḏina yaxtanuna ʼanfusahum ʼinna Allaha la yuḥibbu man kana xawwanan ʼaṯiman.
4,108,Yastaxfuna mina an-nasi wa la yastaxfuna mina Allahi wa huwa maɛahum ʼiḏ yubayyituna ma la yarḍa mina al-qawli wa kana Allahu bima yaɛmaluna muḥiṭan.
4,109,Haʼantum haʼuulaʼ jadaltum ɛanhum fi al-ḥayati ad-dunya faman yujadilu Allaha ɛanhum yawma al-qiyamati ʼam man yakunu ɛalayhim wa kilan.
4,110,Wa man yaɛmal suʼan ʼaw yaḏ̣lim nafsahu ṯumma yastaɣfir Allaha yajid Allaha ɣafuran raḥiman.
4,111,Wa man yaksib ʼiṯman faʼinnama yaksibuhu ɛala nafsihi wa kana Allahu ɛaliman ḥakiman.
4,112,Wa man yaksib xaṭiʼatan ʼaw ʼiṯman ṯumma yarmi bihi bariʼan faqad aḥtamala buhtanan wa ʼiṯman mubinan.
4,113,Wa lawla faḍlu Allahi ɛalayka wa raḥmatuhu lahammat ṭaʼifatun minhum ʼan yuḍilluka wa ma yuḍilluna ʼilla ʼanfusahum wa ma yaḍurrunaka min cayʼin wa ʼanzala Allahu ɛalayka al-kitaba wa al-ḥikmata wa ɛallamaka ma lam takun taɛlamu wa kana faḍlu Allahi ɛalayka ɛaḏ̣iman.
4,114,La xayra fi kaṯirin min najwahum ʼilla man ʼamara biṣadaqatin ʼaw maɛrufin ʼaw ʼiṣlaḥin bayna an-nasi wa man yafɛal ḏalika abtiɣaʼa marḍati Allahi fasawfa nuʼtihi ʼajran ɛaḏ̣iman.
4,115,Wa man yucaqiq ar-rasula min baɛdi ma tabayyana lahu al-huda wa yattabiɛ ɣayra sabili al-muʼminina nuwallihi ma tawalla wa nuṣlihi jahannama wa saʼat maṣiran.
4,116,ʼinna Allaha la yaɣfiru ʼan yucraka bihi wa yaɣfiru ma duna ḏalika liman yacaʼu wa man yucrik Billahi faqad ḍalla ḍalalan baɛidan.
4,117,ʼin yadɛuna min dunihi ʼilla ʼinaṯan wa ʼin yadɛuna ʼilla cayṭanan maridan.
4,118,Laɛanahu Allahu wa qala laʼattaxiḏanna min ɛibadika naṣiban mafruḍan.
4,119,Wa laʼuḍillannahum wa laʼumanniyannahum wa laʼamurannahum falayubattikunna ʼaḏana al-ʼanɛam wa laʼamurannahum falayuɣayyirunna xalqa Allahi wa man yattaxiḏ ac-cayṭana waliyan min duni Allahi faqad xasira xusranan mubinan.
4,120,Yaɛiduhum wa yumannihim wa ma yaɛiduhum ac-cayṭanu ʼilla ɣururan.
4,121,ʼulaʼika maʼwahum jahannamu wa la yajiduna ɛanha maḥiṣan.
4,122,Wa al-laḏina ʼamanu wa ɛamilu aṣ-ṣaliḥati sanudxiluhum jannatin tajri min taḥtiha al-ʼanharu xalidina fiha ʼabadan waɛda Allahi ḥaqqan wa man ʼaṣdaqu mina Allahi qilan.
4,123,Laysa biʼamaniyikum wa la ʼamaniyi ʼahli al-kitabi man yaɛmal suʼan yujza bihi wa la yajid lahu min duni Allahi waliyan wa la naṣiran.
4,124,Wa man yaɛmal mina aṣ-ṣaliḥati min ḏakarin ʼaw ʼunṯa wa huwa muʼminun faʼulaʼika yadxuluna al-jannata wa la yuḏ̣lamuna naqiran.
4,125,Wa man ʼaḥsanu dinan mimman ʼaslama wajhahu Lillahi wa huwa muḥsinun wa attabaɛa millata ʼibrahima ḥanifan wa attaxaḏa Allahu ʼibrahima xalilan.
4,126,Wa Lillahi ma fi as-samawati wa ma fi al-ʼarḍi wa kana Allahu bikulli cayʼin muḥiṭan.
4,127,Wa yastaftunaka fi an-nisaʼ qul Allahu yuftikum fihinna wa ma yutla ɛalaykum fi al-kitabi fi yatama an-nisaʼ al-lati la tuʼtunahunna ma kutiba lahunna wa tarɣabuna ʼan tankiḥuhunna wa al-mustaḍɛafina mina al-wildani wa ʼan taqumu lilyatama bil-qisṭi wa ma tafɛalu min xayrin faʼinna Allaha kana bihi ɛaliman.
4,128,Wa ʼin amraʼatun xafat min baɛliha nucuzan ʼaw ʼiɛraḍan fala junaḥa ɛalayhima ʼan yuṣliḥa baynahuma ṣulḥan wa aṣ-ṣulḥu xayrun wa ʼuḥḍirat al-ʼanfusu ac-cuḥḥa wa ʼin tuḥsinu wa tattaqu faʼinna Allaha kana bima taɛmaluna xabiran.
4,129,Wa lan tastaṭiɛu ʼan taɛdilu bayna an-nisaʼ wa law ḥaraṣtum fala tamilu kulla al-mayli fataḏaruha kalmuɛallaqati wa ʼin tuṣliḥu wa tattaqu faʼinna Allaha kana ɣafuran raḥiman.
4,130,Wa ʼin yatafarraqa yuɣni Allahu kulla min saɛatihi wa kana Allahu wasiɛan ḥakiman.
4,131,Wa Lillahi ma fi as-samawati wa ma fi al-ʼarḍi wa laqad waṣṣayna al-laḏina ʼutu al-kitaba min qablikum wa ʼiyakum ʼan attaqu Allaha wa ʼin takfuru faʼinna Lillahi ma fi as-samawati wa ma fi al-ʼarḍi wa kana Allahu ɣaniyan ḥamidan.
4,132,Wa Lillahi ma fi as-samawati wa ma fi al-ʼarḍi wa kafa Billahi wa kilan.
4,133,ʼin yacaʼ yuḏ/hibkum ʼayyuha an-nasu wa yaʼti biʼaxarina wa kana Allahu ɛala ḏalika qadiran.
4,134,Man kana yuridu ṯawaba ad-dunya faɛinda Allahi ṯawabu ad-dunya wa al-ʼaxirati wa kana Allahu samiɛan baṣiran.
4,135,Ya ʼayyuha al-laḏina ʼamanu kunu qawwamina bil-qisṭi cuhadaʼa Lillahi wa law ɛala ʼanfusikum ʼaw al-walidayni wa al-ʼaqrabina ʼin yakun ɣaniyan ʼaw faqiran fa-Allahu ʼawla bihima fala tattabiɛu al-hawa ʼan taɛdilu wa ʼin talwu ʼaw tuɛriḍu faʼinna Allaha kana bima taɛmaluna xabiran.
4,136,Ya ʼayyuha al-laḏina ʼamanu ʼaminu Billahi wa rasulihi wa al-kitabi al-laḏi nazzala ɛala rasulihi wa al-kitabi al-laḏi ʼanzala min qablu wa man yakfur Billahi wa malaʼikatihi wa kutubihi wa rusulihi wa al-yawmi al-ʼaxiri faqad ḍalla ḍalalan baɛidan.
4,137,ʼinna al-laḏina ʼamanu ṯumma kafaru ṯumma ʼamanu ṯumma kafaru ṯumma azdadu kufran lam yakun Allahu liyaɣfira lahum wa la liyahdiyahum sabilan.
4,138,Baccir al-munafiqina biʼanna lahum ɛaḏaban ʼaliman.
4,139,Al-laḏina yattaxiḏuna al-kafirina ʼawliyaʼa min duni al-muʼminina ʼayabtaɣuna ɛindahum al-ɛizzata faʼinna al-ɛizzata Lillahi jamiɛan.
4,140,Wa qad nazzala ɛalaykum fi al-kitabi ʼan ʼiḏa samiɛtum ʼayati Allahi yukfaru biha wa yustahzaʼu biha fala taqɛudu maɛahum ḥatta yaxuḍu fi ḥadiṯin ɣayrihi ʼinnakum ʼiḏan miṯluhum ʼinna Allaha jamiɛu al-munafiqina wa al-kafirina fi jahannama jamiɛan.
4,141,Al-laḏina yatarabbaṣuna bikum faʼin kana lakum fatḥun mina Allahi qalu ʼalam nakun maɛakum wa ʼin kana lilkafirina naṣibun qalu ʼalam nastaḥwiḏ ɛalaykum wa namnaɛkum mina al-muʼminina fa-Allahu yaḥkumu baynakum yawma al-qiyamati wa lan yajɛala Allahu lilkafirina ɛala al-muʼminina sabilan.
4,142,ʼinna al-munafiqina yuxadiɛuna Allaha wa huwa xadiɛuhum wa ʼiḏa qamu ʼila aṣ-ṣalati qamu kusala yuraʼuna an-nasa wa la yaḏkuruna Allaha ʼilla qalilan.
4,143,Muḏabḏabina bayna ḏalika la ʼila haʼuulaʼ wa la ʼila haʼuulaʼ wa man yuḍlil Allahu falan tajida lahu sabilan.
4,144,Ya ʼayyuha al-laḏina ʼamanu la tattaxiḏu al-kafirina ʼawliyaʼa min duni al-muʼminina ʼaturiduna ʼan tajɛalu Lillahi ɛalaykum sulṭanan mubinan.
4,145,ʼinna al-munafiqina fi ad-darki al-ʼasfali mina an-nari wa lan tajida lahum naṣiran.
4,146,ʼilla al-laḏina tabu wa ʼaṣlaḥu wa aɛtaṣamu Billahi wa ʼaxlaṣu dinahum Lillahi faʼulaʼika maɛa al-muʼminina wa sawfa yuʼti Allahu al-muʼminina ʼajran ɛaḏ̣iman.
4,147,Ma yafɛalu Allahu biɛaḏabikum ʼin cakartum wa ʼamantum wa kana Allahu cakiran ɛaliman.
4,148,La yuḥibbu Allahu al-jahra bis-suʼi mina al-qawli ʼilla man ḏ̣ulima wa kana Allahu samiɛan ɛaliman.
4,149,ʼin tubdu xayran ʼaw tuxfuhu ʼaw taɛfu ɛan suʼin faʼinna Allaha kana ɛafuwan qadiran.
4,150,ʼinna al-laḏina yakfuruna Billahi wa rusulihi wa yuriduna ʼan yufarriqu bayna Allahi wa rusulihi wa yaquluna nuʼminu bibaɛḍin wa nakfuru bibaɛḍin wa yuriduna ʼan yattaxiḏu bayna ḏalika sabilan.
4,151,ʼulaʼika hum al-kafiruna ḥaqqan wa ʼaɛtadna lilkafirina ɛaḏaban muhinan.
4,152,Wa al-laḏina ʼamanu Billahi wa rusulihi wa lam yufarriqu bayna ʼaḥadin minhum ʼulaʼika sawfa yuʼtihim ʼujurahum wa kana Allahu ɣafuran raḥiman.
4,153,Yasʼaluka ʼahlu al-kitabi ʼan tunazzila ɛalayhim kitaban mina as-samaʼi faqad saʼalu musa ʼakbara min ḏalika faqalu ʼarina Allaha jahratan faʼaxaḏat/hum aṣ-ṣaɛiqatu biḏ̣ulmihim ṯumma attaxaḏu al-ɛijla min baɛdi ma jaʼat/hum al-bayyinatu faɛafawna ɛan ḏalika wa ʼatayna musa sulṭanan mubinan.
4,154,Wa rafaɛna fawqahum aṭ-ṭura bimiṯaqihim wa qulna lahum adxulu al-baba sujjadan wa qulna lahum la taɛdu fi as-sabti wa ʼaxaḏna minhum miṯaqan ɣaliḏ̣an.
4,155,Fabima naqḍihim miṯaqahum wa kufrihim biʼayati Allahi wa qatlihim al-ʼanbiyaʼa biɣayri ḥaqqin wa qawlihim qulubuna ɣulfun bal ṭabaɛa Allahu ɛalayha bikufrihim fala yuʼminuna ʼilla qalilan.
4,156,Wa bikufrihim wa qawlihim ɛala maryama buhtanan ɛaḏ̣iman.
4,157,Wa qawlihim ʼinna qatalna al-masiḥa ɛisa abna maryama rasula Allahi wa ma qataluhu wa ma ṣalabuhu wa lakin cubbiha lahum wa ʼinna al-laḏina axtalafu fihi lafi cakkin minhu ma lahum bihi min ɛilmin ʼilla attibaɛa aḏ̣-ḏ̣anni wa ma qataluhu yaqinan.
4,158,Bal rafaɛahu Allahu ʼilayhi wa kana Allahu ɛazizan ḥakiman.
4,159,Wa ʼin min ʼahli al-kitabi ʼilla layuʼminanna bihi qabla mawtihi wa yawma al-qiyamati yakunu ɛalayhim cahidan.
4,160,Fabiḏ̣ulmin mina al-laḏina hadu ḥarramna ɛalayhim ṭayyibatin ʼuḥillat lahum wa biṣaddihim ɛan sabili Allahi kaṯiran.
4,161,Wa ʼaxḏihim ar-riba wa qad nuhu ɛanhu wa ʼaklihim ʼamwala an-nasi bil-baṭili wa ʼaɛtadna lilkafirina minhum ɛaḏaban ʼaliman.
4,162,Lakin ar-rasixuna fi al-ɛilmi minhum wa al-muʼminuna yuʼminuna bima ʼunzila ʼilayka wa ma ʼunzila min qablika wa al-muqimina aṣ-ṣalata wa al-muʼtuna az-zakata wa al-muʼminuna Billahi wa al-yawmi al-ʼaxiri ʼulaʼika sanuʼtihim ʼajran ɛaḏ̣iman.
4,163,ʼinna ʼawḥayna ʼilayka kama ʼawḥayna ʼila nuḥin wa an-nabiyina min baɛdihi wa ʼawḥayna ʼila ʼibrahima wa ʼismaɛila wa ʼisḥaqa wa yaɛquba wa al-ʼasbaṭi wa ɛisa wa ʼayyuba wa yunis wa haruna wa sulaymana wa ʼatayna dawuda zaburan.
4,164,Wa rusulan qad qaṣaṣnahum ɛalayka min qablu wa rusulan lam naqṣuṣhum ɛalayka wa kallama Allahu musa takliman.
4,165,Rusulan mubaccirina wa munḏirina liʼlla yakuna lilnnasi ɛala Allahi ḥujjatun baɛda ar-rusuli wa kana Allahu ɛazizan ḥakiman.
4,166,Lakin Allahu yac/hadu bima ʼanzala ʼilayka ʼanzalahu biɛilmihi wa al-malaʼikatu yac/haduna wa kafa Billahi cahidan.
4,167,ʼinna al-laḏina kafaru wa ṣaddu ɛan sabili Allahi qad ḍallu ḍalalan baɛidan.
4,168,ʼinna al-laḏina kafaru wa ḏ̣alamu lam yakun Allahu liyaɣfira lahum wa la liyahdiyahum ṭariqan.
4,169,ʼilla ṭariqa jahannama xalidina fiha ʼabadan wa kana ḏalika ɛala Allahi yasiran.
4,170,Ya ʼayyuha an-nasu qad jaʼakum ar-rasulu bil-ḥaqqi min rabbikum faʼaminu xayran lakum wa ʼin takfuru faʼinna Lillahi ma fi as-samawati wa al-ʼarḍi wa kana Allahu ɛaliman ḥakiman.
4,171,Ya ʼahla al-kitabi la taɣlu fi dinikum wa la taqulu ɛala Allahi ʼilla al-ḥaqqa ʼinnama al-masiḥu ɛisa abnu maryama rasulu Allahi wa kalimatuhu ʼalqaha ʼila maryama wa ruḥun minhu faʼaminu Billahi wa rusulihi wa la taqulu ṯalaṯatun antahu xayran lakum ʼinnama Allahu ʼilahun waḥidun subḥanahu ʼan yakuna lahu waladun lahu ma fi as-samawati wa ma fi al-ʼarḍi wa kafa Billahi wa kilan.
4,172,Lan yastankifa al-masiḥu ʼan yakuna ɛabdan Lillahi wa la al-malaʼikatu al-muqarrabuna wa man yastankif ɛan ɛibadatihi wa yastakbir fasayaḥcuruhum ʼilayhi jamiɛan.
4,173,Faʼamma al-laḏina ʼamanu wa ɛamilu aṣ-ṣaliḥati fayuwaffihim ʼujurahum wa yaziduhum min faḍlihi wa ʼamma al-laḏina astankafu wa astakbaru fayuɛaḏḏibuhum ɛaḏaban ʼaliman wa la yajiduna lahum min duni Allahi waliyan wa la naṣiran.
4,174,Ya ʼayyuha an-nasu qad jaʼakum burhanun min rabbikum wa ʼanzalna ʼilaykum nuran mubinan.
4,175,Faʼamma al-laḏina ʼamanu Billahi wa aɛtaṣamu bihi fasayudxiluhum fi raḥmatin minhu wa faḍlin wa yahdihim ʼilayhi ṣiraṭan mustaqiman.
4,176,Yastaftunaka qul Allahu yuftikum fi al-kalalati ʼin amruʼun halaka laysa lahu waladun wa lahu ʼuxtun falaha niṣfu ma taraka wa huwa yariṯuha ʼin lam yakun laha waladun faʼin kanata aṯnatayni falahuma aṯ-ṯuluṯani mimma taraka wa ʼin kanu ʼixwatan rijalan wa nisaʼan falilḏḏakari miṯlu ḥaḏ̣ḏ̣i al-ʼunṯayayni yubayyinu Allahu lakum ʼan taḍillu wa Allahu bikulli cayʼin ɛalimun.
5,1,Ya ʼayyuha al-laḏina ʼamanu ʼawfu bil-ɛuqudi ʼuḥillat lakum bahimatu al-ʼanɛam ʼilla ma yutla ɛalaykum ɣayra muḥilli aṣ-ṣaydi wa ʼantum ḥurumun ʼinna Allaha yaḥkumu ma yurid.
5,2,Ya ʼayyuha al-laḏina ʼamanu la tuḥillu caɛaʼira Allahi wa la ac-cahra al-ḥarama wa la al-hadya wa la al-qalaʼida wa la ʼammina al-bayta al-ḥarama yabtaɣuna faḍlan min rabbihim wa riḍwanan wa ʼiḏa ḥalaltum faṣṭadu wa la yajrimannakum canaʼanu qawmin ʼan ṣaddukum ɛan al-masjidi al-ḥarami ʼan taɛtadu wa taɛawanu ɛala al-birri wa at-taqwa wa la taɛawanu ɛala al-ʼiṯmi wa al-ɛudwani wa attaqu Allaha ʼinna Allaha cadidu al-ɛiqab.
5,3,Ḥurrimat ɛalaykum al-maytatu wa ad-damu wa laḥmu al-xinziri wa ma ʼuhilla liɣayri Allahi bihi wa al-munxaniqatu wa al-mawquḏatu wa al-mutaraddiyatu wa an-naṭiḥatu wa ma ʼakala as-sabuɛu ʼilla ma ḏakkaytum wa ma ḏubiḥa ɛala an-nuṣubi wa ʼan tastaqsimu bil-ʼazlami ḏalikum fisqun al-yawma yaʼisa al-laḏina kafaru min dinikum fala taxcawhum wa axcawni al-yawma ʼakmaltu lakum dinakum wa ʼatmamtu ɛalaykum niɛmati wa raḍitu lakum al-ʼislama dinan faman aḍṭurra fi maxmaṣatin ɣayra mutajanifin lʼiṯmin faʼinna Allaha ɣafurun raḥimun.
5,4,Yasʼalunaka maḏa ʼuḥilla lahum qul ʼuḥilla lakum aṭ-ṭayyibatu wa ma ɛallamtum mina al-jawariḥi mukallibina tuɛallimunahunna mimma ɛallamakum Allahu fakulu mimma ʼamsakna ɛalaykum wa aḏkuru asma Allahi ɛalayhi wa attaqu Allaha ʼinna Allaha sariɛu al-ḥisab.
5,5,Al-yawma ʼuḥilla lakum aṭ-ṭayyibatu wa ṭaɛamu al-laḏina ʼutu al-kitaba ḥillun lakum wa ṭaɛamukum ḥillun lahum wa al-muḥṣanatu mina al-muʼminati wa al-muḥṣanatu mina al-laḏina ʼutu al-kitaba min qablikum ʼiḏa ʼataytumuhunna ʼujurahunna muḥṣinina ɣayra musafiḥina wa la muttaxiḏi ʼaxdanin wa man yakfur bil-ʼimani faqad ḥabiṭa ɛamaluhu wa huwa fi al-ʼaxirati mina al-xasirin.
5,6,Ya ʼayyuha al-laḏina ʼamanu ʼiḏa qumtum ʼila aṣ-ṣalati faɣsilu wujuhakum wa ʼaydiyakum ʼila al-marafiqi wa amsaḥu biruʼsikum wa ʼarjulakum ʼila al-kaɛbayni wa ʼin kuntum junuban fa aṭṭahharu wa ʼin kuntum marḍa ʼaw ɛala safarin ʼaw jaʼa ʼaḥadun minkum mina al-ɣaʼiṭi ʼaw lamastum an-nisaʼ falam tajidu maʼan fatayammamu ṣaɛidan ṭayyiban famsaḥu biwujuhikum wa ʼaydikum minhu ma yuridu Allahu liyajɛala ɛalaykum min ḥarajin wa lakin yuridu liyuṭahhirakum waliyutimma niɛmatahu ɛalaykum laɛallakum tackurun.
5,7,Wa aḏkuru niɛmata Allahi ɛalaykum wa miṯaqahu al-laḏi wa aṯaqakum bihi ʼiḏ qultum samiɛna wa ʼaṭaɛna wa attaqu Allaha ʼinna Allaha ɛalimun biḏati aṣ-ṣudur.
5,8,Ya ʼayyuha al-laḏina ʼamanu kunu qawwamina Lillahi cuhadaʼa bil-qisṭi wa la yajrimannakum canaʼanu qawmin ɛala ʼalla taɛdilu aɛdilu huwa ʼaqrabu lilttaqwa wa attaqu Allaha ʼinna Allaha xabirun bima taɛmalun.
5,9,Waɛada Allahu al-laḏina ʼamanu wa ɛamilu aṣ-ṣaliḥati lahum maɣfiratun wa ʼajrun ɛaḏ̣imun.
5,10,Wa al-laḏina kafaru wa kaḏḏabu biʼayatina ʼulaʼika ʼaṣḥabu al-jaḥim.
5,11,Ya ʼayyuha al-laḏina ʼamanu aḏkuru niɛmata Allahi ɛalaykum ʼiḏ hamma qawmun ʼan yabsuṭu ʼilaykum ʼaydiyahum fakaffa ʼaydiyahum ɛankum wa attaqu Allaha wa ɛala Allahi falyatawakkal al-muʼminun.
5,12,Wa laqad ʼaxaḏa Allahu miṯaqa bani ʼisraʼila wa baɛaṯna minhum aṯnay ɛacara naqiban wa qala Allahu ʼinni maɛakum laʼin ʼaqamtum aṣ-ṣalata wa ʼataytum az-zakata wa ʼamantum birusuli wa ɛazzartumuhum wa ʼaqraḍtum Allaha qarḍan ḥasanan laʼukaffiranna ɛankum sayyiʼatikum wa laʼudxilannakum jannatin tajri min taḥtiha al-ʼanharu faman kafara baɛda ḏalika minkum faqad ḍalla sawaʼa as-sabil.
5,13,Fabima naqḍihim miṯaqahum laɛannahum wa jaɛalna qulubahum qasiyatan yuḥarrifuna al-kalima ɛan mawaḍiɛihi wa nasu ḥaḏ̣ḏ̣an mimma ḏukkiru bihi wa la tazalu taṭṭaliɛu ɛala xaʼinatin minhum ʼilla qalilan minhum faɛfu ɛanhum wa aṣfaḥ ʼinna Allaha yuḥibbu al-muḥsinin.
5,14,Wa mina al-laḏina qalu ʼinna naṣara ʼaxaḏna miṯaqahum fanasu ḥaḏ̣ḏ̣an mimma ḏukkiru bihi faʼaɣrayna baynahum al-ɛadawata wa al-baɣḍaʼa ʼila yawmi al-qiyamati wa sawfa yunabbiʼuhum Allahu bima kanu yaṣnaɛun.
5,15,Ya ʼahla al-kitabi qad jaʼakum rasuluna yubayyinu lakum kaṯiran mimma kuntum tuxfuna mina al-kitabi wa yaɛfu ɛan kaṯirin qad jaʼakum mina Allahi nurun wa kitabun mubinun.
5,16,Yahdi bihi Allahu man attabaɛa riḍwanahu subula as-salami wa yuxrijuhum mina aḏ̣-ḏ̣ulumati ʼila an-nur biʼiḏnihi wa yahdihim ʼila ṣiraṭin mustaqimin.
5,17,Laqad kafara al-laḏina qalu ʼinna Allaha huwa al-masiḥu abnu maryama qul faman yamliku mina Allahi cayʼan ʼin ʼarada ʼan yuhlika al-masiḥa abna maryama wa ʼummahu wa man fi al-ʼarḍi jamiɛan wa Lillahi mulku as-samawati wa al-ʼarḍi wa ma baynahuma yxluqu ma yacaʼu wa Allahu ɛala kulli cayʼin qadirun.
5,18,Wa qalat al-yahudu wa an-naṣara naḥnu ʼabnaʼu Allahi wa ʼaḥibbaʼuuhu qul falima yuɛaḏḏibukum biḏunubikum bal ʼantum bacarun mimman xalaqa yaɣfiru liman yacaʼu wa yuɛaḏḏibu man yacaʼu wa Lillahi mulku as-samawati wa al-ʼarḍi wa ma baynahuma wa ʼilayhi al-maṣir.
5,19,Ya ʼahla al-kitabi qad jaʼakum rasuluna yubayyinu lakum ɛala fatratin mina ar-rusuli ʼan taqulu ma jaʼana min bacirin wa la naḏirin faqad jaʼakum bacirun wa naḏirun wa Allahu ɛala kulli cayʼin qadirun.
5,20,Wa ʼiḏ qala musa liqawmihi ya qawmi aḏkuru niɛmata Allahi ɛalaykum ʼiḏ jaɛala fikum ʼanbiyaʼa wa jaɛalakum mulukan wa ʼatakum ma lam yuʼti ʼaḥadan mina al-ɛalamin.
5,21,Ya qawmi adxulu al-ʼarḍa al-muqaddasata allati kataba Allahu lakum wa la tartaddu ɛala ʼadbarikum fatanqalibu xasirin.
5,22,Qalu ya musa ʼinna fiha qawman jabbarina wa ʼinna lan nadxulaha ḥatta yaxruju minha faʼin yaxruju minha faʼinna daxilun.
5,23,Qala rajulani mina al-laḏina yaxafuna ʼanɛama Allahu ɛalayhima adxulu ɛalayhim al-baba faʼiḏa daxaltumuhu faʼinnakum ɣalibuna wa ɛala Allahi fatawakkalu ʼin kuntum muʼminin.
5,24,Qalu ya musa ʼinna lan nadxulaha ʼabadan ma damu fiha faḏ/hab ʼanta wa rabbuka faqatila ʼinna hahuna qaɛidun.
5,25,Qala rabbi ʼinni la ʼamliku ʼilla nafsi wa ʼaxi fafruq baynana wa bayna al-qawmi al-fasiqin.
5,26,Qala faʼinnaha muḥarramatun ɛalayhim ʼarbaɛina sanatan yatihuna fi al-ʼarḍi fala taʼsa ɛala al-qawmi al-fasiqin.
5,27,Wa atlu ɛalayhim nabaʼa abnay ʼadama bil-ḥaqqi ʼiḏ qarraba qurbanan fatuqubbila min ʼaḥadihima wa lam yutaqabbal mina al-ʼaxari qala laʼaqtulannaka qala ʼinnama yataqabbalu Allahu mina al-muttaqin.
5,28,Laʼin basaṭta ʼilayya yadaka litaqtulani ma ʼana bibasiṭin yadi ʼilayka liʼqtulaka ʼinni ʼaxafu Allaha rabba al-ɛalamin.
5,29,ʼinni ʼuridu ʼan tabuʼa biʼiṯmi wa ʼiṯmika fatakuna min ʼaṣḥabi an-nari wa ḏalika jazaʼu aḏ̣-ḏ̣alimin.
5,30,Faṭawwaɛat lahu nafsuhu qatla ʼaxihi faqatalahu faʼaṣbaḥa mina al-xasirin.
5,31,Fabaɛaṯa Allahu ɣuraban yabḥaṯu fi al-ʼarḍi liyuriyahu kayfa yuwari sawʼata ʼaxihi qala ya waylata ʼaɛajaztu ʼan ʼakuna miṯla haḏa al-ɣurabi faʼuwariya sawʼata ʼaxi faʼaṣbaḥa mina an-nadimin.
5,32,Min ʼajli ḏalika katabna ɛala bani ʼisraʼila ʼannahu man qatala nafsan biɣayri nafsin ʼaw fasadin fi al-ʼarḍi fakaʼannama qatala an-nasa jamiɛan wa man ʼaḥyaha fakaʼannama ʼaḥya an-nasa jamiɛan wa laqad jaʼat/hum rusuluna bil-bayyinati ṯumma ʼinna kaṯiran minhum baɛda ḏalika fi al-ʼarḍi lamusrifun.
5,33,ʼinnama jazaʼu al-laḏina yuḥaribuna Allaha wa rasulahu wa yasɛawna fi al-ʼarḍi fasadan ʼan yuqattalu ʼaw yuṣallabu ʼaw tuqaṭṭaɛa ʼaydihim wa ʼarjuluhum min xilafin ʼaw yunfaw mina al-ʼarḍi ḏalika lahum xizyun fi ad-dunya wa lahum fi al-ʼaxirati ɛaḏabun ɛaḏ̣imun.
5,34,ʼilla al-laḏina tabu min qabli ʼan taqdiru ɛalayhim faɛlamu ʼanna Allaha ɣafurun raḥimun.
5,35,Ya ʼayyuha al-laḏina ʼamanu attaqu Allaha wa abtaɣu ʼilayhi al-wasilata wa jahidu fi sabilihi laɛallakum tufliḥun.
5,36,ʼinna al-laḏina kafaru law ʼanna lahum ma fi al-ʼarḍi jamiɛan wa miṯlahu maɛahu liyaftadu bihi min ɛaḏabi yawmi al-qiyamati ma tuqubbila minhum wa lahum ɛaḏabun ʼalimun.
5,37,Yuriduna ʼan yaxruju mina an-nari wa ma hum bixarijina minha wa lahum ɛaḏabun muqimun.
5,38,Wa as-sariqu wa as-sariqatu faqṭaɛu ʼaydiyahuma jazaʼan bima kasaba nakalan mina Allahi wa Allahu ɛazizun ḥakimun.
5,39,Faman taba min baɛdi ḏ̣ulmihi wa ʼaṣlaḥa faʼinna Allaha yatubu ɛalayhi ʼinna Allaha ɣafurun raḥimun.
5,40,ʼalam taɛlam ʼanna Allaha lahu mulku as-samawati wa al-ʼarḍi yuɛaḏḏibu man yacaʼu wa yaɣfiru liman yacaʼu wa Allahu ɛala kulli cayʼin qadirun.
5,41,Ya ʼayyuha ar-rasulu la yaḥzunka al-laḏina yusariɛuna fi al-kufri mina al-laḏina qalu ʼamanna biʼafwahihim wa lam tuʼmin qulubuhum wa mina al-laḏina hadu sammaɛuna lilkaḏibi sammaɛuna liqawmin ʼaxarina lam yaʼtuka yuḥarrifuna al-kalima min baɛdi mawaḍiɛihi yaquluna ʼin ʼutitum haḏa faxuḏuhu wa ʼin lam tuʼtawhu faḥḏaru wa man yurid Allahu fitnatahu falan tamlika lahu mina Allahi cayʼan ʼulaʼika al-laḏina lam yurid Allahu ʼan yuṭahhira qulubahum lahum fi ad-dunya xizyun wa lahum fi al-ʼaxirati ɛaḏabun ɛaḏ̣imun.
5,42,Sammaɛuna lilkaḏibi ʼakkaluna lilssuḥti faʼin jaʼuka faḥkum baynahum ʼaw ʼaɛriḍ ɛanhum wa ʼin tuɛriḍ ɛanhum falan yaḍurruka cayʼan wa ʼin ḥakamta faḥkum baynahum bil-qisṭi ʼinna Allaha yuḥibbu al-muqsiṭin.
5,43,Wa kayfa yuḥakkimunaka wa ɛindahum at-tawratu fiha ḥukmu Allahi ṯumma yatawallawna min baɛdi ḏalika wa ma ʼulaʼika bil-muʼminin.
5,44,ʼinna ʼanzalna at-tawrata fiha hudan wa nurun yaḥkumu biha an-nabiyuna al-laḏina ʼaslamu lillaḏina hadu wa ar-rabbaniyuna wa al-ʼaḥbaru bima astuḥfiḏ̣u min kitabi Allahi wa kanu ɛalayhi cuhadaʼa fala taxcaw an-nasa wa axcawni wa la tactaru biʼayati ṯamanan qalilan wa man lam yaḥkum bima ʼanzala Allahu faʼulaʼika hum al-kafirun.
5,45,Wa katabna ɛalayhim fiha ʼanna an-nafsa bin-nafsi wa al-ɛayna bil-ɛayni wa al-ʼanfa bil-ʼanfi wa al-ʼuḏuna bil-ʼuḏuni wa as-sinna bis-sinni wa al-juruḥa qiṣaṣun faman taṣaddaqa bihi fahuwa kaffaratun lahu wa man lam yaḥkum bima ʼanzala Allahu faʼulaʼika hum aḏ̣-ḏ̣alimun.
5,46,Wa qaffayna ɛala ʼaṯarihim biɛisa abni maryama muṣaddiqan lima bayna yadayhi mina at-tawrati wa ʼataynahu al-ʼinjila fihi hudan wa nurun wa muṣaddiqan lima bayna yadayhi mina at-tawrati wa hudan wa mawɛiḏ̣atan lilmuttaqin.
5,47,Wa liaḥkum ʼahlu al-ʼinjili bima ʼanzala Allahu fihi wa man lam yaḥkum bima ʼanzala Allahu faʼulaʼika hum al-fasiqun.
5,48,Wa ʼanzalna ʼilayka al-kitaba bil-ḥaqqi muṣaddiqan lima bayna yadayhi mina al-kitabi wa muhayminan ɛalayhi faḥkum baynahum bima ʼanzala Allahu wa la tattabiɛ ʼahwaʼahum ɛamma jaʼaka mina al-ḥaqqi likullin jaɛalna minkum cirɛatan wa minhajan wa law caʼa Allahu lajaɛalakum ʼummatan waḥidatan wa lakin liyabluwakum fi ma ʼatakum fastabiqu al-xayrati ʼila Allahi marjiɛukum jamiɛan fayunabbiʼukum bima kuntum fihi taxtalifun.
5,49,Wa ʼan aḥkum baynahum bima ʼanzala Allahu wa la tattabiɛ ʼahwaʼahum wa aḥḏarhum ʼan yaftinuka ɛan baɛḍi ma ʼanzala Allahu ʼilayka faʼin tawallaw faɛlam ʼannama yuridu Allahu ʼan yuṣibahum bibaɛḍi ḏunubihim wa ʼinna kaṯiran mina an-nasi lafasiqun.
5,50,ʼafaḥukma al-jahiliyati yabɣuna wa man ʼaḥsanu mina Allahi ḥukman liqawmin yuqinun.
5,51,Ya ʼayyuha al-laḏina ʼamanu la tattaxiḏu al-yahuda wa an-naṣara ʼawliyaʼa baɛḍuhum ʼawliyaʼu baɛḍin wa man yatawallahum minkum faʼinnahu minhum ʼinna Allaha la yahdi al-qawma aḏ̣-ḏ̣alimin.
5,52,Fatara al-laḏina fi qulubihim maraḍun yusariɛuna fihim yaquluna naxca ʼan tuṣibana daʼiratun faɛasa Allahu ʼan yaʼtiya bil-fatḥi ʼaw ʼamrin min ɛindihi fayuṣbiḥu ɛala ma ʼasarru fi ʼanfusihim nadimin.
5,53,Wa yaqulu al-laḏina ʼamanu ʼahaʼuulaʼ al-laḏina ʼaqsamu Billahi jahda ʼaymanihim ʼinnahum lamaɛakum ḥabiṭat ʼaɛmaluhum faʼaṣbaḥu xasirin.
5,54,Ya ʼayyuha al-laḏina ʼamanu man yartadda minkum ɛan dinihi fasawfa yaʼti Allahu biqawmin yuḥibbuhum wa yuḥibbunahu ʼaḏillatin ɛala al-muʼminina ʼaɛizzatin ɛala al-kafirina yujahiduna fi sabili Allahi wa la yaxafuna lawmata laʼimin ḏalika faḍlu Allahi yuʼtihi man yacaʼu wa Allahu wasiɛun ɛalimun.
5,55,ʼinnama wa liyukum Allahu wa rasuluhu wa al-laḏina ʼamanu al-laḏina yuqimuna aṣ-ṣalata wa yuʼtuna az-zakata wa hum rakiɛun.
5,56,Wa man yatawalla Allaha wa rasulahu wa al-laḏina ʼamanu faʼinna ḥizba Allahi hum al-ɣalibun.
5,57,Ya ʼayyuha al-laḏina ʼamanu la tattaxiḏu al-laḏina attaxaḏu dinakum huzuan wa laɛiban mina al-laḏina ʼutu al-kitaba min qablikum wa al-kuffara ʼawliyaʼa wa attaqu Allaha ʼin kuntum muʼminin.
5,58,Wa ʼiḏa nadaytum ʼila aṣ-ṣalati attaxaḏuha huzuan wa laɛiban ḏalika biʼannahum qawmun la yaɛqilun.
5,59,Qul ya ʼahla al-kitabi hal tanqimuna minna ʼilla ʼan ʼamanna Billahi wa ma ʼunzila ʼilayna wa ma ʼunzila min qablu wa ʼanna ʼakṯarakum fasiqun.
5,60,Qul hal ʼunabbiʼukum bicarrin min ḏalika maṯubatan ɛinda Allahi man laɛanahu Allahu wa ɣaḍiba ɛalayhi wa jaɛala minhum al-qiradata wa al-xanazira wa ɛabada aṭ-ṭaɣuta ʼulaʼika carrun makanan wa ʼaḍallu ɛan sawaʼi as-sabil.
5,61,Wa ʼiḏa jaʼukum qalu ʼamanna wa qad daxalu bil-kufri wa hum qad xaraju bihi wa Allahu ʼaɛlamu bima kanu yaktumun.
5,62,Wa tara kaṯiran minhum yusariɛuna fi al-ʼiṯmi wa al-ɛudwani wa ʼaklihim as-suḥta labiʼsa ma kanu yaɛmalun.
5,63,Lawla yanhahum ar-rabbaniyuna wa al-ʼaḥbaru ɛan qawlihim al-ʼiṯma wa ʼaklihim as-suḥta labiʼsa ma kanu yaṣnaɛun.
5,64,Wa qalat al-yahudu yadu Allahi maɣlulatun ɣullat ʼaydihim wa luɛinu bima qalu bal yadahu mabsuṭatani yunfiqu kayfa yacaʼu wa layazidanna kaṯiran minhum ma ʼunzila ʼilayka min rabbika ṭuɣyanan wa kufran wa ʼalqayna baynahum al-ɛadawata wa al-baɣḍaʼa ʼila yawmi al-qiyamati kullama ʼawqadu naran lilḥarbi ʼaṭfaʼaha Allahu wa yasɛawna fi al-ʼarḍi fasadan wa Allahu la yuḥibbu al-mufsidin.
5,65,Wa law ʼanna ʼahla al-kitabi ʼamanu wa attaqaw lakaffarna ɛanhum sayyiʼatihim wa laʼadxalnahum jannati an-naɛim.
5,66,Wa law ʼannahum ʼaqamu at-tawrata wa al-ʼinjila wa ma ʼunzila ʼilayhim min rabbihim laʼakalu min fawqihim wa min taḥti ʼarjulihim minhum ʼummatun muqtaṣidatun wa kaṯirun minhum saʼa ma yaɛmalun.
5,67,Ya ʼayyuha ar-rasulu balliɣ ma ʼunzila ʼilayka min rabbika wa ʼin lam tafɛal fama ballaɣta risalatahu wa Allahu yaɛṣimuka mina an-nasi ʼinna Allaha la yahdi al-qawma al-kafirin.
5,68,Qul ya ʼahla al-kitabi lastum ɛala cayʼin ḥatta tuqimu at-tawrata wa al-ʼinjila wa ma ʼunzila ʼilaykum min rabbikum wa layazidanna kaṯiran minhum ma ʼunzila ʼilayka min rabbika ṭuɣyanan wa kufran fala taʼsa ɛala al-qawmi al-kafirin.
5,69,ʼinna al-laḏina ʼamanu wa al-laḏina hadu wa aṣ-ṣabiʼuna wa an-naṣara man ʼamana Billahi wa al-yawmi al-ʼaxiri wa ɛamila ṣaliḥan fala xawfun ɛalayhim wa la hum yaḥzanun.
5,70,Laqad ʼaxaḏna miṯaqa bani ʼisraʼila wa ʼarsalna ʼilayhim rusulan kullama jaʼahum rasulun bima la tahwa ʼanfusuhum fariqan kaḏḏabu wa fariqan yaqtulun.
5,71,Wa ḥasibu ʼalla takuna fitnatun faɛamu wa ṣammu ṯumma taba Allahu ɛalayhim ṯumma ɛamu wa ṣammu kaṯirun minhum wa Allahu baṣirun bima yaɛmalun.
5,72,Laqad kafara al-laḏina qalu ʼinna Allaha huwa al-masiḥu abnu maryama wa qala al-masiḥu ya bani ʼisraʼila aɛbudu Allaha rabbi wa rabbakum ʼinnahu man yucrik Billahi faqad ḥarrama Allahu ɛalayhi al-jannata wa maʼwahu an-naru wa ma lilḏ̣ḏ̣alimina min ʼanṣarin.
5,73,Laqad kafara al-laḏina qalu ʼinna Allaha ṯaliṯu ṯalaṯatin wa ma min ʼilahin ʼilla ʼilahun waḥidun wa ʼin lam yantahu ɛamma yaquluna layamassanna al-laḏina kafaru minhum ɛaḏabun ʼalimun.
5,74,ʼafala yatubuna ʼila Allahi wa yastaɣfirunahu wa Allahu ɣafurun raḥimun.
5,75,Ma al-masiḥu abnu maryama ʼilla rasulun qad xalat min qablihi ar-rusulu wa ʼummuhu ṣiddiqatun kana yaʼkulani aṭ-ṭaɛama anḏ̣ur kayfa nubayyinu lahum al-ʼayati ṯumma anḏ̣ur ʼanna yuʼfakun.
5,76,Qul ʼataɛbuduna min duni Allahi ma la yamliku lakum ḍarran wa la nafɛan wa Allahu huwa as-samiɛu al-ɛalim.
5,77,Qul ya ʼahla al-kitabi la taɣlu fi dinikum ɣayra al-ḥaqqi wa la tattabiɛu ʼahwaʼa qawmin qad ḍallu min qablu wa ʼaḍallu kaṯiran wa ḍallu ɛan sawaʼi as-sabil.
5,78,Luɛina al-laḏina kafaru min bani ʼisraʼila ɛala lisani dawuda wa ɛisa abni maryama ḏalika bima ɛaṣaw wa kanu yaɛtadun.
5,79,Kanu la yatanahawna ɛan munkarin faɛaluhu labiʼsa ma kanu yafɛalun.
5,80,Tara kaṯiran minhum yatawallawna al-laḏina kafaru labiʼsa ma qaddamat lahum ʼanfusuhum ʼan saxiṭa Allahu ɛalayhim wa fi al-ɛaḏabi hum xalidun.
5,81,Wa law kanu yuʼminuna Billahi wa an-nabiyi wa ma ʼunzila ʼilayhi ma attaxaḏuhum ʼawliyaʼa wa lakinna kaṯiran minhum fasiqun.
5,82,Latajidanna ʼacadda an-nasi ɛadawatan lillaḏina ʼamanu al-yahuda wa al-laḏina ʼacraku wa latajidanna ʼaqrabahum mawaddatan lillaḏina ʼamanu al-laḏina qalu ʼinna naṣara ḏalika biʼanna minhum qissisina wa ruhbanan wa ʼannahum la yastakbirun.
5,83,Wa ʼiḏa samiɛu ma ʼunzila ʼila ar-rasuli tara ʼaɛyunahum tafiḍu mina ad-damɛi mimma ɛarafu mina al-ḥaqqi yaquluna rabbana ʼamanna faktubna maɛa ac-cahidin.
5,84,Wa ma lana la nuʼminu Billahi wa ma jaʼana mina al-ḥaqqi wa naṭmaɛu ʼan yudxilana rabbuna maɛa al-qawmi aṣ-ṣaliḥin.
5,85,Faʼaṯabahum Allahu bima qalu jannatin tajri min taḥtiha al-ʼanharu xalidina fiha wa ḏalika jazaʼu al-muḥsinin.
5,86,Wa al-laḏina kafaru wa kaḏḏabu biʼayatina ʼulaʼika ʼaṣḥabu al-jaḥim.
5,87,Ya ʼayyuha al-laḏina ʼamanu la tuḥarrimu ṭayyibati ma ʼaḥalla Allahu lakum wa la taɛtadu ʼinna Allaha la yuḥibbu al-muɛtadin.
5,88,Wa kulu mimma razaqakum Allahu ḥalalan ṭayyiban wa attaqu Allaha al-laḏi ʼantum bihi muʼminun.
5,89,La yuʼaxiḏukum Allahu bil-laɣwi fi ʼaymanikum wa lakin yuʼaxiḏukum bima ɛaqqadtum al-ʼimana fakaffaratuhu ʼiṭɛamu ɛacarati masakina min ʼawsaṭi ma tuṭɛimuna ʼahlikum ʼaw kiswatuhum ʼaw taḥriru raqabatin faman lam yajid faṣiyamu ṯalaṯati ʼayyamin ḏalika kaffaratu ʼaymanikum ʼiḏa ḥalaftum wa aḥfaḏ̣u ʼaymanakum kaḏalika yubayyinu Allahu lakum ʼayatihi laɛallakum tackurun.
5,90,Ya ʼayyuha al-laḏina ʼamanu ʼinnama al-xamru wa al-maysiru wa al-ʼanṣabu wa al-ʼazlamu rijsun min ɛamali ac-cayṭani fajtanibuhu laɛallakum tufliḥun.
5,91,ʼinnama yuridu ac-cayṭanu ʼan yuqiɛa baynakum al-ɛadawata wa al-baɣḍaʼa fi al-xamri wa al-maysiri wa yaṣuddakum ɛan ḏikri Allahi wa ɛan aṣ-ṣalati fahal ʼantum muntahun.
5,92,Wa ʼaṭiɛu Allaha wa ʼaṭiɛu ar-rasula wa aḥḏaru faʼin tawallaytum faɛlamu ʼannama ɛala rasulina al-balaɣu al-mubin.
5,93,Laysa ɛala al-laḏina ʼamanu wa ɛamilu aṣ-ṣaliḥati junaḥun fima ṭaɛimu ʼiḏa ma attaqaw wa ʼamanu wa ɛamilu aṣ-ṣaliḥati ṯumma attaqaw wa ʼamanu ṯumma attaqaw wa ʼaḥsanu wa Allahu yuḥibbu al-muḥsinin.
5,94,Ya ʼayyuha al-laḏina ʼamanu layabluwannakum Allahu bicayʼin mina aṣ-ṣaydi tanaluhu ʼaydikum wa rimaḥukum liyaɛlama Allahu man yaxafuhu bil-ɣaybi faman aɛtada baɛda ḏalika falahu ɛaḏabun ʼalimun.
5,95,Ya ʼayyuha al-laḏina ʼamanu la taqtulu aṣ-ṣayda wa ʼantum ḥurumun wa man qatalahu minkum mutaɛammidan fajazaʼun miṯlu ma qatala mina an-naɛami yaḥkumu bihi ḏawa ɛadlin minkum hadyan baliɣa al-kaɛbati ʼaw kaffaratun ṭaɛamu masakina ʼaw ɛadlu ḏalika ṣiyaman liyaḏuqa wabala ʼamrihi ɛafa Allahu ɛamma salafa wa man ɛada fayantaqimu Allahu minhu wa Allahu ɛazizun ḏu antiqamin.
5,96,ʼuḥilla lakum ṣaydu al-baḥri wa ṭaɛamuhu mataɛan lakum wa lilssayyarati wa ḥurrima ɛalaykum ṣaydu al-barri ma dumtum ḥuruman wa attaqu Allaha al-laḏi ʼilayhi tuḥcarun.
5,97,Jaɛala Allahu al-kaɛbata al-bayta al-ḥarama qiyaman lilnnasi wa ac-cahra al-ḥarama wa al-hadya wa al-qalaʼida ḏalika litaɛlamu ʼanna Allaha yaɛlamu ma fi as-samawati wa ma fi al-ʼarḍi wa ʼanna Allaha bikulli cayʼin ɛalimun.
5,98,Aɛlamu ʼanna Allaha cadidu al-ɛiqabi wa ʼanna Allaha ɣafurun raḥimun.
5,99,Ma ɛala ar-rasuli ʼilla al-balaɣu wa Allahu yaɛlamu ma tubduna wa ma taktumun.
5,100,Qul la yastawi al-xabiṯu wa aṭ-ṭayyibu wa law ʼaɛjabaka kaṯratu al-xabiṯi fa attaqu Allaha ya ʼuli al-ʼalbabi laɛallakum tufliḥun.
5,101,Ya ʼayyuha al-laḏina ʼamanu la tasʼalu ɛan ʼacyaʼa ʼin tubda lakum tasuʼkum wa ʼin tasʼalu ɛanha ḥina yunazzalu al-qurʼanu tubda lakum ɛafa Allahu ɛanha wa Allahu ɣafurun ḥalimun.
5,102,Qad saʼalaha qawmun min qablikum ṯumma ʼaṣbaḥu biha kafirin.
5,103,Ma jaɛala Allahu min baḥiratin wa la saʼibatin wa la waṣilatin wa la ḥamin wa lakinna al-laḏina kafaru yaftaruna ɛala Allahi al-kaḏiba wa ʼakṯaruhum la yaɛqilun.
5,104,Wa ʼiḏa qila lahum taɛalaw ʼila ma ʼanzala Allahu wa ʼila ar-rasuli qalu ḥasbuna ma wajadna ɛalayhi ʼabaʼana ʼawalaw kana ʼabaʼuuhum la yaɛlamuna cayʼan wa la yahtadun.
5,105,Ya ʼayyuha al-laḏina ʼamanu ɛalaykum ʼanfusakum la yaḍurrukum man ḍalla ʼiḏa ahtadaytum ʼila Allahi marjiɛukum jamiɛan fayunabbiʼukum bima kuntum taɛmalun.
5,106,Ya ʼayyuha al-laḏina ʼamanu cahadatu baynikum ʼiḏa ḥaḍara ʼaḥadakum al-mawtu ḥina al-waṣiyati aṯnani ḏawa ɛadlin minkum ʼaw ʼaxarani min ɣayrikum ʼin ʼantum ḍarabtum fi al-ʼarḍi faʼaṣabatkum muṣibatu al-mawti taḥbisunahuma min baɛdi aṣ-ṣalati fayuqsimani Billahi ʼin artabtum la nactari bihi ṯamanan wa law kana ḏa qurba wa la naktumu cahadata Allahi ʼinna ʼiḏan lamina al-ʼaṯimin.
5,107,Faʼin ɛuṯira ɛala ʼannahuma astaḥaqqa ʼiṯman faʼaxarani yaqumani maqamahuma mina al-laḏina astaḥaqqa ɛalayhim al-ʼawlayani fayuqsimani Billahi lacahadatuna ʼaḥaqqu min cahadatihima wa ma aɛtadayna ʼinna ʼiḏan lamina aḏ̣-ḏ̣alimin.
5,108,Ḏalika ʼadna ʼan yaʼtu bic-cahadati ɛala wajhiha ʼaw yaxafu ʼan turadda ʼaymanun baɛda ʼaymanihim wa attaqu Allaha wa asmaɛu wa Allahu la yahdi al-qawma al-fasiqin.
5,109,Yawma yajmaɛu Allahu ar-rusula fayaqulu maḏa ʼujibtum qalu la ɛilma lana ʼinnaka ʼanta ɛallamu al-ɣuyub.
5,110,ʼiḏ qala Allahu ya ɛisa abna maryama aḏkur niɛmati ɛalayka wa ɛala wa a-datika ʼiḏ ʼayyadttuka biruḥi al-qudusi tukallimu an-nasa fi al-mahdi wa kahlan wa ʼiḏ ɛallamtuka al-kitaba wa al-ḥikmata wa at-tawrata wa al-ʼinjila wa ʼiḏ taxluqu mina aṭ-ṭini kahayʼati aṭ-ṭayri biʼiḏni fatanfuxu fiha fatakunu ṭayran biʼiḏni wa tubriʼu al-ʼakmaha wa al-ʼabraṣa biʼiḏni wa ʼiḏ tuxriju al-mawta biʼiḏni wa ʼiḏ kafaftu bani ʼisraʼila ɛanka ʼiḏ jiʼtahum bil-bayyinati faqala al-laḏina kafaru minhum ʼin haḏa ʼilla siḥrun mubinun.
5,111,Wa ʼiḏ ʼawḥaytu ʼila al-ḥawariyina ʼan ʼaminu bi wa birasuli qalu ʼamanna wa ac/had biʼannana muslimun.
5,112,ʼiḏ qala al-ḥawariyuna ya ɛisa abna maryama hal yastaṭiɛu rabbuka ʼan yunazzila ɛalayna maʼidatan mina as-samaʼi qala attaqu Allaha ʼin kuntum muʼminin.
5,113,Qalu nuridu ʼan naʼkula minha wa taṭmaʼinna qulubuna wa naɛlama ʼan qad ṣadaqtana wa nakuna ɛalayha mina ac-cahidin.
5,114,Qala ɛisa abnu maryama al-lahumma rabbana ʼanzil ɛalayna maʼidatan mina as-samaʼi takunu lana ɛidan liʼwwalina wa ʼaxirina wa ʼayatan minka wa arzuqna wa ʼanta xayru ar-raziqin.
5,115,Qala Allahu ʼinni munazziluha ɛalaykum faman yakfur baɛdu minkum faʼinni ʼuɛaḏḏibuhu ɛaḏaban la ʼuɛaḏḏibuhu ʼaḥadan mina al-ɛalamin.
5,116,Wa ʼiḏ qala Allahu ya ɛisa abna maryama ʼaʼanta qulta lilnnasi attaxiḏuni wa ʼummi ʼilahayni min duni Allahi qala subḥanaka ma yakunu li ʼan ʼaqula ma laysa li biḥaqqin ʼin kuntu qultuhu faqad ɛalimtahu taɛlamu ma fi nafsi wa la ʼaɛlamu ma fi nafsika ʼinnaka ʼanta ɛallamu al-ɣuyub.
5,117,Ma qultu lahum ʼilla ma ʼamartani bihi ʼan aɛbudu Allaha rabbi wa rabbakum wa kuntu ɛalayhim cahidan ma dumtu fihim falamma tawaffaytani kunta ʼanta ar-raqiba ɛalayhim wa ʼanta ɛala kulli cayʼin cahidun.
5,118,ʼin tuɛaḏḏibhum faʼinnahum ɛibaduka wa ʼin taɣfir lahum faʼinnaka ʼanta al-ɛazizu al-ḥakim.
5,119,Qala Allahu haḏa yawmu yanfaɛu aṣ-ṣadiqina ṣidquhum lahum jannatun tajri min taḥtiha al-ʼanharu xalidina fiha ʼabadan raḍiya Allahu ɛanhum wa raḍu ɛanhu ḏalika al-fawzu al-ɛaḏ̣im.
5,120,Lillahi mulku as-samawati wa al-ʼarḍi wa ma fihinna wa huwa ɛala kulli cayʼin qadirun.
6,1,Al-ḥamdu Lillahi al-laḏi xalaqa as-samawati wa al-ʼarḍa wa jaɛala aḏ̣-ḏ̣ulumati wa an-nur ṯumma al-laḏina kafaru birabbihim yaɛdilun.
6,2,Huwa al-laḏi xalaqakum min ṭinin ṯumma qaḍa ʼajalan wa ʼajalun musamman ɛindahu ṯumma ʼantum tamtarun.
6,3,Wa huwa Allahu fi as-samawati wa fi al-ʼarḍi yaɛlamu sirrakum wa jahrakum wa yaɛlamu ma taksibun.
6,4,Wa ma taʼtihim min ʼayatin min ʼayati rabbihim ʼilla kanu ɛanha muɛriḍin.
6,5,Faqad kaḏḏabu bil-ḥaqqi lamma jaʼahum fasawfa yaʼtihim ʼanbaʼu ma kanu bihi yastahziʼun.
6,6,ʼalam yaraw kam ʼahlakna min qablihim min qarnin makkannahum fi al-ʼarḍi ma lam numakkin lakum wa ʼarsalna as-samaʼa ɛalayhim midraran wa jaɛalna al-ʼanhara tajri min taḥtihim faʼahlaknahum biḏunubihim wa ʼancaʼna min baɛdihim qarnan ʼaxarin.
6,7,Wa law nazzalna ɛalayka kitaban fi qirṭasin falamasuhu biʼaydihim laqala al-laḏina kafaru ʼin haḏa ʼilla siḥrun mubinun.
6,8,Wa qalu lawla ʼunzila ɛalayhi malakun wa law ʼanzalna malakan laquḍiya al-ʼamru ṯumma la yunḏ̣arun.
6,9,Wa law jaɛalnahu malakan lajaɛalnahu rajulan wa lalabasna ɛalayhim ma yalbisun.
6,10,Wa laqad astuhziʼa birusulin min qablika faḥaqa bial-laḏina saxiru minhum ma kanu bihi yastahziʼun.
6,11,Qul siru fi al-ʼarḍi ṯumma anḏ̣uru kayfa kana ɛaqibatu al-mukaḏḏibin.
6,12,Qul liman ma fi as-samawati wa al-ʼarḍi qul Lillahi kataba ɛala nafsihi ar-raḥmata layajmaɛannakum ʼila yawmi al-qiyamati la rayba fihi al-laḏina xasiru ʼanfusahum fahum la yuʼminun.
6,13,Wa lahu ma sakana fi al-layli wa an-nahari wa huwa as-samiɛu al-ɛalim.
6,14,Qul ʼaɣayra Allahi ʼattaxiḏu waliyan faṭiri as-samawati wa al-ʼarḍi wa huwa yuṭɛimu wa la yuṭɛamu qul ʼinni ʼumirtu ʼan ʼakuna ʼawwala man ʼaslama wa la takunanna mina al-mucrikin.
6,15,Qul ʼinni ʼaxafu ʼin ɛaṣaytu rabbi ɛaḏaba yawmin ɛaḏ̣imin.
6,16,Man yuṣraf ɛanhu yawmaʼiḏin faqad raḥimahu wa ḏalika al-fawzu al-mubin.
6,17,Wa ʼin yamsaska Allahu biḍurrin fala kacifa lahu ʼilla huwa wa ʼin yamsaska bixayrin fahuwa ɛala kulli cayʼin qadirun.
6,18,Wa huwa al-qahiru fawqa ɛibadihi wa huwa al-ḥakimu al-xabir.
6,19,Qul ʼayyu cayʼin ʼakbaru cahadatan qul Allahu cahidun bayni wa baynakum wa ʼuḥiya ʼilayya haḏa al-qurʼanu liʼnḏirakum bihi wa man balaɣa ʼaʼinnakum latac/haduna ʼanna maɛa Allahi ʼalihatan ʼuxra qul la ʼac/hadu qul ʼinnama huwa ʼilahun waḥidun wa ʼinnani bariʼun mimma tucrikun.
6,20,Al-laḏina ʼataynahum al-kitaba yaɛrifunahu kama yaɛrifuna ʼabnaʼahum al-laḏina xasiru ʼanfusahum fahum la yuʼminun.
6,21,Wa man ʼaḏ̣lamu mimman aftara ɛala Allahi kaḏiban ʼaw kaḏḏaba biʼayatihi ʼinnahu la yufliḥu aḏ̣-ḏ̣alimun.
6,22,Wa yawma naḥcuruhum jamiɛan ṯumma naqulu lillaḏina ʼacraku ʼayna curakaʼuukum al-laḏina kuntum tazɛumun.
6,23,Ṯumma lam takun fitnatuhum ʼilla ʼan qalu wa al-lahi rabbina ma kunna mucrikin.
6,24,Anḏ̣ur kayfa kaḏabu ɛala ʼanfusihim wa ḍalla ɛanhum ma kanu yaftarun.
6,25,Wa minhum man yastamiɛu ʼilayka wa jaɛalna ɛala qulubihim ʼakinnatan ʼan yafqahuhu wa fi ʼaḏanihim waqran wa ʼin yaraw kulla ʼayatin la yuʼminu biha ḥatta ʼiḏa jaʼuka yujadilunaka yaqulu al-laḏina kafaru ʼin haḏa ʼilla ʼasaṭiru al-ʼawwalin.
6,26,Wa hum yanhawna ɛanhu wa yanʼawna ɛanhu wa ʼin yuhlikuna ʼilla ʼanfusahum wa ma yacɛurun.
6,27,Wa law tara ʼiḏ wuqifu ɛala an-nari faqalu ya laytana nuraddu wa la nukaḏḏiba biʼayati rabbina wa nakuna mina al-muʼminin.
6,28,Bal bada lahum ma kanu yuxfuna min qablu wa law ruddu laɛadu lima nuhu ɛanhu wa ʼinnahum lakaḏibun.
6,29,Wa qalu ʼin hiya ʼilla ḥayatuna ad-dunya wa ma naḥnu bimabɛuṯin.
6,30,Wa law tara ʼiḏ wuqifu ɛala rabbihim qala ʼalaysa haḏa bil-ḥaqqi qalu bala wa rabbina qala faḏuqu al-ɛaḏaba bima kuntum takfurun.
6,31,Qad xasira al-laḏina kaḏḏabu biliqaʼi Allahi ḥatta ʼiḏa jaʼat/hum as-saɛatu baɣtatan qalu ya ḥasratana ɛala ma farraṭna fiha wa hum yaḥmiluna ʼawzarahum ɛala ḏ̣uhurihim ʼala saʼa ma yazirun.
6,32,Wa ma al-ḥayatu ad-dunya ʼilla laɛibun wa lahwun wa lalddaru al-ʼaxiratu xayrun lillaḏina yattaquna ʼafala taɛqilun.
6,33,Qad naɛlamu ʼinnahu layaḥzunuka al-laḏi yaquluna faʼinnahum la yukaḏḏibunaka wa lakinna aḏ̣-ḏ̣alimina biʼayati Allahi yajḥadun.
6,34,Wa laqad kuḏḏibat rusulun min qablika faṣabaru ɛala ma kuḏḏibu wa ʼuḏu ḥatta ʼatahum naṣruna wa la mubaddila likalimati Allahi wa laqad jaʼaka min nabaʼi al-mursalin.
6,35,Wa ʼin kana kabura ɛalayka ʼiɛraḍuhum faʼin astaṭaɛta ʼan tabtaɣiya nafaqan fi al-ʼarḍi ʼaw sullaman fi as-samaʼi fataʼtiyahum biʼayatin wa law caʼa Allahu lajamaɛahum ɛala al-huda fala takunanna mina al-jahilin.
6,36,ʼinnama yastajibu al-laḏina yasmaɛuna wa al-mawta yabɛaṯuhum Allahu ṯumma ʼilayhi yurjaɛun.
6,37,Wa qalu lawla nuzzila ɛalayhi ʼayatun min rabbihi qul ʼinna Allaha qadirun ɛala ʼan yunazzila ʼayatan wa lakinna ʼakṯarahum la yaɛlamun.
6,38,Wa ma min dabbatin fi al-ʼarḍi wa la ṭaʼirin yaṭiru bijanaḥayhi ʼilla ʼumamun ʼamṯalukum ma farraṭna fi al-kitabi min cayʼin ṯumma ʼila rabbihim yuḥcarun.
6,39,Wa al-laḏina kaḏḏabu biʼayatina ṣummun wa bukmun fi aḏ̣-ḏ̣ulumati man yacaʼ Allahu yuḍlilhu wa man yacaʼ yajɛalhu ɛala ṣiraṭin mustaqimin.
6,40,Qul ʼaraʼaytakum ʼin ʼatakum ɛaḏabu Allahi ʼaw ʼatatkum as-saɛatu ʼaɣayra Allahi tadɛuna ʼin kuntum ṣadiqin.
6,41,Bal ʼiyahu tadɛuna fayakcifu ma tadɛuna ʼilayhi ʼin caʼa wa tansawna ma tucrikun.
6,42,Wa laqad ʼarsalna ʼila ʼumamin min qablika faʼaxaḏnahum bil-baʼsaʼi wa aḍ-ḍarraʼi laɛallahum yataḍarraɛun.
6,43,Falawla ʼiḏ jaʼahum baʼsuna taḍarraɛu wa lakin qasat qulubuhum wa zayyana lahum ac-cayṭanu ma kanu yaɛmalun.
6,44,Falamma nasu ma ḏukkiru bihi fataḥna ɛalayhim ʼabwaba kulli cayʼin ḥatta ʼiḏa fariḥu bima ʼutu ʼaxaḏnahum baɣtatan faʼiḏa hum mublisun.
6,45,Faquṭiɛa dabiru al-qawmi al-laḏina ḏ̣alamu wa al-ḥamdu Lillahi rabbi al-ɛalamin.
6,46,Qul ʼaraʼaytum ʼin ʼaxaḏa Allahu samɛakum wa ʼabṣarakum wa xatama ɛala qulubikum man ʼilahun ɣayru Allahi yaʼtikum bihi anḏ̣ur kayfa nuṣarrifu al-ʼayati ṯumma hum yaṣdifun.
6,47,Qul ʼaraʼaytakum ʼin ʼatakum ɛaḏabu Allahi baɣtatan ʼaw jahratan hal yuhlaku ʼilla al-qawmu aḏ̣-ḏ̣alimun.
6,48,Wa ma nursilu al-mursalina ʼilla mubaccirina wa munḏirina faman ʼamana wa ʼaṣlaḥa fala xawfun ɛalayhim wa la hum yaḥzanun.
6,49,Wa al-laḏina kaḏḏabu biʼayatina yamassuhum al-ɛaḏabu bima kanu yafsuqun.
6,50,Qul la ʼaqulu lakum ɛindi xazaʼinu Allahi wa la ʼaɛlamu al-ɣayba wa la ʼaqulu lakum ʼinni malakun ʼin ʼattabiɛu ʼilla ma yuḥa ʼilayya qul hal yastawi al-ʼaɛma wa al-baṣiru ʼafala tatafakkarun.
6,51,Wa ʼanḏir bihi al-laḏina yaxafuna ʼan yuḥcaru ʼila rabbihim laysa lahum min dunihi wa liyun wa la cafiɛun laɛallahum yattaqun.
6,52,Wa la taṭrud al-laḏina yadɛuna rabbahum bil-ɣadati wa al-ɛaciyi yuriduna wajhahu ma ɛalayka min ḥisabihim min cayʼin wa ma min ḥisabika ɛalayhim min cayʼin fataṭrudahum fatakuna mina aḏ̣-ḏ̣alimin.
6,53,Wa kaḏalika fatanna baɛḍahum bibaɛḍin liyaqulu ʼahaʼuulaʼ manna Allahu ɛalayhim min baynina ʼalaysa Allahu biʼaɛlama bic-cakirin.
6,54,Wa ʼiḏa jaʼaka al-laḏina yuʼminuna biʼayatina faqul salamun ɛalaykum kataba rabbukum ɛala nafsihi ar-raḥmata ʼannahu man ɛamila minkum suʼan bijahalatin ṯumma taba min baɛdihi wa ʼaṣlaḥa faʼannahu ɣafurun raḥimun.
6,55,Wa kaḏalika nufaṣṣilu al-ʼayati wa litastabina sabilu al-mujrimin.
6,56,Qul ʼinni nuhitu ʼan ʼaɛbuda al-laḏina tadɛuna min duni Allahi qul la ʼattabiɛu ʼahwaʼakum qad ḍalaltu ʼiḏan wa ma ʼana mina al-muhtadin.
6,57,Qul ʼinni ɛala bayyinatin min rabbi wa kaḏḏabtum bihi ma ɛindi ma tastaɛjiluna bihi ʼin al-ḥukmu ʼilla Lillahi yaquṣṣu al-ḥaqqa wa huwa xayru al-faṣilin.
6,58,Qul law ʼanna ɛindi ma tastaɛjiluna bihi laquḍiya al-ʼamru bayni wa baynakum wa Allahu ʼaɛlamu biḏ̣-ḏ̣alimin.
6,59,Wa ɛindahu mafatiḥu al-ɣaybi la yaɛlamuha ʼilla huwa wa yaɛlamu ma fi al-barri wa al-baḥri wa ma tasquṭu min waraqatin ʼilla yaɛlamuha wa la ḥabbatin fi ḏ̣ulumati al-ʼarḍi wa la raṭbin wa la ya bisin ʼilla fi kitabin mubinin.
6,60,Wa huwa al-laḏi yatawaffakum bil-layli wa yaɛlamu ma jaraḥtum bin-nahari ṯumma yabɛaṯukum fihi liyuqḍa ʼajalun musamman ṯumma ʼilayhi marjiɛukum ṯumma yunabbiʼukum bima kuntum taɛmalun.
6,61,Wa huwa al-qahiru fawqa ɛibadihi wa yursilu ɛalaykum ḥafaḏ̣atan ḥatta ʼiḏa jaʼa ʼaḥadakum al-mawtu tawaffat/hu rusuluna wa hum la yufarriṭun.
6,62,Ṯumma ruddu ʼila Allahi mawlahum al-ḥaqqi ʼala lahu al-ḥukmu wa huwa ʼasraɛu al-ḥasibin.
6,63,Qul man yunajjikum min ḏ̣ulumati al-barri wa al-baḥri tadɛunahu taḍarruɛan wa xufyatan laʼin ʼanjana min haḏihi lanakunanna mina ac-cakirin.
6,64,Qul Allahu yunajjikum minha wa min kulli karbin ṯumma ʼantum tucrikun.
6,65,Qul huwa al-qadiru ɛala ʼan yabɛaṯa ɛalaykum ɛaḏaban min fawqikum ʼaw min taḥti ʼarjulikum ʼaw yalbisakum ciyaɛan wa yuḏiqa baɛḍakum baʼsa baɛḍin anḏ̣ur kayfa nuṣarrifu al-ʼayati laɛallahum yafqahun.
6,66,Wa kaḏḏaba bihi qawmuka wa huwa al-ḥaqqu qul lastu ɛalaykum biwakilin.
6,67,Likulli nabaʼiin mustaqarrun wa sawfa taɛlamun.
6,68,Wa ʼiḏa raʼayta al-laḏina yaxuḍuna fi ʼayatina faʼaɛriḍ ɛanhum ḥatta yaxuḍu fi ḥadiṯin ɣayrihi wa ʼimma yunsiyannaka ac-cayṭanu fala taqɛud baɛda aḏ-ḏikra maɛa al-qawmi aḏ̣-ḏ̣alimin.
6,69,Wa ma ɛala al-laḏina yattaquna min ḥisabihim min cayʼin wa lakin ḏikra laɛallahum yattaqun.
6,70,Wa ḏari al-laḏina attaxaḏu dinahum laɛiban wa lahwan wa ɣarrat/hum al-ḥayatu ad-dunya wa ḏakkir bihi ʼan tubsala nafsun bima kasabat laysa laha min duni Allahi wa liyun wa la cafiɛun wa ʼin taɛdil kulla ɛadlin la yuʼxaḏ minha ʼulaʼika al-laḏina ʼubsilu bima kasabu lahum carabun min ḥamimin wa ɛaḏabun ʼalimun bima kanu yakfurun.
6,71,Qul ʼanadɛu min duni Allahi ma la yanfaɛuna wa la yaḍurruna wa nuraddu ɛala ʼaɛqabina baɛda ʼiḏ hadana Allahu kallaḏi astahwat/hu ac-cayaṭinu fi al-ʼarḍi ḥayrana lahu ʼaṣḥabun yadɛunahu ʼila al-huda aʼtina qul ʼinna huda Allahi huwa al-huda wa ʼumirna linuslima lirabbi al-ɛalamin.
6,72,Wa ʼan ʼaqimu aṣ-ṣalata wa attaquhu wa huwa al-laḏi ʼilayhi tuḥcarun.
6,73,Wa huwa al-laḏi xalaqa as-samawati wa al-ʼarḍa bil-ḥaqqi wa yawma yaqulu kun fayakunu qawluhu al-ḥaqqu wa lahu al-mulku yawma yunfaxu fi aṣ-ṣuri ɛalimu al-ɣaybi wa ac-cahadati wa huwa al-ḥakimu al-xabir.
6,74,Wa ʼiḏ qala ʼibrahimu liʼabihi ʼazara ʼatattaxiḏu ʼaṣnaman ʼalihatan ʼinni ʼaraka wa qawmaka fi ḍalalin mubinin.
6,75,Wa kaḏalika nuri ʼibrahima malakuta as-samawati wa al-ʼarḍi wa liyakuna mina al-muqinin.
6,76,Falamma janna ɛalayhi al-laylu raʼa kawkaban qala haḏa rabbi falamma ʼafala qala la ʼuḥibbu al-ʼafilin.
6,77,Falamma raʼa al-qamara baziɣan qala haḏa rabbi falamma ʼafala qala laʼin lam yahdini rabbi laʼakunanna mina al-qawmi aḍ-ḍallin.
6,78,Falamma raʼa ac-camsa baziɣatan qala haḏa rabbi haḏa ʼakbaru falamma ʼafalat qala ya qawmi ʼinni bariʼun mimma tucrikun.
6,79,ʼinni wajjahtu wajhi lillaḏi faṭara as-samawati wa al-ʼarḍa ḥanifan wa ma ʼana mina al-mucrikin.
6,80,Wa ḥajjahu qawmuhu qala ʼatuḥajjuni fi Allahi wa qad hadani wa la ʼaxafu ma tucrikuna bihi ʼilla ʼan yacaʼa rabbi cayʼan wasiɛa rabbi kulla cayʼin ɛilman ʼafala tataḏakkarun.
6,81,Wa kayfa ʼaxafu ma ʼacraktum wa la taxafuna ʼannakum ʼacraktum Billahi ma lam yunazzil bihi ɛalaykum sulṭanan faʼayyu al-fariqayni ʼaḥaqqu bil-ʼamni ʼin kuntum taɛlamun.
6,82,Al-laḏina ʼamanu wa lam yalbisu ʼimanahum biḏ̣ulmin ʼulaʼika lahum al-ʼamnu wa hum muhtadun.
6,83,Wa tilka ḥujjatuna ʼataynaha ʼibrahima ɛala qawmihi narfaɛu darajatin man nacaʼu ʼinna rabbaka ḥakimun ɛalimun.
6,84,Wa wahabna lahu ʼisḥaqa wa yaɛquba kullan hadayna wa nuḥan hadayna min qablu wa min ḏurriyatihi dawuda wa sulaymana wa ʼayyuba wa yusufa wa musa wa haruna wa kaḏalika najzi al-muḥsinin.
6,85,Wa zakariya wa yaḥya wa ɛisa wa ʼilyasa kullun mina aṣ-ṣaliḥin.
6,86,Wa ʼismaɛila wa al-yasaɛa wa yunis wa luṭan wa kullan faḍḍalna ɛala al-ɛalamin.
6,87,Wa min ʼabaʼihim wa ḏurriyatihim wa ʼixwanihim wa ajtabaynahum wa hadaynahum ʼila ṣiraṭin mustaqimin.
6,88,Ḏalika huda Allahi yahdi bihi man yacaʼu min ɛibadihi wa law ʼacraku laḥabiṭa ɛanhum ma kanu yaɛmalun.
6,89,ʼulaʼika al-laḏina ʼataynahum al-kitaba wa al-ḥukma wa an-nubuwata faʼin yakfur biha haʼuulaʼ faqad wa kkalna biha qawman laysu biha bikafirin.
6,90,ʼulaʼika al-laḏina hada Allahu fabihudahum aqtadihi qul la ʼasʼalukum ɛalayhi ʼajran ʼin huwa ʼilla ḏikra lilɛalamin.
6,91,Wa ma qadaru Allaha ḥaqqa qadrihi ʼiḏ qalu ma ʼanzala Allahu ɛala bacarin min cayʼin qul man ʼanzala al-kitaba al-laḏi jaʼa bihi musa nuran wa hudan lilnnasi tajɛalunahu qaraṭisa tubdunaha wa tuxfuna kaṯiran wa ɛullimtum ma lam taɛlamu ʼantum wa la ʼabaʼuukum qul Allahu ṯumma ḏarhum fi xawḍihim yalɛabun.
6,92,Wa haḏa kitabun ʼanzalnahu mubarakun muṣaddiqu al-laḏi bayna yadayhi wa litunḏira ʼumma al-qura wa man ḥawlaha wa al-laḏina yuʼminuna bil-ʼaxirati yuʼminuna bihi wa hum ɛala ṣalatihim yuḥafiḏ̣un.
6,93,Wa man ʼaḏ̣lamu mimman aftara ɛala Allahi kaḏiban ʼaw qala ʼuḥiya ʼilayya wa lam yuḥa ʼilayhi cayʼun wa man qala saʼunzilu miṯla ma ʼanzala Allahu wa law tara ʼiḏ aḏ̣-ḏ̣alimuna fi ɣamarati al-mawti wa al-malaʼikatu basiṭu ʼaydihim ʼaxriju ʼanfusakum al-yawma tujzawna ɛaḏaba al-huni bima kuntum taquluna ɛala Allahi ɣayra al-ḥaqqi wa kuntum ɛan ʼayatihi tastakbirun.
6,94,Wa laqad jiʼtumuna furada kama xalaqnakum ʼawwala marratin wa taraktum ma xawwalnakum waraʼa ḏ̣uhurikum wa ma nara maɛakum cufaɛaʼakum al-laḏina zaɛamtum ʼannahum fikum curakaʼu laqad taqaṭṭaɛa baynakum wa ḍalla ɛankum ma kuntum tazɛumun.
6,95,ʼinna Allaha faliqu al-ḥabbi wa an-nawa yuxriju al-ḥayya mina al-mayyiti wa muxriju al-mayyiti mina al-ḥayyi ḏalikum Allahu faʼanna tuʼfakun.
6,96,Faliqu al-ʼiṣbaḥi wa jaɛala al-layla sakanan wa ac-camsa wa al-qamara ḥusbanan ḏalika taqdiru al-ɛazizi al-ɛalim.
6,97,Wa huwa al-laḏi jaɛala lakum an-nujuma litahtadu biha fi ḏ̣ulumati al-barri wa al-baḥri qad faṣṣalna al-ʼayati liqawmin yaɛlamun.
6,98,Wa huwa al-laḏi ʼancaʼakum min nafsin waḥidatin famustaqarrun wa mustawdaɛun qad faṣṣalna al-ʼayati liqawmin yafqahun.
6,99,Wa huwa al-laḏi ʼanzala mina as-samaʼi maʼan faʼaxrajna bihi nabata kulli cayʼin faʼaxrajna minhu xaḍiran nuxriju minhu ḥabban mutarakiban wa mina an-naxli min ṭalɛiha qinwanun daniyatun wa jannatin min ʼaɛnabin wa az-zaytuna wa ar-rummana muctabihan wa ɣayra mutacabihin anḏ̣uru ʼila ṯamarihi ʼiḏa ʼaṯmara wa yanɛihi ʼinna fi ḏalikum lʼayatin liqawmin yuʼminun.
6,100,Wa jaɛalu Lillahi curakaʼa al-jinna wa xalaqahum wa xaraqu lahu banina wa banatin biɣayri ɛilmin subḥanahu wa taɛala ɛamma yaṣifun.
6,101,Badiɛu as-samawati wa al-ʼarḍi ʼanna yakunu lahu waladun wa lam takun lahu ṣaḥibatun wa xalaqa kulla cayʼin wa huwa bikulli cayʼin ɛalimun.
6,102,Ḏalikum Allahu rabbukum la ʼilaha ʼilla huwa xaliqu kulli cayʼin faɛbuduhu wa huwa ɛala kulli cayʼin wa kilun.
6,103,La tudrikuhu al-ʼabṣaru wa huwa yudriku al-ʼabṣara wa huwa al-laṭifu al-xabir.
6,104,Qad jaʼakum baṣaʼiru min rabbikum faman ʼabṣara falinafsihi wa man ɛamiya faɛalayha wa ma ʼana ɛalaykum biḥafiḏ̣in.
6,105,Wa kaḏalika nuṣarrifu al-ʼayati wa liyaqulu darasta wa linubayyinahu liqawmin yaɛlamun.
6,106,Attabiɛ ma ʼuḥiya ʼilayka min rabbika la ʼilaha ʼilla huwa wa ʼaɛriḍ ɛan al-mucrikin.
6,107,Wa law caʼa Allahu ma ʼacraku wa ma jaɛalnaka ɛalayhim ḥafiḏ̣an wa ma ʼanta ɛalayhim biwakilin.
6,108,Wa la tasubbu al-laḏina yadɛuna min duni Allahi fayasubbu Allaha ɛadwan biɣayri ɛilmin kaḏalika zayyanna likulli ʼummatin ɛamalahum ṯumma ʼila rabbihim marjiɛuhum fayunabbiʼuhum bima kanu yaɛmalun.
6,109,Wa ʼaqsamu Billahi jahda ʼaymanihim laʼin jaʼat/hum ʼayatun layuʼminunna biha qul ʼinnama al-ʼayatu ɛinda Allahi wa ma yucɛirukum ʼannaha ʼiḏa jaʼat la yuʼminun.
6,110,Wa nuqallibu ʼafʼidatahum wa ʼabṣarahum kama lam yuʼminu bihi ʼawwala marratin wa naḏaruhum fi ṭuɣyanihim yaɛmahun.
6,111,Wa law ʼannana nazzalna ʼilayhim al-malaʼikata wa kallamahum al-mawta wa ḥacarna ɛalayhim kulla cayʼin qubulan ma kanu liyuʼminu ʼilla ʼan yacaʼa Allahu wa lakinna ʼakṯarahum yajhalun.
6,112,Wa kaḏalika jaɛalna likulli nabiyin ɛaduwan cayaṭina al-ʼinsi wa al-jinni yuḥi baɛḍuhum ʼila baɛḍin zuxrufa al-qawli ɣururan wa law caʼa rabbuka ma faɛaluhu faḏarhum wa ma yaftarun.
6,113,Wa litaṣɣa ʼilayhi ʼafʼidatu al-laḏina la yuʼminuna bil-ʼaxirati wa liyarḍawhu wa liyaqtarifu ma hum muqtarifun.
6,114,ʼafaɣayra Allahi ʼabtaɣi ḥakaman wa huwa al-laḏi ʼanzala ʼilaykum al-kitaba mufaṣṣalan wa al-laḏina ʼataynahum al-kitaba yaɛlamuna ʼannahu munazzalun min rabbika bil-ḥaqqi fala takunanna mina al-mumtarin.
6,115,Wa tammat kalimatu rabbika ṣidqan wa ɛadlan la mubaddila likalimatihi wa huwa as-samiɛu al-ɛalim.
6,116,Wa ʼin tuṭiɛ ʼakṯara man fi al-ʼarḍi yuḍilluka ɛan sabili Allahi ʼin yattabiɛuna ʼilla aḏ̣-ḏ̣anna wa ʼin hum ʼilla yaxruṣun.
6,117,ʼinna rabbaka huwa ʼaɛlamu man yaḍillu ɛan sabilihi wa huwa ʼaɛlamu bil-muhtadin.
6,118,Fakulu mimma ḏukira asmu Allahi ɛalayhi ʼin kuntum biʼayatihi muʼminin.
6,119,Wa ma lakum ʼalla taʼkulu mimma ḏukira asmu Allahi ɛalayhi wa qad faṣṣala lakum ma ḥarrama ɛalaykum ʼilla ma aḍṭurirtum ʼilayhi wa ʼinna kaṯiran layuḍilluna biʼahwaʼihim biɣayri ɛilmin ʼinna rabbaka huwa ʼaɛlamu bil-muɛtadin.
6,120,Wa ḏaru ḏ̣ahira al-ʼiṯmi wa baṭinahu ʼinna al-laḏina yaksibuna al-ʼiṯma sayujzawna bima kanu yaqtarifun.
6,121,Wa la taʼkulu mimma lam yuḏkar asmu Allahi ɛalayhi wa ʼinnahu lafisqun wa ʼinna ac-cayaṭina layuḥuna ʼila ʼawliyaʼihim liyujadilukum wa ʼin ʼaṭaɛtumuhum ʼinnakum lamucrikun.
6,122,ʼawaman kana maytan faʼaḥyaynahu wa jaɛalna lahu nuran yamci bihi fi an-nasi kaman maṯaluhu fi aḏ̣-ḏ̣ulumati laysa bixarijin minha kaḏalika zuyyina lilkafirina ma kanu yaɛmalun.
6,123,Wa kaḏalika jaɛalna fi kulli qaryatin ʼakabira mujrimiha liyamkuru fiha wa ma yamkuruna ʼilla biʼanfusihim wa ma yacɛurun.
6,124,Wa ʼiḏa jaʼat/hum ʼayatun qalu lan nuʼmina ḥatta nuʼta miṯla ma ʼutiya rusulu Allahi Allahu ʼaɛlamu ḥayṯu yajɛalu risalatahu sayuṣibu al-laḏina ʼajramu ṣaɣarun ɛinda Allahi wa ɛaḏabun cadidun bima kanu yamkurun.
6,125,Faman yurid Allahu ʼan yahdiyahu yacraḥ ṣadrahu lilʼislami wa man yurid ʼan yuḍillahu yajɛal ṣadrahu ḍayyiqan ḥarajan kaʼannama yaṣṣaɛɛadu fi as-samaʼi kaḏalika yajɛalu Allahu ar-rijsa ɛala al-laḏina la yuʼminun.
6,126,Wa haḏa ṣiraṭu rabbika mustaqiman qad faṣṣalna al-ʼayati liqawmin yaḏḏakkarun.
6,127,Lahum daru as-salami ɛinda rabbihim wa huwa waliyuhum bima kanu yaɛmalun.
6,128,Wa yawma yaḥcuruhum jamiɛan ya maɛcara al-jinni qad astakṯartum mina al-ʼinsi wa qala ʼawliyaʼuuhum mina al-ʼinsi rabbana astamtaɛa baɛḍuna bibaɛḍin wa balaɣna ʼajalana al-laḏi ʼajjalta lana qala an-naru maṯwakum xalidina fiha ʼilla ma caʼa Allahu ʼinna rabbaka ḥakimun ɛalimun.
6,129,Wa kaḏalika nuwalli baɛḍa aḏ̣-ḏ̣alimina baɛḍan bima kanu yaksibun.
6,130,Ya maɛcara al-jinni wa al-ʼinsi ʼalam yaʼtikum rusulun minkum yaquṣṣuna ɛalaykum ʼaya ti wa yunḏirunakum liqaʼa yawmikum haḏa qalu cahidna ɛala ʼanfusina wa ɣarrat/hum al-ḥaya atu ad-dunya wa cahidu ɛala ʼanfusihim ʼannahum kanu kafirin.
6,131,Ḏalika ʼan lam yakun rabbuka muhlika al-qura biḏ̣ulmin wa ʼahluha ɣafilun.
6,132,Wa likullin darajatun mimma ɛamilu wa ma rabbuka biɣafilin ɛamma yaɛmalun.
6,133,Wa rabbuka al-ɣaniyu ḏu ar-raḥmati ʼin yacaʼ yuḏ/hibkum wa yastaxlif min baɛdikum ma yacaʼu kama ʼancaʼakum min ḏurriyati qawmin ʼaxarin.
6,134,ʼinna ma tuɛaduna laʼatin wa ma ʼantum bimuɛjizin.
6,135,Qul ya qawmi aɛmalu ɛala makanatikum ʼinni ɛamilun fasawfa taɛlamuna man takunu lahu ɛaqibatu ad-dari ʼinnahu la yufliḥu aḏ̣-ḏ̣alimun.
6,136,Wa jaɛalu Lillahi mimma ḏaraʼa mina al-ḥarṯi wa al-ʼanɛam naṣiban faqalu haḏa Lillahi bizaɛmihim wa haḏa licurakaʼina fama kana licurakaʼihim fala yaṣilu ʼila Allahi wa ma kana Lillahi fahuwa yaṣilu ʼila curakaʼihim saʼa ma yaḥkumun.
6,137,Wa kaḏalika zayyana likaṯirin mina al-mucrikina qatla ʼawladihim curakaʼuuhum liyurduhum wa liyalbisu ɛalayhim dinahum wa law caʼa Allahu ma faɛaluhu faḏarhum wa ma yaftarun.
6,138,Wa qalu haḏihi ʼanɛamun wa ḥarṯun ḥijrun la yaṭɛamuha ʼilla man nacaʼu bizaɛmihim wa ʼanɛamun ḥurrimat ḏ̣uhuruha wa ʼanɛamun la yaḏkuruna asma Allahi ɛalayha aftiraʼan ɛalayhi sayajzihim bima kanu yaftarun.
6,139,Wa qalu ma fi buṭuni haḏihi al-ʼanɛam xaliṣatun liḏukurina wa muḥarramun ɛala ʼazwajina wa ʼin yakun maytatan fahum fihi curakaʼu sayajzihim waṣfahum ʼinnahu ḥakimun ɛalimun.
6,140,Qad xasira al-laḏina qatalu ʼawladahum safahan biɣayri ɛilmin wa ḥarramu ma razaqahum Allahu aftiraʼan ɛala Allahi qad ḍallu wa ma kanu muhtadin.
6,141,Wa huwa al-laḏi ʼancaʼa jannatin maɛrucatin wa ɣayra maɛrucatin wa an-naxla wa az-zarɛa muxtalifan ʼukuluhu wa az-zaytuna wa ar-rummana mutacabihan wa ɣayra mutacabihin kulu min ṯamarihi ʼiḏa ʼaṯmara wa ʼatu ḥaqqahu yawma ḥaṣadihi wa la tusrifu ʼinnahu la yuḥibbu al-musrifin.
6,142,Wa mina al-ʼanɛam ḥamulatan wa farcan kulu mimma razaqakum Allahu wa la tattabiɛu xuṭuwati ac-cayṭani ʼinnahu lakum ɛaduwun mubinun.
6,143,Ṯamaniyata ʼazwajin mina aḍ-ḍaʼni aṯnayni wa mina al-maɛzi aṯnayni qul ʼalḏḏakarayni ḥarrama ʼam al-ʼunṯayayni ʼamma actamalat ɛalayhi ʼarḥamu al-ʼunṯayayni nabbiʼuni biɛilmin ʼin kuntum ṣadiqin.
6,144,Wa mina al-ʼibili aṯnayni wa mina al-baqari aṯnayni qul ʼalḏḏakarayni ḥarrama ʼam al-ʼunṯayayni ʼamma actamalat ɛalayhi ʼarḥamu al-ʼunṯayayni ʼam kuntum cuhadaʼa ʼiḏ waṣṣakum Allahu bihaḏa faman ʼaḏ̣lamu mimman aftara ɛala Allahi kaḏiban liyuḍilla an-nasa biɣayri ɛilmin ʼinna Allaha la yahdi al-qawma aḏ̣-ḏ̣alimin.
6,145,Qul la ʼajidu fi ma ʼuḥiya ʼilayya muḥarraman ɛala ṭaɛimin yaṭɛamuhu ʼilla ʼan yakuna maytatan ʼaw daman masfuḥan ʼaw laḥma xinzirin faʼinnahu rijsun ʼaw fisqan ʼuhilla liɣayri Allahi bihi faman aḍṭurra ɣayra baɣin wa la ɛadin faʼinna rabbaka ɣafurun raḥimun.
6,146,Wa ɛala al-laḏina hadu ḥarramna kulla ḏi ḏ̣ufurin wa mina al-baqari wa al-ɣanami ḥarramna ɛalayhim cuḥumahuma ʼilla ma ḥamalat ḏ̣uhuruhuma ʼaw al-ḥawaya ʼaw ma axtalaṭa biɛaḏ̣min ḏalika jazaynahum bibaɣyihim wa ʼinna laṣadiqun.
6,147,Faʼin kaḏḏabuka faqul rabbukum ḏu raḥmatin wasiɛatin wa la yuraddu baʼsuhu ɛan al-qawmi al-mujrimin.
6,148,Sayaqulu al-laḏina ʼacraku law caʼa Allahu ma ʼacrakna wa la ʼabaʼuuna wa la ḥarramna min cayʼin kaḏalika kaḏḏaba al-laḏina min qablihim ḥatta ḏaqu baʼsana qul hal ɛindakum min ɛilmin fatuxrijuhu lana ʼin tattabiɛuna ʼilla aḏ̣-ḏ̣anna wa ʼin ʼantum ʼilla taxruṣun.
6,149,Qul falillahi al-ḥujjatu al-baliɣatu falaw caʼa lahadakum ʼajmaɛin.
6,150,Qul halumma cuhadaʼakum al-laḏina yac/haduna ʼanna Allaha ḥarrama haḏa faʼin cahidu fala tac/had maɛahum wa la tattabiɛ ʼahwaʼa al-laḏina kaḏḏabu biʼayatina wa al-laḏina la yuʼminuna bil-ʼaxirati wa hum birabbihim yaɛdilun.
6,151,Qul taɛalaw ʼatlu ma ḥarrama rabbukum ɛalaykum ʼalla tucriku bihi cayʼan wa bil-walidayni ʼiḥsanan wa la taqtulu ʼawladakum min ʼimlaqin naḥnu narzuqukum wa ʼiyahum wa la taqrabu al-fawaḥica ma ḏ̣ahara minha wa ma baṭana wa la taqtulu an-nafsa allati ḥarrama Allahu ʼilla bil-ḥaqqi ḏalikum waṣṣakum bihi laɛallakum taɛqilun.
6,152,Wa la taqrabu mala al-yatimi ʼilla bi-ati hiya ʼaḥsanu ḥatta yabluɣa ʼacuddahu wa ʼawfu al-kayla wa al-mizana bil-qisṭi la nukallifu nafsan ʼilla wusɛaha wa ʼiḏa qultum faɛdilu wa law kana ḏa qurba wa biɛahdi Allahi ʼawfu ḏalikum waṣṣakum bihi laɛallakum taḏakkarun.
6,153,Wa ʼanna haḏa ṣiraṭi mustaqiman fa attabiɛuhu wa la tattabiɛu as-subula fatafarraqa bikum ɛan sabilihi ḏalikum waṣṣakum bihi laɛallakum tattaqun.
6,154,Ṯumma ʼatayna musa al-kitaba tamaman ɛala al-laḏi ʼaḥsana wa tafṣilan likulli cayʼin wa hudan wa raḥmatan laɛallahum biliqaʼi rabbihim yuʼminun.
6,155,Wa haḏa kitabun ʼanzalnahu mubarakun fa attabiɛuhu wa attaqu laɛallakum turḥamun.
6,156,ʼan taqulu ʼinnama ʼunzila al-kitabu ɛala ṭaʼifatayni min qablina wa ʼin kunna ɛan dirasatihim laɣafilin.
6,157,ʼaw taqulu law ʼanna ʼunzila ɛalayna al-kitabu lakunna ʼahda minhum faqad jaʼakum bayyinatun min rabbikum wa hudan wa raḥmatun faman ʼaḏ̣lamu mimman kaḏḏaba biʼayati Allahi wa ṣadafa ɛanha sanajzi al-laḏina yaṣdifuna ɛan ʼayatina suʼa al-ɛaḏabi bima kanu yaṣdifun.
6,158,Hal yanḏ̣uruna ʼilla ʼan taʼtiyahum al-malaʼikatu ʼaw yaʼtiya rabbuka ʼaw yaʼtiya baɛḍu ʼayati rabbika yawma yaʼti baɛḍu ʼayati rabbika la yanfaɛu nafsan ʼimanuha lam takun ʼamanat min qablu ʼaw kasabat fi ʼimaniha xayran qul antaḏ̣iru ʼinna muntaḏ̣irun.
6,159,ʼinna al-laḏina farraqu dinahum wa kanu ciyaɛan lasta minhum fi cayʼin ʼinnama ʼamruhum ʼila Allahi ṯumma yunabbiʼuhum bima kanu yafɛalun.
6,160,Man jaʼa bil-ḥasanati falahu ɛacru ʼamṯaliha wa man jaʼa bis-sayyiʼati fala yujza ʼilla miṯlaha wa hum la yuḏ̣lamun.
6,161,Qul ʼinnani hadani rabbi ʼila ṣiraṭin mustaqimin dinan qiyaman millata ʼibrahima ḥanifan wa ma kana mina al-mucrikin.
6,162,Qul ʼinna ṣalati wa nusuki wa maḥyay wa mamati Lillahi rabbi al-ɛalamin.
6,163,La carika lahu wa biḏalika ʼumirtu wa ʼana ʼawwalu al-muslimin.
6,164,Qul ʼaɣayra Allahi ʼabɣi rabban wa huwa rabbu kulli cayʼin wa la taksibu kullu nafsin ʼilla ɛalayha wa la taziru waziratun wizra ʼuxra ṯumma ʼila rabbikum marjiɛukum fayunabbiʼukum bima kuntum fihi taxtalifun.
6,165,Wa huwa al-laḏi jaɛalakum xalaʼifa al-ʼarḍi wa rafaɛa baɛḍakum fawqa baɛḍin darajatin liyabluwakum fi ma ʼatakum ʼinna rabbaka sariɛu al-ɛiqabi wa ʼinnahu laɣafurun raḥimun.
7,1,ʼalif-lam-mim-ṣad.
7,2,Kitabun ʼunzila ʼilayka fala yakun fi ṣadrika ḥarajun minhu litunḏira bihi wa ḏikra lilmuʼminin.
7,3,Attabiɛu ma ʼunzila ʼilaykum min rabbikum wa la tattabiɛu min dunihi ʼawliyaʼa qalilan ma taḏakkarun.
7,4,Wa kam min qaryatin ʼahlaknaha fajaʼaha baʼsuna bayatan ʼaw hum qaʼilun.
7,5,Fama kana daɛwahum ʼiḏ jaʼahum baʼsuna ʼilla ʼan qalu ʼinna kunna ḏ̣alimin.
7,6,Falanasʼalanna al-laḏina ʼursila ʼilayhim wa lanasʼalanna al-mursalin.
7,7,Falanaquṣṣanna ɛalayhim biɛilmin wa ma kunna ɣaʼibin.
7,8,Wa al-waznu yawmaʼiḏin al-ḥaqqu faman ṯaqulat mawazinuhu faʼulaʼika hum al-mufliḥun.
7,9,Wa man xaffat mawazinuhu faʼulaʼika al-laḏina xasiru ʼanfusahum bima kanu biʼayatina yaḏ̣limun.
7,10,Wa laqad makkannakum fi al-ʼarḍi wa jaɛalna lakum fiha maɛayica qalilan ma tackurun.
7,11,Wa laqad xalaqnakum ṯumma ṣawwarnakum ṯumma qulna lilmalaʼikati asjudu liʼdama fasajadu ʼilla ʼiblisa lam yakun mina as-sajidin.
7,12,Qala ma manaɛaka ʼalla tasjuda ʼiḏ ʼamartuka qala ʼana xayrun minhu xalaqtani min narin wa xalaqtahu min ṭinin.
7,13,Qala fahbiṭ minha fama yakunu laka ʼan tatakabbara fiha faxruj ʼinnaka mina aṣ-ṣaɣirin.
7,14,Qala ʼanḏ̣irni ʼila yawmi yubɛaṯun.
7,15,Qala ʼinnaka mina al-munḏ̣arin.
7,16,Qala fabima ʼaɣwaytani laʼaqɛudanna lahum ṣiraṭaka al-mustaqim.
7,17,Ṯumma laʼatiyannahum min bayni ʼaydihim wa min xalfihim wa ɛan ʼaymanihim wa ɛan camaʼilihim wa la tajidu ʼakṯarahum cakirin.
7,18,Qala axruj minha maḏʼuman madḥuran laman tabiɛaka minhum laʼamlaʼanna jahannama minkum ʼajmaɛin.
7,19,Wa yaʼadamu askun ʼanta wa zawjuka al-jannata fakula min ḥayṯu ciʼtuma wa la taqraba haḏihi ac-cajarata fatakuna mina aḏ̣-ḏ̣alimin.
7,20,Fawaswasa lahuma ac-cayṭanu liyubdiya lahuma ma wuriya ɛanhuma min sawʼatihima wa qala ma nahakuma rabbukuma ɛan haḏihi ac-cajarati ʼilla ʼan takuna malakayni ʼaw takuna mina al-xalidin.
7,21,Wa qasamahuma ʼinni lakuma lamina an-naṣiḥin.
7,22,Fadallahuma biɣururin falamma ḏaqa ac-cajarata badat lahuma sawʼatuhuma wa ṭafiqa yaxṣifani ɛalayhima min waraqi al-jannati wa nadahuma rabbuhuma ʼalam ʼanhakuma ɛan tilkuma ac-cajarati wa ʼaqul lakuma ʼinna ac-cayṭana lakuma ɛaduwun mubinun.
7,23,Qala rabbana ḏ̣alamna ʼanfusana wa ʼin lam taɣfir lana wa tarḥamna lanakunanna mina al-xasirin.
7,24,Qala ahbiṭu baɛḍukum libaɛḍin ɛaduwun wa lakum fi al-ʼarḍi mustaqarrun wa mataɛun ʼila ḥinin.
7,25,Qala fiha taḥyawna wa fiha tamutuna wa minha tuxrajun.
7,26,Ya bani ʼadama qad ʼanzalna ɛalaykum libasan yuwari sawʼatikum wa rican wa libasu at-taqwa ḏalika xayrun ḏalika min ʼaya ti Allahi laɛallahum yaḏḏakkarun.
7,27,Ya bani ʼadama la yaftinannakum ac-cayṭanu kama ʼaxraja ʼabawaykum mina al-jannati yanziɛu ɛanhuma libasahuma liyuriyahuma sawʼatihima ʼinnahu yarakum huwa wa qabiluhu min ḥayṯu la tarawnahum ʼinna jaɛalna ac-caya ṭina ʼawliya ʼa lillaḏina la yuʼminun.
7,28,Wa ʼiḏa faɛalu faḥicatan qalu wajadna ɛalayha ʼabaʼana wa Allahu ʼamarana biha qul ʼinna Allaha la yaʼmuru bil-faḥcaʼi ʼataquluna ɛala Allahi ma la taɛlamun.
7,29,Qul ʼamara rabbi bil-qisṭi wa ʼaqimu wujuhakum ɛinda kulli masjidin wa adɛuhu muxliṣina lahu ad-dina kama badaʼakum taɛudun.
7,30,Fariqan hada wa fariqan ḥaqqa ɛalayhim aḍ-ḍalalatu ʼinnahum attaxaḏu ac-cayaṭina ʼawliyaʼa min duni Allahi wa yaḥsabuna ʼannahum muhtadun.
7,31,Ya bani ʼadama xuḏu zinatakum ɛinda kulli masjidin wa kulu wa acrabu wa la tusrifu ʼinnahu la yuḥibbu al-musrifin.
7,32,Qul man ḥarrama zinata Allahi allati ʼaxraja liɛibadihi wa aṭ-ṭayyibati mina ar-rizqi qul hiya lillaḏina ʼamanu fi al-ḥayati ad-dunya xaliṣatan yawma al-qiyamati kaḏalika nufaṣṣilu al-ʼayati liqawmin yaɛlamun.
7,33,Qul ʼinnama ḥarrama rabbi al-fawaḥica ma ḏ̣ahara minha wa ma baṭana wa al-ʼiṯma wa al-baɣya biɣayri al-ḥaqqi wa ʼan tucriku Billahi ma lam yunazzil bihi sulṭanan wa ʼan taqulu ɛala Allahi ma la taɛlamun.
7,34,Wa likulli ʼummatin ʼajalun faʼiḏa jaʼa ʼajaluhum la yastaʼxiruna saɛatan wa la yastaqdimun.
7,35,Ya bani ʼadama ʼimma yaʼtiyannakum rusulun minkum yaquṣṣuna ɛalaykum ʼaya ti faman attaqa wa ʼaṣlaḥa fala xawfun ɛalayhim wa la hum yaḥzanun.
7,36,Wa al-laḏina kaḏḏabu biʼayatina wa astakbaru ɛanha ʼulaʼika ʼaṣḥabu an-nari hum fiha xalidun.
7,37,Faman ʼaḏ̣lamu mimman aftara ɛala Allahi kaḏiban ʼaw kaḏḏaba biʼayatihi ʼulaʼika yanaluhum naṣibuhum mina al-kitabi ḥatta ʼiḏa jaʼat/hum rusuluna yatawaffawnahum qalu ʼayna ma kuntum tadɛuna min duni Allahi qalu ḍallu ɛanna wa cahidu ɛala ʼanfusihim ʼannahum kanu kafirin.
7,38,Qala adxulu fi ʼumamin qad xalat min qablikum mina al-jinni wa al-ʼinsi fi an-nari kullama daxalat ʼummatun laɛanat ʼuxtaha ḥatta ʼiḏa addaraku fiha jamiɛan qalat ʼuxrahum liʼwlahum rabbana haʼuulaʼ ʼaḍalluna faʼatihim ɛaḏaban ḍiɛfan mina an-nari qala likullin ḍiɛfun wa lakin la taɛlamun.
7,39,Wa qalat ʼulahum liʼxrahum fama kana lakum ɛalayna min faḍlin faḏuqu al-ɛaḏaba bima kuntum taksibun.
7,40,ʼinna al-laḏina kaḏḏabu biʼayatina wa astakbaru ɛanha la tufattaḥu lahum ʼabwabu as-samaʼi wa la yadxuluna al-jannata ḥatta yalija al-jamalu fi sammi al-xiyaṭi wa kaḏalika najzi al-mujrimin.
7,41,Lahum min jahannama mihadun wa min fawqihim ɣawacin wa kaḏalika najzi aḏ̣-ḏ̣alimin.
7,42,Wa al-laḏina ʼamanu wa ɛamilu aṣ-ṣaliḥati la nukallifu nafsan ʼilla wusɛaha ʼulaʼika ʼaṣḥabu al-jannati hum fiha xalidun.
7,43,Wa nazaɛna ma fi ṣudurihim min ɣillin tajri min taḥtihim al-ʼanharu wa qalu al-ḥamdu Lillahi al-laḏi hadana lihaḏa wa ma kunna linahtadiya lawla ʼan hadana Allahu laqad jaʼat rusulu rabbina bil-ḥaqqi wa nudu ʼan tilkum al-jannatu ʼuriṯtumuha bima kuntum taɛmalun.
7,44,Wa nada ʼaṣḥabu al-jannati ʼaṣḥaba an-nari ʼan qad wajadna ma waɛadana rabbuna ḥaqqan fahal wajadtum ma waɛada rabbukum ḥaqqan qalu naɛam faʼaḏḏana muʼaḏḏinun baynahum ʼan laɛnatu Allahi ɛala aḏ̣-ḏ̣alimin.
7,45,Al-laḏina yaṣudduna ɛan sabili Allahi wa yabɣunaha ɛiwajan wa hum bil-ʼaxirati kafirun.
7,46,Wa baynahuma ḥijabun wa ɛala al-ʼaɛraf rijalun yaɛrifuna kullan bisimahum wa nadaw ʼaṣḥaba al-jannati ʼan salamun ɛalaykum lam yadxuluha wa hum yaṭmaɛun.
7,47,Wa ʼiḏa ṣurifat ʼabṣaruhum tilqaʼa ʼaṣḥabi an-nari qalu rabbana la tajɛalna maɛa al-qawmi aḏ̣-ḏ̣alimin.
7,48,Wa nada ʼaṣḥabu al-ʼaɛraf rijalan yaɛrifunahum bisimahum qalu ma ʼaɣna ɛankum jamɛukum wa ma kuntum tastakbirun.
7,49,ʼahaʼuulaʼ al-laḏina ʼaqsamtum la yanaluhum Allahu biraḥmatin adxulu al-jannata la xawfun ɛalaykum wa la ʼantum taḥzanun.
7,50,Wa nada ʼaṣḥabu an-nari ʼaṣḥaba al-jannati ʼan ʼafiḍu ɛalayna mina al-maʼi ʼaw mimma razaqakum Allahu qalu ʼinna Allaha ḥarramahuma ɛala al-kafirin.
7,51,Al-laḏina attaxaḏu dinahum lahwan wa laɛiban wa ɣarrat/hum al-ḥayatu ad-dunya falyawma nansahum kama nasu liqaʼa yawmihim haḏa wa ma kanu biʼayatina yajḥadun.
7,52,Wa laqad jiʼnahum bikitabin faṣṣalnahu ɛala ɛilmin hudan wa raḥmatan liqawmin yuʼminun.
7,53,Hal yanḏ̣uruna ʼilla taʼwilahu yawma yaʼti taʼwiluhu yaqulu al-laḏina nasuhu min qablu qad jaʼat rusulu rabbina bil-ḥaqqi fahal lana min cufaɛaʼa fayacfaɛu lana ʼaw nuraddu fanaɛmala ɣayra al-laḏi kunna naɛmalu qad xasiru ʼanfusahum wa ḍalla ɛanhum ma kanu yaftarun.
7,54,ʼinna rabbakum Allahu al-laḏi xalaqa as-samawati wa al-ʼarḍa fi sittati ʼayyamin ṯumma astawa ɛala al-ɛarci yuɣci al-layla an-nahara yaṭlubuhu ḥaṯiṯan wa ac-camsa wa al-qamara wa an-nujuma musaxxaratin biʼamrihi ʼala lahu al-xalqu wa al-ʼamru tabaraka Allahu rabbu al-ɛalamin.
7,55,Adɛu rabbakum taḍarruɛan wa xufyatan ʼinnahu la yuḥibbu al-muɛtadin.
7,56,Wa la tufsidu fi al-ʼarḍi baɛda ʼiṣlaḥiha wa adɛuhu xawfan wa ṭamaɛan ʼinna raḥmata Allahi qaribun mina al-muḥsinin.
7,57,Wa huwa al-laḏi yursilu ar-riyaḥa bucran bayna yaday raḥmatihi ḥatta ʼiḏa ʼaqallat saḥaban ṯiqalan suqnahu libaladin mayyitin faʼanzalna bihi al-maʼa faʼaxrajna bihi min kulli aṯ-ṯamarati kaḏalika nuxriju al-mawta laɛallakum taḏakkarun.
7,58,Wa al-baladu aṭ-ṭayyibu yaxruju nabatuhu biʼiḏni rabbihi wa al-laḏi xabuṯa la yaxruju ʼilla nakidan kaḏalika nuṣarrifu al-ʼayati liqawmin yackurun.
7,59,Laqad ʼarsalna nuḥan ʼila qawmihi faqala ya qawmi aɛbudu Allaha ma lakum min ʼilahin ɣayruhu ʼinni ʼaxafu ɛalaykum ɛaḏaba yawmin ɛaḏ̣imin.
7,60,Qala al-malaʼu min qawmihi ʼinna lanaraka fi ḍalalin mubinin.
7,61,Qala ya qawmi laysa bi ḍalalatun wa lakinni rasulun min rabbi al-ɛalamin.
7,62,ʼuballiɣukum risalati rabbi wa ʼanṣaḥu lakum wa ʼaɛlamu mina Allahi ma la taɛlamun.
7,63,ʼawaɛajibtum ʼan jaʼakum ḏikrun min rabbikum ɛala rajulin minkum liyunḏirakum wa litattaqu wa laɛallakum turḥamun.
7,64,Fakaḏḏabuhu faʼanjaynahu wa al-laḏina maɛahu fi al-fulki wa ʼaɣraqna al-laḏina kaḏḏabu biʼayatina ʼinnahum kanu qawman ɛamin.
7,65,Wa ʼila ɛadin ʼaxahum hudan qala ya qawmi aɛbudu Allaha ma lakum min ʼilahin ɣayruhu ʼafala tattaqun.
7,66,Qala al-malaʼu al-laḏina kafaru min qawmihi ʼinna lanaraka fi safahatin wa ʼinna lanaḏ̣unnuka mina al-kaḏibin.
7,67,Qala ya qawmi laysa bi safahatun wa lakinni rasulun min rabbi al-ɛalamin.
7,68,ʼuballiɣukum risalati rabbi wa ʼana lakum naṣiḥun ʼaminun.
7,69,ʼawaɛajibtum ʼan jaʼakum ḏikrun min rabbikum ɛala rajulin minkum liyunḏirakum wa aḏkuru ʼiḏ jaɛalakum xulafaʼa min baɛdi qawmi nuḥin wa zadakum fi al-xalqi basṭatan faḏkuru ʼalaʼa Allahi laɛallakum tufliḥun.
7,70,Qalu ʼajiʼtana linaɛbuda Allaha waḥdahu wa naḏara ma kana yaɛbudu ʼabaʼuuna faʼtina bima taɛiduna ʼin kunta mina aṣ-ṣadiqin.
7,71,Qala qad waqaɛa ɛalaykum min rabbikum rijsun wa ɣaḍabun ʼatujadilunani fi ʼasmaʼin sammaytumuha ʼantum wa ʼabaʼuukum ma nazzala Allahu biha min sulṭanin fantaḏ̣iru ʼinni maɛakum mina al-muntaḏ̣irin.
7,72,Faʼanjaynahu wa al-laḏina maɛahu biraḥmatin minna wa qaṭaɛna dabira al-laḏina kaḏḏabu biʼayatina wa ma kanu muʼminin.
7,73,Wa ʼila ṯamuda ʼaxahum ṣaliḥan qala ya qawmi aɛbudu Allaha ma lakum min ʼilahin ɣayruhu qad jaʼatkum bayyinatun min rabbikum haḏihi naqatu Allahi lakum ʼayatan faḏaruha taʼkul fi ʼarḍi Allahi wa la tamassuha bisuʼin fayaʼxuḏakum ɛaḏabun ʼalimun.
7,74,Wa aḏkuru ʼiḏ jaɛalakum xulafaʼa min baɛdi ɛadin wa bawwaʼakum fi al-ʼarḍi tattaxiḏuna min suhuliha quṣuran wa tanḥituna al-jibala buyutan faḏkuru ʼalaʼa Allahi wa la taɛṯaw fi al-ʼarḍi mufsidin.
7,75,Qala al-malaʼu al-laḏina astakbaru min qawmihi lillaḏina astuḍɛifu liman ʼamana minhum ʼataɛlamuna ʼanna ṣaliḥan mursalun min rabbihi qalu ʼinna bima ʼursila bihi muʼminun.
7,76,Qala al-laḏina astakbaru ʼinna bial-laḏi ʼamantum bihi kafirun.
7,77,Faɛaqaru an-naqata wa ɛataw ɛan ʼamri rabbihim wa qalu ya ṣaliḥu aʼtina bima taɛiduna ʼin kunta mina al-mursalin.
7,78,Faʼaxaḏat/hum ar-rajfatu faʼaṣbaḥu fi darihim jaṯimin.
7,79,Fatawalla ɛanhum wa qala ya qawmi laqad ʼablaɣtukum risalata rabbi wa naṣaḥtu lakum wa lakin la tuḥibbuna an-naṣiḥin.
7,80,Wa luṭan ʼiḏ qala liqawmihi ʼataʼtuna al-faḥicata ma sabaqakum biha min ʼaḥadin mina al-ɛalamin.
7,81,ʼinnakum lataʼtuna ar-rijala cahwatan min duni an-nisaʼ bal ʼantum qawmun musrifun.
7,82,Wa ma kana jawaba qawmihi ʼilla ʼan qalu ʼaxrijuhum min qaryatikum ʼinnahum ʼunasun yataṭahharun.
7,83,Faʼanjaynahu wa ʼahlahu ʼilla amraʼatahu kanat mina al-ɣabirin.
7,84,Wa ʼamṭarna ɛalayhim maṭaran fanḏ̣ur kayfa kana ɛaqibatu al-mujrimin.
7,85,Wa ʼila madyana ʼaxahum cuɛayban qala ya qawmi aɛbudu Allaha ma lakum min ʼilahin ɣayruhu qad jaʼatkum bayyinatun min rabbikum faʼawfu al-kayla wa al-mizana wa la tabxasu an-nasa ʼacya ʼahum wa la tufsidu fi al-ʼarḍi baɛda ʼiṣlaḥiha ḏalikum xayrun lakum ʼin kuntum muʼminin.
7,86,Wa la taqɛudu bikulli ṣiraṭin tuɛiduna wa taṣudduna ɛan sabili Allahi man ʼamana bihi wa tabɣunaha ɛiwajan wa aḏkuru ʼiḏ kuntum qalilan fakaṯṯarakum wa anḏ̣uru kayfa kana ɛaqibatu al-mufsidin.
7,87,Wa ʼin kana ṭaʼifatun minkum ʼamanu bial-laḏi ʼursiltu bihi wa ṭaʼifatun lam yuʼminu faṣbiru ḥatta yaḥkuma Allahu baynana wa huwa xayru al-ḥakimin.
7,88,Qala al-malaʼu al-laḏina astakbaru min qawmihi lanuxrijannaka ya cuɛaybu wa al-laḏina ʼamanu maɛaka min qaryatina ʼaw lataɛudunna fi millatina qala ʼawalaw kunna karihin.
7,89,Qad aftarayna ɛala Allahi kaḏiban ʼin ɛudna fi millatikum baɛda ʼiḏ najjana Allahu minha wa ma yakunu lana ʼan naɛuda fiha ʼilla ʼan yacaʼa Allahu rabbuna wasiɛa rabbuna kulla cayʼin ɛilman ɛala Allahi tawakkalna rabbana aftaḥ baynana wa bayna qawmina bil-ḥaqqi wa ʼanta xayru al-fatiḥin.
7,90,Wa qala al-malaʼu al-laḏina kafaru min qawmihi laʼin attabaɛtum cuɛayban ʼinnakum ʼiḏan laxasirun.
7,91,Faʼaxaḏat/hum ar-rajfatu faʼaṣbaḥu fi darihim jaṯimin.
7,92,Al-laḏina kaḏḏabu cuɛayban kaʼan lam yaɣnaw fiha al-laḏina kaḏḏabu cuɛayban kanu hum al-xasirin.
7,93,Fatawalla ɛanhum wa qala ya qawmi laqad ʼablaɣtukum risalati rabbi wa naṣaḥtu lakum fakayfa ʼasa ɛala qawmin kafirin.
7,94,Wa ma ʼarsalna fi qaryatin min nabiyin ʼilla ʼaxaḏna ʼahlaha bil-baʼsaʼi wa aḍ-ḍarraʼi laɛallahum yaḍḍarraɛun.
7,95,Ṯumma baddalna makana as-sayyiʼati al-ḥasanata ḥatta ɛafaw wa qalu qad massa ʼabaʼana aḍ-ḍarraʼu wa as-sarraʼu faʼaxaḏnahum baɣtatan wa hum la yacɛurun.
7,96,Wa law ʼanna ʼahla al-qura ʼamanu wa attaqaw lafataḥna ɛalayhim barakatin mina as-samaʼi wa al-ʼarḍi wa lakin kaḏḏabu faʼaxaḏnahum bima kanu yaksibun.
7,97,ʼafaʼamina ʼahlu al-qura ʼan yaʼtiyahum baʼsuna bayatan wa hum naʼimun.
7,98,ʼawa ʼamina ʼahlu al-qura ʼan yaʼtiyahum baʼsuna ḍuḥan wa hum yalɛabun.
7,99,ʼafaʼaminu makra Allahi fala yaʼmanu makra Allahi ʼilla al-qawmu al-xasirun.
7,100,ʼawalam yahdi lillaḏina yariṯuna al-ʼarḍa min baɛdi ʼahliha ʼan law nacaʼu ʼaṣabnahum biḏunubihim wa naṭbaɛu ɛala qulubihim fahum la yasmaɛun.
7,101,Tilka al-qura naquṣṣu ɛalayka min ʼanbaʼiha wa laqad jaʼat/hum rusuluhum bil-bayyinati fama kanu liyuʼminu bima kaḏḏabu min qablu kaḏalika yaṭbaɛu Allahu ɛala qulubi al-kafirin.
7,102,Wa ma wajadna liʼkṯarihim min ɛahdin wa ʼin wajadna ʼakṯarahum lafasiqin.
7,103,Ṯumma baɛaṯna min baɛdihim musa biʼayatina ʼila firɛawna wa malaʼihi faḏ̣alamu biha fanḏ̣ur kayfa kana ɛaqibatu al-mufsidin.
7,104,Wa qala musa ya firɛawnu ʼinni rasulun min rabbi al-ɛalamin.
7,105,Ḥaqiqun ɛala ʼan la ʼaqula ɛala Allahi ʼilla al-ḥaqqa qad jiʼtukum bibayyinatin min rabbikum faʼarsil maɛi bani ʼisraʼil.
7,106,Qala ʼin kunta jiʼta biʼayatin faʼti biha ʼin kunta mina aṣ-ṣadiqin.
7,107,Faʼalqa ɛaṣahu faʼiḏa hiya ṯuɛbanun mubinun.
7,108,Wa nazaɛa yadahu faʼiḏa hiya bayḍaʼu lilnnaḏ̣irin.
7,109,Qala al-malaʼu min qawmi firɛawna ʼinna haḏa lasaḥirun ɛalimun.
7,110,Yuridu ʼan yuxrijakum min ʼarḍikum famaḏa taʼmurun.
7,111,Qalu ʼarjihi wa ʼaxahu wa ʼarsil fi al-madaʼini ḥacirin.
7,112,Yaʼtuka bikulli saḥirin ɛalimin.
7,113,Wa jaʼa as-saḥaratu firɛawna qalu ʼinna lana laʼajran ʼin kunna naḥnu al-ɣalibin.
7,114,Qala naɛam wa ʼinnakum lamina al-muqarrabin.
7,115,Qalu ya musa ʼimma ʼan tulqiya wa ʼimma ʼan nakuna naḥnu al-mulqin.
7,116,Qala ʼalqu falamma ʼalqaw saḥaru ʼaɛyuna an-nasi wa astarhabuhum wa jaʼu bisiḥrin ɛaḏ̣imin.
7,117,Wa ʼawḥayna ʼila musa ʼan ʼalqi ɛaṣaka faʼiḏa hiya talqafu ma yaʼfikun.
7,118,Fawaqaɛa al-ḥaqqu wa baṭala ma kanu yaɛmalun.
7,119,Faɣulibu hunalika wa anqalabu ṣaɣirin.
7,120,Wa ʼulqiya as-saḥaratu sajidin.
7,121,Qalu ʼamanna birabbi al-ɛalamin.
7,122,Rabbi musa wa harun.
7,123,Qala firɛawnu ʼamantum bihi qabla ʼan ʼaḏana lakum ʼinna haḏa lamakrun makartumuhu fi al-madinati lituxriju minha ʼahlaha fasawfa taɛlamun.
7,124,Laʼuqaṭṭiɛanna ʼaydiyakum wa ʼarjulakum min xilafin ṯumma laʼuṣallibannakum ʼajmaɛin.
7,125,Qalu ʼinna ʼila rabbina munqalibun.
7,126,Wa ma tanqimu minna ʼilla ʼan ʼamanna biʼayati rabbina lamma jaʼatna rabbana ʼafriɣ ɛalayna ṣabran wa tawaffana muslimin.
7,127,Wa qala al-malaʼu min qawmi firɛawna ʼataḏaru musa wa qawmahu liyufsidu fi al-ʼarḍi wa yaḏaraka wa ʼalihataka qala sanuqattilu ʼabnaʼahum wa nastaḥyi nisaʼahum wa ʼinna fawqahum qahirun.
7,128,Qala musa liqawmihi astaɛinu Billahi wa aṣbiru ʼinna al-ʼarḍa Lillahi yuriṯuha man yacaʼu min ɛibadihi wa al-ɛaqibatu lilmuttaqin.
7,129,Qalu ʼuḏina min qabli ʼan taʼtiyana wa min baɛdi ma jiʼtana qala ɛasa rabbukum ʼan yuhlika ɛaduwakum wa yastaxlifakum fi al-ʼarḍi fayanḏ̣ura kayfa taɛmalun.
7,130,Wa laqad ʼaxaḏna ʼala firɛawna bis-sinina wa naqṣin mina aṯ-ṯamarati laɛallahum yaḏḏakkarun.
7,131,Faʼiḏa jaʼat/humu al-ḥasanatu qalu lana haḏihi wa ʼin tuṣibhum sayyiʼatun yaṭṭayyaru bimusa wa man maɛahu ʼala ʼinnama ṭaʼiruhum ɛinda Allahi wa lakinna ʼakṯarahum la yaɛlamun.
7,132,Wa qalu mahma taʼtina bihi min ʼayatin litasḥarana biha fama naḥnu laka bimuʼminin.
7,133,Faʼarsalna ɛalayhimu aṭ-ṭufana wa al-jarada wa al-qummala wa aḍ-ḍafadiɛa wa ad-dama ʼayatin mufaṣṣalatin fastakbaru wa kanu qawman mujrimin.
7,134,Wa lamma waqaɛa ɛalayhim ar-rijzu qalu ya musa adɛu lana rabbaka bima ɛahida ɛindaka laʼin kacafta ɛanna ar-rijza lanuʼminanna laka wa lanursilanna maɛaka bani ʼisraʼil.
7,135,Falamma kacafna ɛanhumu ar-rijza ʼila ʼajalin hum baliɣuhu ʼiḏa hum yankuṯun.
7,136,Fantaqamna minhum faʼaɣraqnahum fi al-yammi biʼannahum kaḏḏabu biʼayatina wa kanu ɛanha ɣafilin.
7,137,Wa ʼawraṯna al-qawma al-laḏina kanu yustaḍɛafuna macariqa al-ʼarḍi wa maɣaribaha allati barakna fiha wa tammat kalimatu rabbika al-ḥusna ɛala bani ʼisraʼila bima ṣabaru wa dammarna ma kana yaṣnaɛu firɛawnu wa qawmuhu wa ma kanu yaɛricun.
7,138,Wa jawazna bibani ʼisraʼila al-baḥra faʼataw ɛala qawmin yaɛkufuna ɛala ʼaṣnamin lahum qalu ya musa ajɛal lana ʼilahan kama lahum ʼalihatun qala ʼinnakum qawmun tajhalun.
7,139,ʼinna haʼuulaʼ mutabbarun ma hum fihi wa baṭilun ma kanu yaɛmalun.
7,140,Qala ʼaɣayra Allahi ʼabɣikum ʼilahan wa huwa faḍḍalakum ɛala al-ɛalamin.
7,141,Wa ʼiḏ ʼanjaynakum min ʼali firɛawna yasumunakum suʼa al-ɛaḏabi yuqattiluna ʼabnaʼakum wa yastaḥyuna nisaʼakum wa fi ḏalikum balaʼun min rabbikum ɛaḏ̣imun.
7,142,Wa waɛadna musa ṯalaṯina laylatan wa ʼatmamnaha biɛacrin fatamma miqatu rabbihi ʼarbaɛina laylatan wa qala musa liʼxihi haruna axlufni fi qawmi wa ʼaṣliḥ wa la tattabiɛ sabila al-mufsidin.
7,143,Wa lamma jaʼa musa limiqatina wa kallamahu rabbuhu qala rabbi ʼarini ʼanḏ̣ur ʼilayka qala lan tarani wa lakin anḏ̣ur ʼila al-jabali faʼin astaqarra makanahu fasawfa tarani falamma tajalla rabbuhu liljabali jaɛalahu dakkan wa xarra musa ṣaɛiqan falamma ʼafaqa qala subḥanaka tubtu ʼilayka wa ʼana ʼawwalu al-muʼminin.
7,144,Qala ya musa ʼinni aṣṭafaytuka ɛala an-nasi birisalati wa bikalami faxuḏ ma ʼataytuka wa kun mina ac-cakirin.
7,145,Wa katabna lahu fi al-ʼalwaḥi min kulli cayʼin mawɛiḏ̣atan wa tafṣilan likulli cayʼin faxuḏ/ha biquwatin wa ʼmur qawmaka yaʼxuḏu biʼaḥsaniha saʼurikum dara al-fasiqin.
7,146,Saʼaṣrifu ɛan ʼayatiya al-laḏina yatakabbaruna fi al-ʼarḍi biɣayri al-ḥaqqi wa ʼin yaraw kulla ʼayatin la yuʼminu biha wa ʼin yaraw sabila ar-rucdi la yattaxiḏuhu sabilan wa ʼin yaraw sabila al-ɣayyi yattaxiḏuhu sabilan ḏalika biʼannahum kaḏḏabu biʼayatina wa kanu ɛanha ɣafilin.
7,147,Wa al-laḏina kaḏḏabu biʼayatina wa liqaʼi al-ʼaxirati ḥabiṭat ʼaɛmaluhum hal yujzawna ʼilla ma kanu yaɛmalun.
7,148,Wa attaxaḏa qawmu musa min baɛdihi min ḥuliyihim ɛijlan jasadan lahu xuwarun ʼalam yaraw ʼannahu la yukallimuhum wa la yahdihim sabilan attaxaḏuhu wa kanu ḏ̣alimin.
7,149,Wa lamma suqiṭa fi ʼaydihim wa raʼaw ʼannahum qad ḍallu qalu laʼin lam yarḥamna rabbuna wa yaɣfir lana lanakunanna mina al-xasirin.
7,150,Wa lamma rajaɛa musa ʼila qawmihi ɣaḍbana ʼasifan qala biʼsama xalaftumuni min baɛdi ʼaɛajiltum ʼamra rabbikum wa ʼalqa al-ʼalwaḥa wa ʼaxaḏa biraʼsi ʼaxihi yajurruhu ʼilayhi qala abna ʼumma ʼinna al-qawma astaḍɛafuni wa kadu yaqtulunani fala tucmit biya al-ʼaɛdaʼa wa la tajɛalni maɛa al-qawmi aḏ̣-ḏ̣alimin.
7,151,Qala rabbi aɣfir li wa liʼaxi wa ʼadxilna fi raḥmatika wa ʼanta ʼarḥamu ar-raḥimin.
7,152,ʼinna al-laḏina attaxaḏu al-ɛijla sayanaluhum ɣaḍabun min rabbihim wa ḏillatun fi al-ḥayati ad-dunya wa kaḏalika najzi al-muftarin.
7,153,Wa al-laḏina ɛamilu as-sayyiʼati ṯumma tabu min baɛdiha wa ʼamanu ʼinna rabbaka min baɛdiha laɣafurun raḥimun.
7,154,Wa lamma sakata ɛan musa al-ɣaḍabu ʼaxaḏa al-ʼalwaḥa wa fi nusxatiha hudan wa raḥmatun lillaḏina hum lirabbihim yarhabun.
7,155,Wa axtara musa qawmahu sabɛina rajulan limiqatina falamma ʼaxaḏat/hum ar-rajfatu qala rabbi law ciʼta ʼahlaktahum min qablu wa ʼiyaya ʼatuhlikuna bima faɛala as-sufahaʼu minna ʼin hiya ʼilla fitnatuka tuḍillu biha man tacaʼu wa tahdi man tacaʼu ʼanta waliyuna faɣfir lana wa arḥamna wa ʼanta xayru al-ɣafirin.
7,156,Wa aktub lana fi haḏihi ad-dunya ḥasanatan wa fi al-ʼaxirati ʼinna hudna ʼilayka qala ɛaḏabi ʼuṣibu bihi man ʼacaʼu wa raḥmati wasiɛat kulla cayʼin fasaʼaktubuha lillaḏina yattaquna wa yuʼtuna az-zakata wa al-laḏina hum biʼayatina yuʼminun.
7,157,Al-laḏina yattabiɛuna ar-rasula an-nabiya al-ʼummiya al-laḏi yajidunahu maktuban ɛindahum fi at-tawrati wa al-ʼinjili yaʼmuruhum bil-maɛrufi wa yanhahum ɛan al-munkari wa yuḥillu lahum aṭ-ṭayyibati wa yuḥarrimu ɛalayhim al-xabaʼiṯa wa yaḍaɛu ɛanhum ʼiṣrahum wa al-ʼaɣlala allati kanat ɛalayhim fa-al-laḏina ʼamanu bihi wa ɛazzaruhu wa naṣaruhu wa attabaɛu an-nur al-laḏi ʼunzila maɛahu ʼulaʼika hum al-mufliḥun.
7,158,Qul ya ʼayyuha an-nasu ʼinni rasulu Allahi ʼilaykum jamiɛan al-laḏi lahu mulku as-samawati wa al-ʼarḍi la ʼilaha ʼilla huwa yuḥyi wa yumitu faʼaminu Billahi wa rasulihi an-nabiyi al-ʼummiyi al-laḏi yuʼminu Billahi wa kalimatihi wa attabiɛuhu laɛallakum tahtadun.
7,159,Wa min qawmi musa ʼummatun yahduna bil-ḥaqqi wa bihi yaɛdilun.
7,160,Wa qaṭṭaɛnahumu aṯnatay ɛacrata ʼasbaṭan ʼumaman wa ʼawḥayna ʼila musa ʼiḏ astasqahu qawmuhu ʼan aḍrib biɛaṣaka al-ḥajara fanbajasat minhu aṯnata ɛacrata ɛaynan qad ɛalima kullu ʼunasin macrabahum wa ḏ̣allalna ɛalayhimu al-ɣamama wa ʼanzalna ɛalayhimu al-manna wa as-salwa kulu min ṭayyibati ma razaqnakum wa ma ḏ̣alamuna wa lakin kanu ʼanfusahum yaḏ̣limun.
7,161,Wa ʼiḏ qila lahum askunu haḏihi al-qaryata wa kulu minha ḥayṯu ciʼtum wa qulu ḥiṭṭatun wa adxulu al-baba sujjadan naɣfir lakum xaṭiʼatikum sanazidu al-muḥsinin.
7,162,Fabaddala al-laḏina ḏ̣alamu minhum qawlan ɣayra al-laḏi qila lahum faʼarsalna ɛalayhim rijzan mina as-samaʼi bima kanu yaḏ̣limun.
7,163,Wa asʼalhum ɛan al-qaryati allati kanat ḥaḍirata al-baḥri ʼiḏ yaɛduna fi as-sabti ʼiḏ taʼtihim ḥitanuhum yawma sabtihim curraɛan wa yawma la yasbituna la taʼtihim kaḏalika nabluhum bima kanu yafsuqun.
7,164,Wa ʼiḏ qalat ʼummatun minhum lima taɛiḏ̣una qawman Allahu muhlikuhum ʼaw muɛaḏḏibuhum ɛaḏaban cadidan qalu maɛḏiratan ʼila rabbikum wa laɛallahum yattaqun.
7,165,Falamma nasu ma ḏukkiru bihi ʼanjayna al-laḏina yanhawna ɛan as-suʼi wa ʼaxaḏna al-laḏina ḏ̣alamu biɛaḏabin baʼisin bima kanu yafsuqun.
7,166,Falamma ɛataw ɛan ma nuhu ɛanhu qulna lahum kunu qiradatan xasiʼin.
7,167,Wa ʼiḏ taʼaḏḏana rabbuka layabɛaṯanna ɛalayhim ʼila yawmi al-qiyamati man yasumuhum suʼa al-ɛaḏabi ʼinna rabbaka lasariɛu al-ɛiqabi wa ʼinnahu laɣafurun raḥimun.
7,168,Wa qaṭṭaɛnahum fi al-ʼarḍi ʼumaman minhumu aṣ-ṣaliḥuna wa minhum duna ḏalika wa balawnahum bil-ḥasanati wa as-sayyiʼati laɛallahum yarjiɛun.
7,169,Faxalafa min baɛdihim xalfun wariṯu al-kitaba yaʼxuḏuna ɛaraḍa haḏa al-ʼadna wa yaquluna sayuɣfaru lana wa ʼin yaʼtihim ɛaraḍun miṯluhu yaʼxuḏuhu ʼalam yuʼxaḏ ɛalayhim miṯaqu al-kitabi ʼan la yaqulu ɛala Allahi ʼilla al-ḥaqqa wa darasu ma fihi wa ad-daru al-ʼaxiratu xayrun lillaḏina yattaquna ʼafala taɛqilun.
7,170,Wa al-laḏina yumassikuna bil-kitabi wa ʼaqamu aṣ-ṣalata ʼinna la nuḍiɛu ʼajra al-muṣliḥin.
7,171,Wa ʼiḏ nataqna al-jabala fawqahum kaʼannahu ḏ̣ullatun wa ḏ̣annu ʼannahu waqiɛun bihim xuḏu ma ʼataynakum biquwatin wa aḏkuru ma fihi laɛallakum tattaqun.
7,172,Wa ʼiḏ ʼaxaḏa rabbuka min bani ʼadama min ḏ̣uhurihim ḏurriyatahum wa ʼac/hadahum ɛala ʼanfusihim ʼalastu birabbikum qalu bala cahidna ʼan taqulu yawma al-qiyamati ʼinna kunna ɛan haḏa ɣafilin.
7,173,ʼaw taqulu ʼinnama ʼacraka ʼabaʼuuna min qablu wa kunna ḏurriyatan min baɛdihim ʼafatuhlikuna bima faɛala al-mubṭilun.
7,174,Wa kaḏalika nufaṣṣilu al-ʼayati wa litastabina sabilu al-mujrimin.
7,175,Wa atlu ɛalayhim nabaʼa al-laḏi ʼataynahu ʼayatina fansalaxa minha faʼatbaɛahu ac-cayṭanu fakana mina al-ɣawin.
7,176,Wa law ciʼna larafaɛnahu biha wa lakinnahu ʼaxlada ʼila al-ʼarḍi wa attabaɛa hawahu famaṯaluhu kamaṯali al-kalbi ʼin taḥmil ɛalayhi yalhaṯ ʼaw tatruk/hu yalhaṯ ḏalika maṯalu al-qawmi al-laḏina kaḏḏabu biʼayatina faqṣuṣi al-qaṣaṣa laɛallahum yatafakkarun.
7,177,Saʼa maṯalan al-qawmu al-laḏina kaḏḏabu biʼayatina wa ʼanfusahum kanu yaḏ̣limun.
7,178,Man yahdi Allahu fahuwa al-muhtadi wa man yuḍlil faʼulaʼika hum al-xasirun.
7,179,Wa laqad ḏaraʼna lijahannama kaṯiran mina al-jinni wa al-ʼinsi lahum qulubun la yafqahuna biha wa lahum ʼaɛyunun la yubṣiruna biha wa lahum ʼaḏanun la yasmaɛuna biha ʼulaʼika kalʼanɛam bal hum ʼaḍallu ʼulaʼika humu al-ɣafilun.
7,180,Wa Lillahi al-ʼasmaʼu al-ḥusna fadɛuhu biha wa ḏaru al-laḏina yulḥiduna fi ʼasmaʼihi sayujzawna ma kanu yaɛmalun.
7,181,Wa mimman xalaqna ʼummatun yahduna bil-ḥaqqi wa bihi yaɛdilun.
7,182,Wa al-laḏina kaḏḏabu biʼayatina sanastadrijuhum min ḥayṯu la yaɛlamun.
7,183,Wa ʼumli lahum ʼinna kaydi matinun.
7,184,ʼawalam yatafakkaru ma biṣaḥibihim min jinnatin ʼin huwa ʼilla naḏirun mubinun.
7,185,ʼawalam yanḏ̣uru fi malakuti as-samawati wa al-ʼarḍi wa ma xalaqa Allahu min cayʼin wa ʼan ɛasa ʼan yakuna qad aqtaraba ʼajaluhum fabiʼayyi ḥadiṯin baɛdahu yuʼminun.
7,186,Man yuḍlili Allahu fala hadiya lahu wa yaḏaruhum fi ṭuɣyanihim yaɛmahun.
7,187,Yasʼalunaka ɛan as-saɛati ʼayyana mursaha qul ʼinnama ɛilmuha ɛinda rabbi la yujalliha liwaqtiha ʼilla huwa ṯaqulat fi as-samawati wa al-ʼarḍi la taʼtikum ʼilla baɣtatan yasʼalunaka kaʼannaka ḥafiyun ɛanha qul ʼinnama ɛilmuha ɛinda Allahi wa lakinna ʼakṯara an-nasi la yaɛlamun.
7,188,Qul la ʼamliku linafsi nafɛan wa la ḍarran ʼilla ma caʼa Allahu wa law kuntu ʼaɛlamu al-ɣayba lastakṯartu mina al-xayri wa ma massaniya as-suʼ ʼin ʼana ʼilla naḏirun wa bacirun liqawmin yuʼminun.
7,189,Huwa al-laḏi xalaqakum min nafsin waḥidatin wa jaɛala minha zawjaha liyaskuna ʼilayha falamma taɣaccaha ḥamalat ḥamlan xafifan famarrat bihi falamma ʼaṯqalat daɛawa Allaha rabbahuma laʼin ʼataytana ṣaliḥan lanakunanna mina ac-cakirin.
7,190,Falamma ʼatahuma ṣaliḥan jaɛala lahu curakaʼa fima ʼatahuma fataɛala Allahu ɛamma yucrikun.
7,191,ʼayucrikuna ma la yaxluqu cayʼan wa hum yuxlaqun.
7,192,Wa la yastaṭiɛuna lahum naṣran wa la ʼanfusahum yanṣurun.
7,193,Wa ʼin tadɛuhum ʼila al-huda la yattabiɛukum sawaʼun ɛalaykum ʼadaɛawtumuhum ʼam ʼantum ṣamitun.
7,194,ʼinna al-laḏina tadɛuna min duni Allahi ɛibadun ʼamṯalukum fadɛuhum falyastajibu lakum ʼin kuntum ṣadiqin.
7,195,ʼalahum ʼarjulun yamcuna biha ʼam lahum ʼaydin yabṭicuna biha ʼam lahum ʼaɛyunun yubṣiruna biha ʼam lahum ʼaḏanun yasmaɛuna biha qul adɛu curakaʼakum ṯumma kiduni fala tunḏ̣irun.
7,196,ʼinna waliyiya Allahu al-laḏi nazzala al-kitaba wa huwa yatawalla aṣ-ṣaliḥin.
7,197,Wa al-laḏina tadɛuna min dunihi la yastaṭiɛuna naṣrakum wa la ʼanfusahum yanṣurun.
7,198,Wa ʼin tadɛuhum ʼila al-huda la yasmaɛu wa tarahum yanḏ̣uruna ʼilayka wa hum la yubṣirun.
7,199,Xuḏ al-ɛafwa wa ʼmur bil-ɛurfi wa ʼaɛriḍ ɛan al-jahilin.
7,200,Wa ʼimma yanzaɣannaka mina ac-cayṭani nazɣun fastaɛiḏ Billahi ʼinnahu samiɛun ɛalimun.
7,201,ʼinna al-laḏina attaqaw ʼiḏa massahum ṭaʼifun mina ac-cayṭani taḏakkaru faʼiḏa hum mubṣirun.
7,202,Wa ʼixwanuhum yamuddunahum fi al-ɣayyi ṯumma la yuqṣirun.
7,203,Wa ʼiḏa lam taʼtihim biʼayatin qalu lawla ajtabaytaha qul ʼinnama ʼattabiɛu ma yuḥa ʼilayya min rabbi haḏa baṣaʼiru min rabbikum wa hudan wa raḥmatun liqawmin yuʼminun.
7,204,Wa ʼiḏa quriʼa al-qurʼanu fastamiɛu lahu wa ʼanṣitu laɛallakum turḥamun.
7,205,Wa aḏkur rabbaka fi nafsika taḍarruɛan wa xifatan wa duna al-jahri mina al-qawli bil-ɣuduwi wa al-ʼaṣali wa la takun mina al-ɣafilin.
7,206,ʼinna al-laḏina ɛinda rabbika la yastakbiruna ɛan ɛibadatihi wa yusabbiḥunahu wa lahu yasjudun.
8,1,Yasʼalunaka ɛan al-ʼanfal qul al-ʼanfal Lillahi wa ar-rasuli fa attaqu Allaha wa ʼaṣliḥu ḏata baynikum wa ʼaṭiɛu Allaha wa rasulahu ʼin kuntum muʼminin.
8,2,ʼinnama al-muʼminuna al-laḏina ʼiḏa ḏukira Allahu wajilat qulubuhum wa ʼiḏa tuliyat ɛalayhim ʼayatuhu zadat/hum ʼimanan wa ɛala rabbihim yatawakkalun.
8,3,Al-laḏina yuqimuna aṣ-ṣalata wa mimma razaqnahum yunfiqun.
8,4,ʼulaʼika hum al-muʼminuna ḥaqqan lahum darajatun ɛinda rabbihim wa maɣfiratun wa rizqun karimun.
8,5,Kama ʼaxrajaka rabbuka min baytika bil-ḥaqqi wa ʼinna fariqan mina al-muʼminina lakarihun.
8,6,Yujadilunaka fi al-ḥaqqi baɛdama tabayyana kaʼannama yusaquna ʼila al-mawti wa hum yanḏ̣urun.
8,7,Wa ʼiḏ yaɛidukum Allahu ʼiḥda aṭ-ṭaʼifatayni ʼannaha lakum wa tawadduna ʼanna ɣayra ḏati ac-cawkati takunu lakum wa yuridu Allahu ʼan yuḥiqqa al-ḥaqqa bikalimatihi wa yaqṭaɛa dabira al-kafirin.
8,8,Liyuḥiqqa al-ḥaqqa wa yubṭila al-baṭila wa law kariha al-mujrimun.
8,9,ʼiḏ tastaɣiṯuna rabbakum fastajaba lakum ʼanni mumiddukum biʼalfin mina al-malaʼikati murdifin.
8,10,Wa ma jaɛalahu Allahu ʼilla bucra wa litaṭmaʼinna bihi qulubukum wa ma an-naṣru ʼilla min ɛindi Allahi ʼinna Allaha ɛazizun ḥakimun.
8,11,ʼiḏ yuɣaccikumu an-nuɛasa ʼamanatan minhu wa yunazzilu ɛalaykum mina as-samaʼi maʼan liyuṭahhirakum bihi wa yuḏ/hiba ɛankum rijza ac-cayṭani wa liyarbiṭa ɛala qulubikum wa yuṯabbita bihi al-ʼaqdam.
8,12,ʼiḏ yuḥi rabbuka ʼila al-malaʼikati ʼanni maɛakum faṯabbitu al-laḏina ʼamanu saʼulqi fi qulubi al-laḏina kafaru ar-ruɛba faḍribu fawqa al-ʼaɛnaqi wa aḍribu minhum kulla bananin.
8,13,Ḏalika biʼannahum caqqu Allaha wa rasulahu wa man yucaqiqi Allaha wa rasulahu faʼinna Allaha cadidu al-ɛiqab.
8,14,Ḏalikum faḏuquhu wa ʼanna lilkafirina ɛaḏaba an-nar.
8,15,Ya ʼayyuha al-laḏina ʼamanu ʼiḏa laqitum al-laḏina kafaru zaḥfan fala tuwalluhum al-ʼadbar.
8,16,Wa man yuwallihim yawmaʼiḏin duburahu ʼilla mutaḥarrifan liqitalin ʼaw mutaḥayyizan ʼila fiʼatin faqad baʼa biɣaḍabin mina Allahi wa maʼwahu jahannamu wa biʼsa al-maṣir.
8,17,Falam taqtuluhum wa lakinna Allaha qatalahum wa ma ramayta ʼiḏ ramayta wa lakinna Allaha rama wa liyubliya al-muʼminina minhu balaʼan ḥasanan ʼinna Allaha samiɛun ɛalimun.
8,18,Ḏalikum wa ʼanna Allaha muhinu kaydi al-kafirin.
8,19,ʼin tastaftiḥu faqad jaʼakum al-fatḥu wa ʼin tantahu fahuwa xayrun lakum wa ʼin taɛudu naɛud wa lan tuɣniya ɛankum fiʼatukum cayʼan wa law kaṯurat wa ʼanna Allaha maɛa al-muʼminin.
8,20,Ya ʼayyuha al-laḏina ʼamanu ʼaṭiɛu Allaha wa rasulahu wa la tawallaw ɛanhu wa ʼantum tasmaɛun.
8,21,Wa la takunu kallaḏina qalu samiɛna wa hum la yasmaɛun.
8,22,ʼinna carra ad-dawabbi ɛinda Allahi aṣ-ṣummu al-bukmu al-laḏina la yaɛqilun.
8,23,Wa law ɛalima Allahu fihim xayran laʼasmaɛahum wa law ʼasmaɛahum latawallaw wa hum muɛriḍun.
8,24,Ya ʼayyuha al-laḏina ʼamanu astajibu Lillahi wa lilrrasuli ʼiḏa daɛakum lima yuḥyikum wa aɛlamu ʼanna Allaha yaḥulu bayna al-marʼi wa qalbihi wa ʼannahu ʼilayhi tuḥcarun.
8,25,Wa attaqu fitnatan la tuṣibanna al-laḏina ḏ̣alamu minkum xaṣṣatan wa aɛlamu ʼanna Allaha cadidu al-ɛiqab.
8,26,Wa aḏkuru ʼiḏ ʼantum qalilun mustaḍɛafuna fi al-ʼarḍi taxafuna ʼan yataxaṭṭafakum an-nasu faʼawakum wa ʼayyadakum binaṣrihi wa razaqakum mina aṭ-ṭayyibati laɛallakum tackurun.
8,27,Ya ʼayyuha al-laḏina ʼamanu la taxunu Allaha wa ar-rasula wa taxunu ʼamanatikum wa ʼantum taɛlamun.
8,28,Wa aɛlamu ʼannama ʼamwalukum wa ʼawladukum fitnatun wa ʼanna Allaha ɛindahu ʼajrun ɛaḏ̣imun.
8,29,Ya ʼayyuha al-laḏina ʼamanu ʼin tattaqu Allaha yajɛal lakum furqanan wa yukaffir ɛankum sayyiʼatikum wa yaɣfir lakum wa Allahu ḏu al-faḍli al-ɛaḏ̣im.
8,30,Wa ʼiḏ yamkuru bika al-laḏina kafaru liyuṯbituka ʼaw yaqtuluka ʼaw yuxrijuka wa yamkuruna wa yamkuru Allahu wa Allahu xayru al-makirin.
8,31,Wa ʼiḏa tutla ɛalayhim ʼayatuna qalu qad samiɛna law nacaʼu laqulna miṯla haḏa ʼin haḏa ʼilla ʼasaṭiru al-ʼawwalin.
8,32,Wa ʼiḏ qalu al-lahumma ʼin kana haḏa huwa al-ḥaqqa min ɛindika faʼamṭir ɛalayna ḥijaratan mina as-samaʼi ʼaw aʼtina biɛaḏabin ʼalimin.
8,33,Wa ma kana Allahu liyuɛaḏḏibahum wa ʼanta fihim wa ma kana Allahu muɛaḏḏibahum wa hum yastaɣfirun.
8,34,Wa ma lahum ʼalla yuɛaḏḏibahum Allahu wa hum yaṣudduna ɛan al-masjidi al-ḥarami wa ma kanu ʼawliyaʼahu ʼin ʼawliyaʼuuhu ʼilla al-muttaquna wa lakinna ʼakṯarahum la yaɛlamun.
8,35,Wa ma kana ṣalatuhum ɛinda al-bayti ʼilla mukaʼan wa taṣdiyatan faḏuqu al-ɛaḏaba bima kuntum takfurun.
8,36,ʼinna al-laḏina kafaru yunfiquna ʼamwalahum liyaṣuddu ɛan sabili Allahi fasayunfiqunaha ṯumma takunu ɛalayhim ḥasratan ṯumma yuɣlabuna wa al-laḏina kafaru ʼila jahannama yuḥcarun.
8,37,Liyamiza Allahu al-xabiṯa mina aṭ-ṭayyibi wa yajɛala al-xabiṯa baɛḍahu ɛala baɛḍin fayarkumahu jamiɛan fayajɛalahu fi jahannama ʼulaʼika hum al-xasirun.
8,38,Qul lillaḏina kafaru ʼin yantahu yuɣfar lahum ma qad salafa wa ʼin yaɛudu faqad maḍat sunnatu al-ʼawwalin.
8,39,Wa qatiluhum ḥatta la takuna fitnatun wa yakuna ad-dinu kulluhu Lillahi faʼin antahaw faʼinna Allaha bima yaɛmaluna baṣirun.
8,40,Wa ʼin tawallaw faɛlamu ʼanna Allaha mawlakum niɛma al-mawla wa niɛma an-naṣir.
8,41,Wa aɛlamu ʼannama ɣanimtum min cayʼin faʼanna Lillahi xumusahu wa lilrrasuli wa liḏi al-qurba wa al-yatama wa al-masakini wa abni as-sabili ʼin kuntum ʼamantum Billahi wa ma ʼanzalna ɛala ɛabdina yawma al-furqani yawma at-taqa al-jamɛani wa Allahu ɛala kulli cayʼin qadirun.
8,42,ʼiḏ ʼantum bil-ɛudwati ad-dunya wa hum bil-ɛudwati al-quṣwa wa ar-rakbu ʼasfala minkum wa law tawaɛadttum laxtalaftum fi al-miɛadi wa lakin liyaqḍiya Allahu ʼamran kana mafɛulan liyahlika man halaka ɛan bayyinatin wa yaḥya man ḥayya ɛan bayyinatin wa ʼinna Allaha lasamiɛun ɛalimun.
8,43,ʼiḏ yurikahumu Allahu fi manamika qalilan wa law ʼarakahum kaṯiran lafaciltum wa latanazaɛtum fi al-ʼamri wa lakinna Allaha sallama ʼinnahu ɛalimun biḏati aṣ-ṣudur.
8,44,Wa ʼiḏ yurikumuhum ʼiḏ at-taqaytum fi ʼaɛyunikum qalilan wa yuqallilukum fi ʼaɛyunihim liyaqḍiya Allahu ʼamran kana mafɛulan wa ʼila Allahi turjaɛu al-ʼumur.
8,45,Ya ʼayyuha al-laḏina ʼamanu ʼiḏa laqitum fiʼatan faṯbutu wa aḏkuru Allaha kaṯiran laɛallakum tufliḥun.
8,46,Wa ʼaṭiɛu Allaha wa rasulahu wa la tanazaɛu fatafcalu wa taḏ/haba riḥukum wa aṣbiru ʼinna Allaha maɛa aṣ-ṣabirin.
8,47,Wa la takunu kallaḏina xaraju min diyarihim baṭaran wa riʼaʼa an-nasi wa yaṣudduna ɛan sabili Allahi wa Allahu bima yaɛmaluna muḥiṭun.
8,48,Wa ʼiḏ zayyana lahum ac-cayṭanu ʼaɛmalahum wa qala la ɣaliba lakum al-yawma mina an-nasi wa ʼinni jarun lakum falamma taraʼati al-fiʼatani nakaṣa ɛala ɛaqibayhi wa qala ʼinni bariʼun minkum ʼinni ʼara ma la tarawna ʼinni ʼaxafu Allaha wa Allahu cadidu al-ɛiqab.
8,49,ʼiḏ yaqulu al-munafiquna wa al-laḏina fi qulubihim maraḍun ɣarra haʼuulaʼ dinuhum wa man yatawakkal ɛala Allahi faʼinna Allaha ɛazizun ḥakimun.
8,50,Wa law tara ʼiḏ yatawaffa al-laḏina kafaru al-malaʼikatu yaḍribuna wujuhahum wa ʼadbarahum wa ḏuqu ɛaḏaba al-ḥariq.
8,51,Ḏalika bima qaddamat ʼaydikum wa ʼanna Allaha laysa biḏ̣allamin lilɛabid.
8,52,Kadaʼbi ʼali firɛawna wa al-laḏina min qablihim kafaru biʼayati Allahi faʼaxaḏahumu Allahu biḏunubihim ʼinna Allaha qawiyun cadidu al-ɛiqab.
8,53,Ḏalika biʼanna Allaha lam yaku muɣayyiran niɛmatan ʼanɛamaha ɛala qawmin ḥatta yuɣayyiru ma biʼanfusihim wa ʼanna Allaha samiɛun ɛalimun.
8,54,Kadaʼbi ʼali firɛawna wa al-laḏina min qablihim kaḏḏabu biʼayati rabbihim faʼahlaknahum biḏunubihim wa ʼaɣraqna ʼala firɛawna wa kullun kanu ḏ̣alimin.
8,55,ʼinna carra ad-dawabbi ɛinda Allahi al-laḏina kafaru fahum la yuʼminun.
8,56,Al-laḏina ɛahadta minhum ṯumma yanquḍuna ɛahdahum fi kulli marratin wa hum la yattaqun.
8,57,Faʼimma taṯqafannahum fi al-ḥarbi facarrid bihim man xalfahum laɛallahum yaḏḏakkarun.
8,58,Wa ʼimma taxafanna min qawmin xiyanatan fanbiḏ ʼilayhim ɛala sawaʼin ʼinna Allaha la yuḥibbu al-xaʼinin.
8,59,Wa la yaḥsabanna al-laḏina kafaru sabaqu ʼinnahum la yuɛjizun.
8,60,Wa ʼaɛiddu lahum ma astaṭaɛtum min quwatin wa min ribaṭi al-xayli turhibuna bihi ɛaduwa Allahi wa ɛaduwakum wa ʼaxarina min dunihim la taɛlamunahumu Allahu yaɛlamuhum wa ma tunfiqu min cayʼin fi sabili Allahi yuwaffa ʼilaykum wa ʼantum la tuḏ̣lamun.
8,61,Wa ʼin janaḥu lilssalmi fajnaḥ laha wa tawakkal ɛala Allahi ʼinnahu huwa as-samiɛu al-ɛalim.
8,62,Wa ʼin yuridu ʼan yaxdaɛuka faʼinna ḥasbaka Allahu huwa al-laḏi ʼayyadaka binaṣrihi wa bil-muʼminin.
8,63,Wa ʼallafa bayna qulubihim law ʼanfaqta ma fi al-ʼarḍi jamiɛan ma ʼallafta bayna qulubihim wa lakinna Allaha ʼallafa baynahum ʼinnahu ɛazizun ḥakimun.
8,64,Ya ʼayyuha an-nabiyu ḥasbuka Allahu wa man attabaɛaka mina al-muʼminin.
8,65,Ya ʼayyuha an-nabiyu ḥarriḍi al-muʼminina ɛala al-qitali ʼin yakun minkum ɛicruna ṣabiruna yaɣlibu miaʼatayni wa ʼin yakun minkum miaʼatun yaɣlibu ʼalfan mina al-laḏina kafaru biʼannahum qawmun la yafqahun.
8,66,Al-ʼana xaffafa Allahu ɛankum wa ɛalima ʼanna fikum ḍaɛfan faʼin yakun minkum miaʼatun ṣabiratun yaɣlibu miaʼatayni wa ʼin yakun minkum ʼalfun yaɣlibu ʼalfayni biʼiḏni Allahi wa Allahu maɛa aṣ-ṣabirin.
8,67,Ma kana linabiyin ʼan yakuna lahu ʼasra ḥatta yuṯxina fi al-ʼarḍi turiduna ɛaraḍa ad-dunya wa Allahu yuridu al-ʼaxirata wa Allahu ɛazizun ḥakimun.
8,68,Lawla kitabun mina Allahi sabaqa lamassakum fima ʼaxaḏtum ɛaḏabun ɛaḏ̣imun.
8,69,Fakulu mimma ɣanimtum ḥalalan ṭayyiban wa attaqu Allaha ʼinna Allaha ɣafurun raḥimun.
8,70,Ya ʼayyuha an-nabiyu qul liman fi ʼaydikum mina al-ʼasra ʼin yaɛlami Allahu fi qulubikum xayran yuʼtikum xayran mimma ʼuxiḏa minkum wa yaɣfir lakum wa Allahu ɣafurun raḥimun.
8,71,Wa ʼin yuridu xiyanataka faqad xanu Allaha min qablu faʼamkana minhum wa Allahu ɛalimun ḥakimun.
8,72,ʼinna al-laḏina ʼamanu wa hajaru wa jahadu biʼamwalihim wa ʼanfusihim fi sabili Allahi wa al-laḏina ʼawaw wa naṣaru ʼulaʼika baɛḍuhum ʼawliyaʼu baɛḍin wa al-laḏina ʼamanu wa lam yuhajaru ma lakum min walayatihim min cayʼin ḥatta yuhajiru wa ʼin astanṣarukum fi ad-dini faɛalaykum an-naṣru ʼilla ɛala qawmin baynakum wa baynahum miṯaqun wa Allahu bima taɛmaluna baṣirun.
8,73,Wa al-laḏina kafaru baɛḍuhum ʼawliyaʼu baɛḍin ʼilla tafɛaluhu takun fitnatun fi al-ʼarḍi wa fasadun kabirun.
8,74,Wa al-laḏina ʼamanu wa hajaru wa jahadu fi sabili Allahi wa al-laḏina ʼawaw wa naṣaru ʼulaʼika hum al-muʼminuna ḥaqqan lahum maɣfiratun wa rizqun karimun.
8,75,Wa al-laḏina ʼamanu min baɛdu wa hajaru wa jahadu maɛakum faʼulaʼika minkum wa ʼulu al-ʼarḥami baɛḍuhum ʼawla bibaɛḍin fi kitabi Allahi ʼinna Allaha bikulli cayʼin ɛalimun.
9,1,Baraʼatun mina Allahi wa rasulihi ʼila al-laḏina ɛahadttum mina al-mucrikin.
9,2,Fasiḥu fi al-ʼarḍi ʼarbaɛata ʼac/hurin wa aɛlamu ʼannakum ɣayru muɛjizi Allahi wa ʼanna Allaha muxzi al-kafirin.
9,3,Wa ʼaḏanun mina Allahi wa rasulihi ʼila an-nasi yawma al-ḥajji al-ʼakbari ʼanna Allaha bariʼun mina al-mucrikina wa rasuluhu faʼin tubtum fahuwa xayrun lakum wa ʼin tawallaytum faɛlamu ʼannakum ɣayru muɛjizi Allahi wa bacciri al-laḏina kafaru biɛaḏabin ʼalimin.
9,4,ʼilla al-laḏina ɛahadttum mina al-mucrikina ṯumma lam yanquṣukum cayʼan wa lam yuḏ̣ahiru ɛalaykum ʼaḥadan faʼatimmu ʼilayhim ɛahdahum ʼila muddatihim ʼinna Allaha yuḥibbu al-muttaqin.
9,5,Faʼiḏa ansalaxa al-ʼac/huru al-ḥurumu faqtulu al-mucrikina ḥayṯu wajadtumuhum wa xuḏuhum wa aḥṣuruhum waqɛudu lahum kulla marṣadin faʼin tabu wa ʼaqamu aṣ-ṣalata wa ʼataw az-zakata faxallu sabilahum ʼinna Allaha ɣafurun raḥimun.
9,6,Wa ʼin ʼaḥadun mina al-mucrikina astajaraka faʼajirhu ḥatta yasmaɛa kalama Allahi ṯumma ʼabliɣ/hu maʼmanahu ḏalika biʼannahum qawmun la yaɛlamun.
9,7,Kayfa yakunu lilmucrikina ɛahdun ɛinda Allahi wa ɛinda rasulihi ʼilla al-laḏina ɛahadtum ɛinda al-masjidi al-ḥarami fama astaqamu lakum fastaqimu lahum ʼinna Allaha yuḥibbu al-muttaqin.
9,8,Kayfa wa ʼin yaḏ̣haru ɛalaykum la yarqubu fikum ʼillan wa la ḏimmatan yurḍunakum biʼafwahihim wa taʼba qulubuhum wa ʼakṯaruhum fasiqun.
9,9,Actaraw biʼayati Allahi ṯamanan qalilan faṣaddu ɛan sabilihi ʼinnahum saʼa ma kanu yaɛmalun.
9,10,La yarqubuna fi muʼminin ʼillan wa la ḏimmatan wa ʼulaʼika hum al-muɛtadun.
9,11,Faʼin tabu wa ʼaqamu aṣ-ṣalata wa ʼataw az-zakata faʼixwanukum fi ad-dini wa nufaṣṣilu al-ʼayati liqawmin yaɛlamun.
9,12,Wa ʼin nakaṯu ʼaymanahum min baɛdi ɛahdihim wa ṭaɛanu fi dinikum faqatilu ʼaʼimmata al-kufri ʼinnahum la ʼaymana lahum laɛallahum yantahun.
9,13,ʼala tuqatiluna qawman nakaṯu ʼaymanahum wa hammu biʼixraji ar-rasuli wa hum badaʼukum ʼawwala marratin ʼataxcawnahum fa-Allahu ʼaḥaqqu ʼan taxcawhu ʼin kuntum muʼminin.
9,14,Qatiluhum yuɛaḏḏibhumu Allahu biʼaydikum wa yuxzihim wa yanṣurkum ɛalayhim wa yacfi ṣudura qawmin muʼminin.
9,15,Wa yuḏ/hib ɣayḏ̣a qulubihim wa yatubu Allahu ɛala man yacaʼu wa Allahu ɛalimun ḥakimun.
9,16,ʼam ḥasibtum ʼan tutraku wa lamma yaɛlami Allahu al-laḏina jahadu minkum wa lam yattaxiḏu min duni Allahi wa la rasulihi wa la al-muʼminina walijatan wa Allahu xabirun bima taɛmalun.
9,17,Ma kana lilmucrikina ʼan yaɛmuru masajida Allahi cahidina ɛala ʼanfusihim bil-kufri ʼulaʼika ḥabiṭat ʼaɛmaluhum wa fi an-nari hum xalidun.
9,18,ʼinnama yaɛmuru masajida Allahi man ʼamana Billahi wa al-yawmi al-ʼaxiri wa ʼaqama aṣ-ṣalata wa ʼata az-zakata wa lam yaxca ʼilla Allaha faɛasa ʼulaʼika ʼan yakunu mina al-muhtadin.
9,19,ʼajaɛaltum siqayata al-ḥajji wa ɛimarata al-masjidi al-ḥarami kaman ʼamana Billahi wa al-yawmi al-ʼaxiri wa jahada fi sabili Allahi la yastawuna ɛinda Allahi wa Allahu la yahdi al-qawma aḏ̣-ḏ̣alimin.
9,20,Al-laḏina ʼamanu wa hajaru wa jahadu fi sabili Allahi biʼamwalihim wa ʼanfusihim ʼaɛḏ̣amu darajatan ɛinda Allahi wa ʼulaʼika hum al-faʼizun.
9,21,Yubacciruhum rabbuhum biraḥmatin minhu wa riḍwanin wa jannatin lahum fiha naɛimun muqimun.
9,22,Xalidina fiha ʼabadan ʼinna Allaha ɛindahu ʼajrun ɛaḏ̣imun.
9,23,Ya ʼayyuha al-laḏina ʼamanu la tattaxiḏu ʼabaʼakum wa ʼixwanakum ʼawliyaʼa ʼin astaḥabbu al-kufra ɛala al-ʼimani wa man yatawallahum minkum faʼulaʼika hum aḏ̣-ḏ̣alimun.
9,24,Qul ʼin kana ʼabaʼuukum wa ʼabnaʼuukum wa ʼixwanukum wa ʼazwajukum wa ɛaciratukum wa ʼamwalun aqtaraftumuha wa tijaratun taxcawna kasadaha wa masakinu tarḍawnaha ʼaḥabba ʼilaykum mina Allahi wa rasulihi wa jihadin fi sabilihi fatarabbaṣu ḥatta yaʼtiya Allahu biʼamrihi wa Allahu la yahdi al-qawma al-fasiqin.
9,25,Laqad naṣarakumu Allahu fi mawaṭina kaṯiratin wa yawma ḥunaynin ʼiḏ ʼaɛjabatkum kaṯratukum falam tuɣni ɛankum cayʼan wa ḍaqat ɛalaykum al-ʼarḍu bima raḥubat ṯumma wallaytum mudbirin.
9,26,Ṯumma ʼanzala Allahu sakinatahu ɛala rasulihi wa ɛala al-muʼminina wa ʼanzala junudan lam tarawha wa ɛaḏḏaba al-laḏina kafaru wa ḏalika jazaʼu al-kafirin.
9,27,Ṯumma yatubu Allahu min baɛdi ḏalika ɛala man yacaʼu wa Allahu ɣafurun raḥimun.
9,28,Ya ʼayyuha al-laḏina ʼamanu ʼinnama al-mucrikuna najasun fala yaqrabu al-masjida al-ḥarama baɛda ɛamihim haḏa wa ʼin xiftum ɛaylatan fasawfa yuɣnikum Allahu min faḍlihi ʼin caʼa ʼinna Allaha ɛalimun ḥakimun.
9,29,Qatilu al-laḏina la yuʼminuna Billahi wa la bil-yawmi al-ʼaxiri wa la yuḥarrimuna ma ḥarrama Allahu wa rasuluhu wa la yadinuna dina al-ḥaqqi mina al-laḏina ʼutu al-kitaba ḥatta yuɛṭu al-jizyata ɛan yadin wa hum ṣaɣirun.
9,30,Wa qalat al-yahudu ɛuzayrun abnu Allahi wa qalat an-naṣara al-masiḥu abnu Allahi ḏalika qawluhum biʼafwahihim yuḍahiʼuna qawla al-laḏina kafaru min qablu qatalahum Allahu ʼanna yuʼfakuna.mpʼ>(at-tbwah: .
9,31,Attaxaḏu ʼaḥbarahum wa ruhbanahum ʼarbaban min duni Allahi wa al-masiḥa abna maryama wa ma ʼumiru ʼilla liyaɛbudu ʼilahan waḥidan la ʼilaha ʼilla huwa subḥanahu ɛamma yucrikun.
9,32,Yuriduna ʼan yuṭfiʼu nura Allahi biʼafwahihim wa yaʼba Allahu ʼilla ʼan yutimma nurahu wa law kariha al-kafirun.
9,33,Huwa al-laḏi ʼarsala rasulahu bil-huda wa dini al-ḥaqqi liyuḏ̣hirahu ɛala ad-dini kullihi wa law kariha al-mucrikun.
9,34,Ya ʼayyuha al-laḏina ʼamanu ʼinna kaṯiran mina al-ʼaḥbari wa ar-ruhbani layaʼkuluna ʼamwala an-nasi bil-baṭili wa yaṣudduna ɛan sabili Allahi wa al-laḏina yaknizuna aḏ-ḏahaba wa al-fiḍḍata wa la yunfiqunaha fi sabili Allahi fabaccirhum biɛaḏabin ʼalimin.
9,35,Yawma yuḥma ɛalayha fi nari jahannama fatukwa biha jibahuhum wa junubuhum wa ḏ̣uhuruhum haḏa ma kanaztum liʼnfusikum faḏuqu ma kuntum taknizun.
9,36,ʼinna ɛiddata ac-cuhuri ɛinda Allahi aṯna ɛacara cahran fi kitabi Allahi yawma xalaqa as-samawati wa al-ʼarḍa minha ʼarbaɛatun ḥurumun ḏalika ad-dinu al-qayyimu fala taḏ̣limu fihinna ʼanfusakum wa qatilu al-mucrikina kaffatan kama yuqatilunakum kaffatan wa aɛlamu ʼanna Allaha maɛa al-muttaqin.
9,37,ʼinnama an-nasiʼu ziyadatun fi al-kufri yuḍallu bihi al-laḏina kafaru yuḥillunahu ɛaman wa yuḥarrimunahu ɛaman liyuwaṭiʼu ɛiddata ma ḥarrama Allahu fayuḥillu ma ḥarrama Allahu zuyyina lahum suʼ ʼaɛmalihim wa Allahu la yahdi al-qawma al-kafirin.
9,38,Ya ʼayyuha al-laḏina ʼamanu ma lakum ʼiḏa qila lakum anfiru fi sabili Allahi aṯṯaqaltum ʼila al-ʼarḍi ʼaraḍitum bil-ḥayati ad-dunya mina al-ʼaxirati fama mataɛu al-ḥayati ad-dunya fi al-ʼaxirati ʼilla qalilun.
9,39,ʼilla tanfiru yuɛaḏḏibkum ɛaḏaban ʼaliman wa yastabdil qawman ɣayrakum wa la taḍurruhu cayʼan wa Allahu ɛala kulli cayʼin qadirun.
9,40,ʼilla tanṣuruhu faqad naṣarahu Allahu ʼiḏ ʼaxrajahu al-laḏina kafaru ṯaniya aṯnayni ʼiḏ huma fi al-ɣari ʼiḏ yaqulu liṣaḥibihi la taḥzan ʼinna Allaha maɛana faʼanzala Allahu sakinatahu ɛalayhi wa ʼayyadahu bijunudin lam tarawha wa jaɛala kalimata al-laḏina kafaru as-sufla wa kalimatu Allahi hiya al-ɛulya wa Allahu ɛazizun ḥakimun.
9,41,Anfiru xifafan wa ṯiqalan wa jahidu biʼamwalikum wa ʼanfusikum fi sabili Allahi ḏalikum xayrun lakum ʼin kuntum taɛlamun.
9,42,Law kana ɛaraḍan qariban wa safaran qaṣidan lattabaɛuka wa lakin baɛudat ɛalayhimu ac-cuqqatu wa sayaḥlifuna Billahi law astaṭaɛna laxarajna maɛakum yuhlikuna ʼanfusahum wa Allahu yaɛlamu ʼinnahum lakaḏibun.
9,43,Ɛafa Allahu ɛanka lima ʼaḏinta lahum ḥatta yatabayyana laka al-laḏina ṣadaqu wa taɛlama al-kaḏibin.
9,44,La yastaʼḏinuka al-laḏina yuʼminuna Billahi wa al-yawmi al-ʼaxiri ʼan yujahidu biʼamwalihim wa ʼanfusihim wa Allahu ɛalimun bil-muttaqin.
9,45,ʼinnama yastaʼḏinuka al-laḏina la yuʼminuna Billahi wa al-yawmi al-ʼaxiri wa artabat qulubuhum fahum fi raybihim yataraddadun.
9,46,Wa law ʼaradu al-xuruja laʼaɛaddu lahu ɛuddatan wa lakin kariha Allahu anbiɛaṯahum faṯabbaṭahum wa qila aqɛudu maɛa al-qaɛidin.
9,47,Law xaraju fikum ma zadukum ʼilla xabalan wa laʼawḍaɛu xilalakum yabɣunakum al-fitnata wa fikum sammaɛuna lahum wa Allahu ɛalimun biḏ̣-ḏ̣alimin.
9,48,Laqad abtaɣaw al-fitnata min qablu wa qallabu laka al-ʼumura ḥatta jaʼa al-ḥaqqu wa ḏ̣ahara ʼamru Allahi wa hum karihun.
9,49,Wa minhum man yaqulu aʼḏan li wa la taftinni ʼala fi al-fitnati saqaṭu wa ʼinna jahannama lamuḥiṭatun bil-kafirin.
9,50,ʼin tuṣibka ḥasanatun tasuʼhum wa ʼin tuṣibka muṣibatun yaqulu qad ʼaxaḏna ʼamrana min qablu wa yatawallaw wa hum fariḥun.
9,51,Qul lan yuṣibana ʼilla ma kataba Allahu lana huwa mawlana wa ɛala Allahi falyatawakkali al-muʼminun.
9,52,Qul hal tarbbaṣuna bina ʼilla ʼiḥda al-ḥusnayayni wa naḥnu natarabbaṣu bikum ʼan yuṣibakumu Allahu biɛaḏabin min ɛindihi ʼaw biʼaydina fatarabbaṣu ʼinna maɛakum mutarabbiṣun.
9,53,Qul ʼanfiqu ṭawɛan ʼaw karhan lan yutaqabbala minkum ʼinnakum kuntum qawman fasiqin.
9,54,Wa ma manaɛahum ʼan tuqbala minhum nafaqatuhum ʼilla ʼannahum kafaru Billahi wa birasulihi wa la yaʼtuna aṣ-ṣalata ʼilla wa hum kusala wa la yunfiquna ʼilla wa hum karihun.
9,55,Fala tuɛjibka ʼamwaluhum wa la ʼawladuhum ʼinnama yuridu Allahu liyuɛaḏḏibahum biha fi al-ḥayati ad-dunya wa tazhaqa ʼanfusuhum wa hum kafirun.
9,56,Wa yaḥlifuna Billahi ʼinnahum laminkum wa ma hum minkum wa lakinnahum qawmun yafraqun.
9,57,Law yajiduna maljaʼan ʼaw maɣaratin ʼaw muddaxalan lawallaw ʼilayhi wa hum yajmaḥun.
9,58,Wa minhum man yalmizuka fi aṣ-ṣadaqati faʼin ʼuɛṭu minha raḍu wa ʼin lam yuɛṭaw minha ʼiḏa hum yasxaṭun.
9,59,Wa law ʼannahum raḍu ma ʼatahum Allahu wa rasuluhu wa qalu ḥasbuna Allahu sayuʼtina Allahu min faḍlihi wa rasuluhu ʼinna ʼila Allahi raɣibun.
9,60,ʼinnama aṣ-ṣadaqatu lilfuqaraʼi wa al-masakini wa al-ɛamilina ɛalayha wa al-muʼallafati qulubuhum wa fi ar-riqabi wa al-ɣarimina wa fi sabili Allahi wa aibni as-sabili fariḍatan mina Allahi wa Allahu ɛalimun ḥakimun.
9,61,Wa minhumu al-laḏina yuʼḏuna an-nabiya wa yaquluna huwa ʼuḏunun qul ʼuḏunu xayrin lakum yuʼminu Billahi wa yuʼminu lilmuʼminina wa raḥmatun lillaḏina ʼamanu minkum wa al-laḏina yuʼḏuna rasula Allahi lahum ɛaḏabun ʼalimun.
9,62,Yaḥlifuna Billahi lakum liyurḍukum wa Allahu wa rasuluhu ʼaḥaqqu ʼan yurḍuhu ʼin kanu muʼminin.
9,63,ʼalam yaɛlamu ʼannahu man yuḥadid Allaha wa rasulahu faʼanna lahu nara jahannama xalidan fiha ḏalika al-xizyu al-ɛaḏ̣im.
9,64,Yaḥḏaru al-munafiquna ʼan tunazzala ɛalayhim suratun tunabbiʼuhum bima fi qulubihim qul astahziʼu ʼinna Allaha muxrijun ma taḥḏarun.
9,65,Wa laʼin saʼaltahum layaqulunna ʼinnama kunna naxuḍu wa nalɛabu qul ʼabialllahi wa ʼayatihi wa rasulihi kuntum tastahziʼun.
9,66,La taɛtaḏiru qad kafartum baɛda ʼimanikum ʼin naɛfu ɛan ṭaʼifatin minkum nuɛaḏḏib ṭaʼifatan biʼannahum kanu mujrimin.
9,67,Al-munafiquna wa al-munafiqatu baɛḍuhum min baɛḍin yaʼmuruna bil-munkari wa yanhawna ɛan al-maɛrufi wa yaqbiḍuna ʼaydiyahum nasu Allaha fanasiyahum ʼinna al-munafiqina humu al-fasiqun.
9,68,Waɛada Allahu al-munafiqina wa al-munafiqati wa al-kuffara nara jahannama xalidina fiha hiya ḥasbuhum wa laɛanahumu Allahu wa lahum ɛaḏabun muqimun.
9,69,Kallaḏina min qablikum kanu ʼacadda minkum quwatan wa ʼakṯara ʼamwalan wa ʼawladan fastamtaɛu bixalaqihim fastamtaɛtum bixalaqikum kama astamtaɛa al-laḏina min qablikum bixalaqihim wa xuḍtum kallaḏi xaḍu ʼulaʼika ḥabiṭat ʼaɛmaluhum fi ad-dunya wa al-ʼaxirati wa ʼulaʼika hum al-xasirun.
9,70,ʼalam yaʼtihim nabaʼu al-laḏina min qablihim qawmi nuḥin wa ɛadin wa ṯamuda wa qawmi ʼibrahima wa ʼaṣḥabi madyana wa al-muʼtafikati ʼatat/hum rusuluhum bil-bayyinati fama kana Allahu liyaḏ̣limahum wa lakin kanu ʼanfusahum yaḏ̣limun.
9,71,Wa al-muʼminuna wa al-muʼminatu baɛḍuhum ʼawliyaʼu baɛḍin yaʼmuruna bil-maɛrufi wa yanhawna ɛan al-munkari wa yuqimuna aṣ-ṣalata wa yuʼtuna az-zakata wa yuṭiɛuna Allaha wa rasulahu ʼulaʼika sayarḥamuhumu Allahu ʼinna Allaha ɛazizun ḥakimun.
9,72,Waɛada Allahu al-muʼminina wa al-muʼminati jannatin tajri min taḥtiha al-ʼanharu xalidina fiha wa masakina ṭayyibatan fi jannati ɛadnin wa riḍwanun mina Allahi ʼakbaru ḏalika huwa al-fawzu al-ɛaḏ̣im.
9,73,Ya ʼayyuha an-nabiyu jahidi al-kuffara wa al-munafiqina wa aɣluḏ̣ ɛalayhim wa maʼwahum jahannamu wa biʼsa al-maṣir.
9,74,Yaḥlifuna Billahi ma qalu wa laqad qalu kalimata al-kufri wa kafaru baɛda ʼislamihim wa hammu bima lam yanalu wa ma naqamu ʼilla ʼan ʼaɣnahumu Allahu wa rasuluhu min faḍlihi faʼin yatubu yaku xayran lahum wa ʼin yatawallaw yuɛaḏḏibhumu Allahu ɛaḏaban ʼaliman fi ad-dunya wa al-ʼaxirati wa ma lahum fi al-ʼarḍi min wa liyin wa la naṣirin.
9,75,Wa minhum man ɛahada Allaha laʼin ʼatana min faḍlihi lanaṣṣaddaqanna wa lanakunanna mina aṣ-ṣaliḥin.
9,76,Falamma ʼatahum min faḍlihi baxilu bihi wa tawallaw wa hum muɛriḍun.
9,77,Faʼaɛqabahum nifaqan fi qulubihim ʼila yawmi yalqawnahu bima ʼaxlafu Allaha ma waɛaduhu wa bima kanu yakḏibun.
9,78,ʼalam yaɛlamu ʼanna Allaha yaɛlamu sirrahum wa najwahum wa ʼanna Allaha ɛallamu al-ɣuyub.
9,79,Al-laḏina yalmizuna al-muṭṭawwiɛina mina al-muʼminina fi aṣ-ṣadaqati wa al-laḏina la yajiduna ʼilla juhdahum fayasxaruna minhum saxira Allahu minhum wa lahum ɛaḏabun ʼalimun.
9,80,Astaɣfir lahum ʼaw la tastaɣfir lahum ʼin tastaɣfir lahum sabɛina marratan falan yaɣfira Allahu lahum ḏalika biʼannahum kafaru Billahi wa rasulihi wa Allahu la yahdi al-qawma al-fasiqin.
9,81,Fariḥa al-muxallafuna bimaqɛadihim xilafa rasuli Allahi wa karihu ʼan yujahidu biʼamwalihim wa ʼanfusihim fi sabili Allahi wa qalu la tanfiru fi al-ḥarri qul naru jahannama ʼacaddu ḥarran law kanu yafqahun.
9,82,Falyaḍḥaku qalilan wa liabku kaṯiran jazaʼan bima kanu yaksibun.
9,83,Faʼin rajaɛaka Allahu ʼila ṭaʼifatin minhum fastaʼḏanuka lilxuruji faqul lan taxruju maɛiya ʼabadan wa lan tuqatilu maɛiya ɛaduwan ʼinnakum raḍitum bil-quɛudi ʼawwala marratin faqɛudu maɛa al-xalifin.
9,84,Wa la tuṣalli ɛala ʼaḥadin minhum mata ʼabadan wa la taqum ɛala qabrihi ʼinnahum kafaru Billahi wa rasulihi wa matu wa hum fasiqun.
9,85,Wa la tuɛjibka ʼamwaluhum wa ʼawladuhum ʼinnama yuridu Allahu ʼan yuɛaḏḏibahum biha fi ad-dunya wa tazhaqa ʼanfusuhum wa hum kafirun.
9,86,Wa ʼiḏa ʼunzilat suratun ʼan ʼaminu Billahi wa jahidu maɛa rasulihi astaʼḏanaka ʼulu aṭ-ṭawli minhum wa qalu ḏarna nakun maɛa al-qaɛidin.
9,87,Raḍu biʼan yakunu maɛa al-xawalifi wa ṭubiɛa ɛala qulubihim fahum la yafqahun.
9,88,Lakin ar-rasulu wa al-laḏina ʼamanu maɛahu jahadu biʼamwalihim wa ʼanfusihim wa ʼulaʼika lahum al-xayratu wa ʼulaʼika hum al-mufliḥun.
9,89,ʼaɛadda Allahu lahum jannatin tajri min taḥtiha al-ʼanharu xalidina fiha ḏalika al-fawzu al-ɛaḏ̣im.
9,90,Wa jaʼa al-muɛaḏḏiruna mina al-ʼaɛrabi liyuʼḏana lahum wa qaɛada al-laḏina kaḏabu Allaha wa rasulahu sayuṣibu al-laḏina kafaru minhum ɛaḏabun ʼalimun.
9,91,Laysa ɛala aḍ-ḍuɛafaʼi wa la ɛala al-marḍa wa la ɛala al-laḏina la yajiduna ma yunfiquna ḥarajun ʼiḏa naṣaḥu Lillahi wa rasulihi ma ɛala al-muḥsinina min sabilin wa Allahu ɣafurun raḥimun.
9,92,Wa la ɛala al-laḏina ʼiḏa ma ʼatawka litaḥmilahum qulta la ʼajidu ma ʼaḥmilukum ɛalayhi tawallaw wa ʼaɛyunuhum tafiḍu mina ad-damɛi ḥazanan ʼalla yajidu ma yunfiqun.
9,93,ʼinnama as-sabilu ɛala al-laḏina yastaʼḏinunaka wa hum ʼaɣniyaʼu raḍu biʼan yakunu maɛa al-xawalifi wa ṭabaɛa Allahu ɛala qulubihim fahum la yaɛlamun.
9,94,Yaɛtaḏiruna ʼilaykum ʼiḏa rajaɛtum ʼilayhim qul la taɛtaḏiru lan nuʼmina lakum qad nabbaʼana Allahu min ʼaxbarikum wa sayara Allahu ɛamalakum wa rasuluhu ṯumma turadduna ʼila ɛalimi al-ɣaybi wa ac-cahadati fayunabbiʼukum bima kuntum taɛmalun.
9,95,Sayaḥlifuna Billahi lakum ʼiḏa anqalabtum ʼilayhim lituɛriḍu ɛanhum faʼaɛriḍu ɛanhum ʼinnahum rijsun wa maʼwahum jahannamu jazaʼan bima kanu yaksibun.
9,96,Yaḥlifuna lakum litarḍaw ɛanhum faʼin tarḍaw ɛanhum faʼinna Allaha la yarḍa ɛan al-qawmi al-fasiqin.
9,97,Al-ʼaɛrabu ʼacaddu kufran wa nifaqan wa ʼajdaru ʼalla yaɛlamu ḥududa ma ʼanzala Allahu ɛala rasulihi wa Allahu ɛalimun ḥakimun.
9,98,Wa mina al-ʼaɛrabi man yattaxiḏu ma yunfiqu maɣraman wa yatarabbaṣu bikumu ad-dawaʼira ɛalayhim daʼiratu as-sawʼi wa Allahu samiɛun ɛalimun.
9,99,Wa mina al-ʼaɛrabi man yuʼminu Billahi wa al-yawmi al-ʼaxiri wa yattaxiḏu ma yunfiqu qurubatin ɛinda Allahi wa ṣalawati ar-rasuli ʼala ʼinnaha qurbatun lahum sayudxiluhum Allahu fi raḥmatihi ʼinna Allaha ɣafurun raḥimun.
9,100,Wa as-sabiquna al-ʼawwaluna mina al-muhajirina wa al-ʼanṣari wa al-laḏina attabaɛuhum biʼiḥsanin raḍiya Allahu ɛanhum wa raḍu ɛanhu wa ʼaɛadda lahum jannatin tajri taḥtaha al-ʼanharu xalidina fiha ʼabadan ḏalika al-fawzu al-ɛaḏ̣im.
9,101,Wa mimman ḥawlakum mina al-ʼaɛrabi munafiquna wa min ʼahli al-madinati maradu ɛala an-nifaqi la taɛlamuhum naḥnu naɛlamuhum sanuɛaḏḏibuhum marratayni ṯumma yuradduna ʼila ɛaḏabin ɛaḏ̣imin.
9,102,Wa ʼaxaruna aɛtarafu biḏunubihim xalaṭu ɛamalan ṣaliḥan wa ʼaxara sayyiʼan ɛasa Allahu ʼan yatuba ɛalayhim ʼinna Allaha ɣafurun raḥimun.
9,103,Xuḏ min ʼamwalihim ṣadaqatan tuṭahhiruhum wa tuzakkihim biha wa ṣalli ɛalayhim ʼinna ṣalataka sakanun lahum wa Allahu samiɛun ɛalimun.
9,104,ʼalam yaɛlamu ʼanna Allaha huwa yaqbalu at-tawbat ɛan ɛibadihi wa yaʼxuḏu aṣ-ṣadaqati wa ʼanna Allaha huwa at-tawwabu ar-raḥim.
9,105,Wa qul aɛmalu fasayara Allahu ɛamalakum wa rasuluhu wa al-muʼminuna wa saturadduna ʼila ɛalimi al-ɣaybi wa ac-cahadati fayunabbiʼukum bima kuntum taɛmalun.
9,106,Wa ʼaxaruna murjawna liʼmri Allahi ʼimma yuɛaḏḏibuhum wa ʼimma yatubu ɛalayhim wa Allahu ɛalimun ḥakimun.
9,107,Wa al-laḏina attaxaḏu masjidan ḍiraran wa kufran wa tafriqan bayna al-muʼminina wa ʼirṣadan liman ḥaraba Allaha wa rasulahu min qablu wa layaḥlifunna ʼin ʼaradna ʼilla al-ḥusna wa Allahu yac/hadu ʼinnahum lakaḏibun.
9,108,La taqum fihi ʼabadan lamasjidun ʼussisa ɛala at-taqwa min ʼawwali yawmin ʼaḥaqqu ʼan taquma fihi fihi rijalun yuḥibbuna ʼan yataṭahharu wa Allahu yuḥibbu al-muṭṭahhirin.
9,109,ʼafaman ʼassasa bunyanahu ɛala taqwa mina Allahi wa riḍwanin xayrun ʼam man ʼassasa bunyanahu ɛala cafa jurufin harin fanhara bihi fi nari jahannama wa Allahu la yahdi al-qawma aḏ̣-ḏ̣alimin.
9,110,La yazalu bunyanuhumu al-laḏi banaw ribatan fi qulubihim ʼilla ʼan taqaṭṭaɛa qulubuhum wa Allahu ɛalimun ḥakimun.
9,111,ʼinna Allaha actara mina al-muʼminina ʼanfusahum wa ʼamwalahum biʼanna lahum al-jannata yuqatiluna fi sabili Allahi fayaqtuluna wa yuqtaluna waɛdan ɛalayhi ḥaqqan fi at-tawrati wa al-ʼinjili wa al-qurʼani wa man ʼawfa biɛahdihi mina Allahi fastabciru bibayɛikum al-laḏi bayaɛtum bihi wa ḏalika huwa al-fawzu al-ɛaḏ̣im.
9,112,At-taʼibuna al-ɛabiduna al-ḥamiduna as-saʼiḥuna ar-rakiɛuna as-sajiduna al-ʼamiruna bil-maɛrufi wa an-nahuna ɛan al-munkari wa al-ḥafiḏ̣una liḥududi Allahi wa baccir al-muʼminin.
9,113,Ma kana lilnnabiyi wa al-laḏina ʼamanu ʼan yastaɣfiru lilmucrikina wa law kanu ʼuli qurba min baɛdi ma tabayyana lahum ʼannahum ʼaṣḥabu al-jaḥim.
9,114,Wa ma kana astiɣfaru ʼibrahima liʼabihi ʼilla ɛan mawɛidatin waɛadaha ʼiyahu falamma tabayyana lahu ʼannahu ɛaduwun Lillahi tabarraʼa minhu ʼinna ʼibrahima laʼawwahun ḥalimun.
9,115,Wa ma kana Allahu liyuḍilla qawman baɛda ʼiḏ hadahum ḥatta yubayyina lahum ma yattaquna ʼinna Allaha bikulli cayʼin ɛalimun.
9,116,ʼinna Allaha lahu mulku as-samawati wa al-ʼarḍi yuḥyi wa yumitu wa ma lakum min duni Allahi min wa liyin wa la naṣirin.
9,117,Laqad taba Allahu ɛala an-nabiyi wa al-muhajirina wa al-ʼanṣari al-laḏina attabaɛuhu fi saɛati al-ɛusrati min baɛdi ma kada yaziɣu qulubu fariqin minhum ṯumma taba ɛalayhim ʼinnahu bihim raʼufun raḥimun.
9,118,Wa ɛala aṯ-ṯalaṯati al-laḏina xullifu ḥatta ʼiḏa ḍaqat ɛalayhim al-ʼarḍu bima raḥubat wa ḍaqat ɛalayhim ʼanfusuhum wa ḏ̣annu ʼan la maljaʼa mina Allahi ʼilla ʼilayhi ṯumma taba ɛalayhim liyatubu ʼinna Allaha huwa at-tawwabu ar-raḥim.
9,119,Ya ʼayyuha al-laḏina ʼamanu attaqu Allaha wa kunu maɛa aṣ-ṣadiqin.
9,120,Ma kana liʼhli al-madinati wa man ḥawlahum mina al-ʼaɛrabi ʼan yataxallafu ɛan rasuli Allahi wa la yarɣabu biʼanfusihim ɛan nafsihi ḏalika biʼannahum la yuṣibuhum ḏ̣amaʼun wa la naṣabun wa la maxmaṣatun fi sabili Allahi wa la yaṭaʼuna mawṭiʼan yaɣiḏ̣u al-kuffara wa la yanaluna min ɛaduwin naylan ʼilla kutiba lahum bihi ɛamalun ṣaliḥun ʼinna Allaha la yuḍiɛu ʼajra al-muḥsinin.
9,121,Wa la yunfiquna nafaqatan ṣaɣiratan wa la kabiratan wa la yaqṭaɛuna wa adian ʼilla kutiba lahum liyajziyahum Allahu ʼaḥsana ma kanu yaɛmalun.
9,122,Wa ma kana al-muʼminuna liyanfiru kaffatan falawla nafara min kulli firqatin minhum ṭaʼifatun liyatafaqqahu fi ad-dini wa liyunḏiru qawmahum ʼiḏa rajaɛu ʼilayhim laɛallahum yaḥḏarun.
9,123,Ya ʼayyuha al-laḏina ʼamanu qatilu al-laḏina yalunakum mina al-kuffari wa liajidu fikum ɣilḏ̣atan wa aɛlamu ʼanna Allaha maɛa al-muttaqin.
9,124,Wa ʼiḏa ma ʼunzilat suratun faminhum man yaqulu ʼayyukum zadat/hu haḏihi ʼimanan faʼamma al-laḏina ʼamanu fazadat/hum ʼimanan wa hum yastabcirun.
9,125,Wa ʼamma al-laḏina fi qulubihim maraḍun fazadat/hum rijsan ʼila rijsihim wa matu wa hum kafirun.
9,126,ʼawala yarawna ʼannahum yuftanuna fi kulli ɛamin marratan ʼaw marratayni ṯumma la yatubuna wa la hum yaḏḏakkarun.
9,127,Wa ʼiḏa ma ʼunzilat suratun naḏ̣ara baɛḍuhum ʼila baɛḍin hal yarakum min ʼaḥadin ṯumma anṣarafu ṣarafa Allahu qulubahum biʼannahum qawmun la yafqahun.
9,128,Laqad jaʼakum rasulun min ʼanfusikum ɛazizun ɛalayhi ma ɛanittum ḥariṣun ɛalaykum bil-muʼminina raʼufun raḥimun.
9,129,Faʼin tawallaw faqul ḥasbi Allahu la ʼilaha ʼilla huwa ɛalayhi tawakkaltu wa huwa rabbu al-ɛarci al-ɛaḏ̣im.
10,1,ʼalif-lam-ra tilka ʼayatu al-kitabi al-ḥakim.
10,2,ʼakana lilnnasi ɛajaban ʼan ʼawḥayna ʼila rajulin minhum ʼan ʼanḏiri an-nasa wa baccir al-laḏina ʼamanu ʼanna lahum qadama ṣidqin ɛinda rabbihim qala al-kafiruna ʼinna haḏa lasaḥirun mubinun.
10,3,ʼinna rabbakumu Allahu al-laḏi xalaqa as-samawati wa al-ʼarḍa fi sittati ʼayyamin ṯumma astawa ɛala al-ɛarci yudabbiru al-ʼamra ma min cafiɛin ʼilla min baɛdi ʼiḏnihi ḏalikumu Allahu rabbukum faɛbuduhu ʼafala taḏakkarun.
10,4,ʼilayhi marjiɛukum jamiɛan waɛda Allahi ḥaqqan ʼinnahu yabdaʼu al-xalqa ṯumma yuɛiduhu liyajziya al-laḏina ʼamanu wa ɛamilu aṣ-ṣaliḥati bil-qisṭi wa al-laḏina kafaru lahum carabun min ḥamimin wa ɛaḏabun ʼalimun bima kanu yakfurun.
10,5,Huwa al-laḏi jaɛala ac-camsa ḍiyaʼan wa al-qamara nuran wa qaddarahu manazila litaɛlamu ɛadada as-sinina wa al-ḥisaba ma xalaqa Allahu ḏalika ʼilla bil-ḥaqqi yufaṣṣilu al-ʼayati liqawmin yaɛlamun.
10,6,ʼinna fi axtilafi al-layli wa an-nahari wa ma xalaqa Allahu fi as-samawati wa al-ʼarḍi lʼayatin liqawmin yattaqun.
10,7,ʼinna al-laḏina la yarjuna liqaʼana wa raḍu bil-ḥayati ad-dunya wa aṭmaʼannu biha wa al-laḏina hum ɛan ʼayatina ɣafilun.
10,8,ʼulaʼika maʼwahumu an-naru bima kanu yaksibun.
10,9,ʼinna al-laḏina ʼamanu wa ɛamilu aṣ-ṣaliḥati yahdihim rabbuhum biʼimanihim tajri min taḥtihimu al-ʼanharu fi jannati an-naɛim.
10,10,Daɛwahum fiha subḥanaka al-lahumma wa taḥiyatuhum fiha salamun wa ʼaxiru daɛwahum ʼan al-ḥamdu Lillahi rabbi al-ɛalamin.
10,11,Wa law yuɛajjilu Allahu lilnnasi ac-carra astiɛjalahum bil-xayri laquḍiya ʼilayhim ʼajaluhum fanaḏaru al-laḏina la yarjuna liqaʼana fi ṭuɣyanihim yaɛmahun.
10,12,Wa ʼiḏa massa al-ʼinsana aḍ-ḍurru daɛana lijanbihi ʼaw qaɛidan ʼaw qaʼiman falamma kacafna ɛanhu ḍurrahu marra kaʼan lam yadɛuna ʼila ḍurrin massahu kaḏalika zuyyina lilmusrifina ma kanu yaɛmalun.
10,13,Wa laqad ʼahlakna al-quruna min qablikum lamma ḏ̣alamu wa jaʼat/hum rusuluhum bil-bayyinati wa ma kanu liyuʼminu kaḏalika najzi al-qawma al-mujrimin.
10,14,Ṯumma jaɛalnakum xalaʼifa fi al-ʼarḍi min baɛdihim linanḏ̣ura kayfa taɛmalun.
10,15,Wa ʼiḏa tutla ɛalayhim ʼayatuna bayyinatin qala al-laḏina la yarjuna liqaʼana aʼti biqurʼanin ɣayri haḏa ʼaw baddilhu qul ma yakunu li ʼan ʼubaddilahu min tilqaʼi nafsi ʼin ʼattabiɛu ʼilla ma yuḥa ʼilayya ʼinni ʼaxafu ʼin ɛaṣaytu rabbi ɛaḏaba yawmin ɛaḏ̣imin.
10,16,Qul law caʼa Allahu ma talawtuhu ɛalaykum wa la ʼadrakum bihi faqad labiṯtu fikum ɛumuran min qablihi ʼafala taɛqilun.
10,17,Faman ʼaḏ̣lamu mimman aftara ɛala Allahi kaḏiban ʼaw kaḏḏaba biʼayatihi ʼinnahu la yufliḥu al-mujrimun.
10,18,Wa yaɛbuduna min duni Allahi ma la yaḍurruhum wa la yanfaɛuhum wa yaquluna haʼuulaʼ cufaɛaʼuuna ɛinda Allahi qul ʼatunabbiʼuna Allaha bima la yaɛlamu fi as-samawati wa la fi al-ʼarḍi subḥanahu wa taɛala ɛamma yucrikun.
10,19,Wa ma kana an-nasu ʼilla ʼummatan waḥidatan faxtalafu wa lawla kalimatun sabaqat min rabbika laquḍiya baynahum fima fihi yaxtalifun.
10,20,Wa yaquluna lawla ʼunzila ɛalayhi ʼayatun min rabbihi faqul ʼinnama al-ɣaybu Lillahi fantaḏ̣iru ʼinni maɛakum mina al-muntaḏ̣irin.
10,21,Wa ʼiḏa ʼaḏaqna an-nasa raḥmatan min baɛdi ḍarraʼa massat/hum ʼiḏa lahum makrun fi ʼayatina qul Allahu ʼasraɛu makran ʼinna rusulana yaktubuna ma tamkurun.
10,22,Huwa al-laḏi yusayyirukum fi al-barri wa al-baḥri ḥatta ʼiḏa kuntum fi al-fulki wa jarayna bihim biriḥin ṭayyibatin wa fariḥu biha jaʼat/ha riḥun ɛaṣifun wa jaʼahumu al-mawju min kulli makanin wa ḏ̣annu ʼannahum ʼuḥiṭa bihim daɛaw Allaha muxliṣina lahu ad-dina laʼin ʼanjaytana min haḏihi lanakunanna mina ac-cakirin.
10,23,Falamma ʼanjahum ʼiḏa hum yabɣuna fi al-ʼarḍi biɣayri al-ḥaqqi ya ʼayyuha an-nasu ʼinnama baɣyukum ɛala ʼanfusikum mataɛa al-ḥayati ad-dunya ṯumma ʼilayna marjiɛukum fanunabbiʼukum bima kuntum taɛmalun.
10,24,ʼinnama maṯalu al-ḥayati ad-dunya kamaʼin ʼanzalnahu mina as-samaʼi faxtalaṭa bihi nabatu al-ʼarḍi mimma yaʼkulu an-nasu wa al-ʼanɛam ḥatta ʼiḏa ʼaxaḏati al-ʼarḍu zuxrufaha wa azzayyanat wa ḏ̣anna ʼahluha ʼannahum qadiruna ɛalayha ʼataha ʼamruna laylan ʼaw naharan fajaɛalnaha ḥaṣidan kaʼan lam taɣna bil-ʼamsi kaḏalika nufaṣṣilu al-ʼayati liqawmin yatafakkarun.
10,25,Wa Allahu yadɛu ʼila dari as-salami wa yahdi man yacaʼu ʼila ṣiraṭin mustaqimin.
10,26,Lillaḏina ʼaḥsanu al-ḥusna wa ziyadatun wa la yarhaqu wujuhahum qatarun wa la ḏillatun ʼulaʼika ʼaṣḥabu al-jannati hum fiha xalidun.
10,27,Wa al-laḏina kasabu as-sayyiʼati jazaʼu sayyiʼatin bimiṯliha wa tarhaquhum ḏillatun ma lahum mina Allahi min ɛaṣimin kaʼannama ʼuɣciyat wujuhuhum qiṭaɛan mina al-layli muḏ̣liman ʼulaʼika ʼaṣḥabu an-nari hum fiha xalidun.
10,28,Wa yawma naḥcuruhum jamiɛan ṯumma naqulu lillaḏina ʼacraku makanakum ʼantum wa curakaʼuukum fazayyalna baynahum wa qala curakaʼuuhum ma kuntum ʼiyana taɛbudun.
10,29,Fakafa Billahi cahidan baynana wa baynakum ʼin kunna ɛan ɛibadatikum laɣafilin.
10,30,Hunalika tablu kullu nafsin ma ʼaslafat wa ruddu ʼila Allahi mawlahum al-ḥaqqi wa ḍalla ɛanhum ma kanu yaftarun.
10,31,Qul man yarzuqukum mina as-samaʼi wa al-ʼarḍi ʼamman yamliku as-samɛa wa al-ʼabṣara wa man yuxriju al-ḥayya mina al-mayyiti wa yuxriju al-mayyita mina al-ḥayyi wa man yudabbiru al-ʼamra fasayaquluna Allahu faqul ʼafala tattaqun.
10,32,Faḏalikum Allahu rabbukum al-ḥaqqu famaḏa baɛda al-ḥaqqi ʼilla aḍ-ḍalalu faʼanna tuṣrafun.
10,33,Kaḏalika ḥaqqat kalimatu rabbika ɛala al-laḏina fasaqu ʼannahum la yuʼminun.
10,34,Qul hal min curakaʼikum man yabdaʼu al-xalqa ṯumma yuɛiduhu qul Allahu yabdaʼu al-xalqa ṯumma yuɛiduhu faʼanna tuʼfakun.
10,35,Qul hal min curakaʼikum man yahdi ʼila al-ḥaqqi qul Allahu yahdi lilḥaqqi ʼafaman yahdi ʼila al-ḥaqqi ʼaḥaqqu ʼan yuttabaɛa ʼamman la yahiddi ʼilla ʼan yuhda fama lakum kayfa taḥkumun.
10,36,Wa ma yattabiɛu ʼakṯaruhum ʼilla ḏ̣annan ʼinna aḏ̣-ḏ̣anna la yuɣni mina al-ḥaqqi cayʼan ʼinna Allaha ɛalimun bima yafɛalun.
10,37,Wa ma kana haḏa al-qurʼanu ʼan yuftara min duni Allahi wa lakin taṣdiqa al-laḏi bayna yadayhi wa tafṣila al-kitabi la rayba fihi min rabbi al-ɛalamin.
10,38,ʼam yaquluna aftarahu qul faʼtu bisuratin miṯlihi wa adɛu man astaṭaɛtum min duni Allahi ʼin kuntum ṣadiqin.
10,39,Bal kaḏḏabu bima lam yuḥiṭu biɛilmihi wa lamma yaʼtihim taʼwiluhu kaḏalika kaḏḏaba al-laḏina min qablihim fanḏ̣ur kayfa kana ɛaqibatu aḏ̣-ḏ̣alimin.
10,40,Wa minhum man yuʼminu bihi wa minhum man la yuʼminu bihi wa rabbuka ʼaɛlamu bil-mufsidin.
10,41,Wa ʼin kaḏḏabuka faqul li ɛamali wa lakum ɛamalukum ʼantum bariʼuna mimma ʼaɛmalu wa ʼana bariʼun mimma taɛmalun.
10,42,Wa minhum man yastamiɛuna ʼilayka ʼafaʼanta tusmiɛu aṣ-ṣumma wa law kanu la yaɛqilun.
10,43,Wa minhum man yanḏ̣uru ʼilayka ʼafaʼanta tahdi al-ɛumya wa law kanu la yubṣirun.
10,44,ʼinna Allaha la yaḏ̣limu an-nasa cayʼan wa lakinna an-nasa ʼanfusahum yaḏ̣limun.
10,45,Wa yawma yaḥcuruhum kaʼan lam yalbaṯu ʼilla saɛatan mina an-nahari yataɛarafuna baynahum qad xasira al-laḏina kaḏḏabu biliqaʼi Allahi wa ma kanu muhtadin.
10,46,Wa ʼimma nuriyannaka baɛḍa al-laḏi naɛiduhum ʼaw natawaffayannaka faʼilayna marjiɛuhum ṯumma Allahu cahidun ɛala ma yafɛalun.
10,47,Wa likulli ʼummatin rasulun faʼiḏa jaʼa rasuluhum quḍiya baynahum bil-qisṭi wa hum la yuḏ̣lamun.
10,48,Wa yaquluna mata haḏa al-waɛdu ʼin kuntum ṣadiqin.
10,49,Qul la ʼamliku linafsi ḍarran wa la nafɛan ʼilla ma caʼa Allahu likulli ʼummatin ʼajalun ʼiḏa jaʼa ʼajaluhum fala yastaʼxiruna saɛatan wa la yastaqdimun.
10,50,Qul ʼaraʼaytum ʼin ʼatakum ɛaḏabuhu bayatan ʼaw naharan maḏa yastaɛjilu minhu al-mujrimun.
10,51,ʼaṯumma ʼiḏa ma waqaɛa ʼamantum bihi ʼalʼana wa qad kuntum bihi tastaɛjilun.
10,52,Ṯumma qila lillaḏina ḏ̣alamu ḏuqu ɛaḏaba al-xuldi hal tujzawna ʼilla bima kuntum taksibun.
10,53,Wa yastanbiʼunaka ʼaḥaqqun huwa qul ʼi wa rabbi ʼinnahu laḥaqqun wa ma ʼantum bimuɛjizin.
10,54,Wa law ʼanna likulli nafsin ḏ̣alamat ma fi al-ʼarḍi laftadat bihi wa ʼasarru an-nadamata lamma raʼaw al-ɛaḏaba wa quḍiya baynahum bil-qisṭi wa hum la yuḏ̣lamun.
10,55,ʼala ʼinna Lillahi ma fi as-samawati wa al-ʼarḍi ʼala ʼinna waɛda Allahi ḥaqqun wa lakinna ʼakṯarahum la yaɛlamun.
10,56,Huwa yuḥyi wa yumitu wa ʼilayhi turjaɛun.
10,57,Ya ʼayyuha an-nasu qad jaʼatkum mawɛiḏ̣atun min rabbikum wa cifaʼun lima fi aṣ-ṣuduri wa hudan wa raḥmatun lilmuʼminin.
10,58,Qul bifaḍli Allahi wa biraḥmatihi fabiḏalika falyafraḥu huwa xayrun mimma yajmaɛun.
10,59,Qul ʼaraʼaytum ma ʼanzala Allahu lakum min rizqin fajaɛaltum minhu ḥaraman wa ḥalalan qul ʼalllahu ʼaḏina lakum ʼam ɛala Allahi taftarun.
10,60,Wa ma ḏ̣annu al-laḏina yaftaruna ɛala Allahi al-kaḏiba yawma al-qiyamati ʼinna Allaha laḏu faḍlin ɛala an-nasi wa lakinna ʼakṯarahum la yackurun.
10,61,Wa ma takunu fi caʼnin wa ma tatlu minhu min qurʼanin wa la taɛmaluna min ɛamalin ʼilla kunna ɛalaykum cuhudan ʼiḏ tufiḍuna fihi wa ma yaɛzubu ɛan rabbika min miṯqali ḏarratin fi al-ʼarḍi wa la fi as-samaʼi wa la ʼaṣɣara min ḏalika wa la ʼakbara ʼilla fi kitabin mubinin.
10,62,ʼala ʼinna ʼawliyaʼa Allahi la xawfun ɛalayhim wa la hum yaḥzanun.
10,63,Al-laḏina ʼamanu wa kanu yattaqun.
10,64,Lahumu al-bucra fi al-ḥayati ad-dunya wa fi al-ʼaxirati la tabdila likalimati Allahi ḏalika huwa al-fawzu al-ɛaḏ̣im.
10,65,Wa la yaḥzunka qawluhum ʼinna al-ɛizzata Lillahi jamiɛan huwa as-samiɛu al-ɛalim.
10,66,ʼala ʼinna Lillahi man fi as-samawati wa man fi al-ʼarḍi wa ma yattabiɛu al-laḏina yadɛuna min duni Allahi curakaʼa ʼin yattabiɛuna ʼilla aḏ̣-ḏ̣anna wa ʼin hum ʼilla yaxruṣun.
10,67,Huwa al-laḏi jaɛala lakum al-layla litaskunu fihi wa an-nahara mubṣiran ʼinna fi ḏalika lʼayatin liqawmin yasmaɛun.
10,68,Qalu attaxaḏa Allahu waladan subḥanahu huwa al-ɣaniyu lahu ma fi as-samawati wa ma fi al-ʼarḍi ʼin ɛindakum min sulṭanin bihaḏa ʼataquluna ɛala Allahi ma la taɛlamun.
10,69,Qul ʼinna al-laḏina yaftaruna ɛala Allahi al-kaḏiba la yufliḥun.
10,70,Mataɛun fi ad-dunya ṯumma ʼilayna marjiɛuhum ṯumma nuḏiquhum al-ɛaḏaba ac-cadida bima kanu yakfurun.
10,71,Wa atlu ɛalayhim nabaʼa nuḥin ʼiḏ qala liqawmihi ya qawmi ʼin kana kabura ɛalaykum maqami wa taḏkiri biʼaya ti Allahi faɛala Allahi tawakkaltu faʼajmiɛu ʼamrakum wa curakaʼakum ṯumma la yakun ʼamrukum ɛalaykum ɣummatan ṯumma aqḍu ʼilayya wa la tunḏ̣irun.
10,72,Faʼin tawallaytum fama saʼaltukum min ʼajrin ʼin ʼajri ʼilla ɛala Allahi wa ʼumirtu ʼan ʼakuna mina al-muslimin.
10,73,Fakaḏḏabuhu fanajjaynahu wa man maɛahu fi al-fulki wa jaɛalnahum xalaʼifa wa ʼaɣraqna al-laḏina kaḏḏabu biʼayatina fanḏ̣ur kayfa kana ɛaqibatu al-munḏarin.
10,74,Ṯumma baɛaṯna min baɛdihi rusulan ʼila qawmihim fajaʼuhum bil-bayyinati fama kanu liyuʼminu bima kaḏḏabu bihi min qablu kaḏalika naṭbaɛu ɛala qulubi al-muɛtadin.
10,75,Ṯumma baɛaṯna min baɛdihim musa wa haruna ʼila firɛawna wa malaʼihi biʼayatina fastakbaru wa kanu qawman mujrimin.
10,76,Falamma jaʼahum al-ḥaqqu min ɛindina qalu ʼinna haḏa lasiḥrun mubinun.
10,77,Qala musa ʼataquluna lilḥaqqi lamma jaʼakum ʼasiḥrun haḏa wa la yufliḥu as-saḥirun.
10,78,Qalu ʼajiʼtana litalfitana ɛamma wajadna ɛalayhi ʼabaʼana wa takuna lakuma al-kibriyaʼu fi al-ʼarḍi wa ma naḥnu lakuma bimuʼminin.
10,79,Wa qala firɛawnu aʼtuni bikulli saḥirin ɛalimin.
10,80,Falamma jaʼa as-saḥaratu qala lahum musa ʼalqu ma ʼantum mulqun.
10,81,Falamma ʼalqaw qala musa ma jiʼtum bihi as-siḥru ʼinna Allaha sayubṭiluhu ʼinna Allaha la yuṣliḥu ɛamala al-mufsidin.
10,82,Wa yuḥiqqu Allahu al-ḥaqqa bikalimatihi wa law kariha al-mujrimun.
10,83,Fama ʼamana limusa ʼilla ḏurriyatun min qawmihi ɛala xawfin min firɛawna wa malaʼihim ʼan yaftinahum wa ʼinna firɛawna laɛalin fi al-ʼarḍi wa ʼinnahu lamina al-musrifin.
10,84,Wa qala musa ya qawmi ʼin kuntum ʼamantum Billahi faɛalayhi tawakkalu ʼin kuntum muslimin.
10,85,Faqalu ɛala Allahi tawakkalna rabbana la tajɛalna fitnatan lilqawmi aḏ̣-ḏ̣alimin.
10,86,Wa najjina biraḥmatika mina al-qawmi al-kafirin.
10,87,Wa ʼawḥayna ʼila musa wa ʼaxihi ʼan tabawwaʼa liqawmikuma bimiṣra buyutan wa ajɛalu buyutakum qiblatan wa ʼaqimu aṣ-ṣalata wa baccir al-muʼminin.
10,88,Wa qala musa rabbana ʼinnaka ʼatayta firɛawna wa malaʼahu zinatan wa ʼamwalan fi al-ḥayati ad-dunya rabbana liyuḍillu ɛan sabilika rabbana aṭmis ɛala ʼamwalihim wa acdud ɛala qulubihim fala yuʼminu ḥatta yaraw al-ɛaḏaba al-ʼalim.
10,89,Qala qad ʼujibat daɛwatukuma fastaqima wa la tattabiɛani sabila al-laḏina la yaɛlamun.
10,90,Wa jawazna bibani ʼisraʼila al-baḥra faʼatbaɛahum firɛawnu wa junuduhu baɣyan waɛadwan ḥatta ʼiḏa ʼadrakahu al-ɣaraqu qala ʼamantu ʼannahu la ʼilaha ʼilla al-laḏi ʼamanat bihi banu ʼisraʼila wa ʼana mina al-muslimin.
10,91,ʼalʼana wa qad ɛaṣayta qablu wa kunta mina al-mufsidin.
10,92,Falyawma nunajjika bibadanika litakuna liman xalfaka ʼayatan wa ʼinna kaṯiran mina an-nasi ɛan ʼayatina laɣafilun.
10,93,Wa laqad bawwaʼna bani ʼisraʼila mubawwaʼa ṣidqin wa razaqnahum mina aṭ-ṭayyibati fama axtalafu ḥatta jaʼahumu al-ɛilmu ʼinna rabbaka yaqḍi baynahum yawma al-qiyamati fima kanu fihi yaxtalifun.
10,94,Faʼin kunta fi cakkin mimma ʼanzalna ʼilayka fasʼali al-laḏina yaqraʼuna al-kitaba min qablika laqad jaʼaka al-ḥaqqu min rabbika fala takunanna mina al-mumtarin.
10,95,Wa la takunanna mina al-laḏina kaḏḏabu biʼayati Allahi fatakuna mina al-xasirin.
10,96,ʼinna al-laḏina ḥaqqat ɛalayhim kalimatu rabbika la yuʼminun.
10,97,Wa law jaʼat/hum kullu ʼayatin ḥatta yaraw al-ɛaḏaba al-ʼalim.
10,98,Falawla kanat qaryatun ʼamanat fanafaɛaha ʼimanuha ʼilla qawma yunis lamma ʼamanu kacafna ɛanhum ɛaḏaba al-xizyi fi al-ḥayati ad-dunya wa mattaɛnahum ʼila ḥinin.
10,99,Wa law caʼa rabbuka laʼamana man fi al-ʼarḍi kulluhum jamiɛan ʼafaʼanta tukrihu an-nasa ḥatta yakunu muʼminin.
10,100,Wa ma kana linafsin ʼan tuʼmina ʼilla biʼiḏni Allahi wa yajɛalu ar-rijsa ɛala al-laḏina la yaɛqilun.
10,101,Qul anḏ̣uru maḏa fi as-samawati wa al-ʼarḍi wa ma tuɣni al-ʼayatu wa an-nuḏuru ɛan qawmin la yuʼminun.
10,102,Fahal yantaḏ̣iruna ʼilla miṯla ʼayyami al-laḏina xalaw min qablihim qul fantaḏ̣iru ʼinni maɛakum mina al-muntaḏ̣irin.
10,103,Ṯumma nunajji rusulana wa al-laḏina ʼamanu kaḏalika ḥaqqan ɛalayna nunji al-muʼminin.
10,104,Qul ya ʼayyuha an-nasu ʼin kuntum fi cakkin min dini fala ʼaɛbudu al-laḏina taɛbuduna min duni Allahi wa lakin ʼaɛbudu Allaha al-laḏi yatawaffakum wa ʼumirtu ʼan ʼakuna mina al-muʼminin.
10,105,Wa ʼan ʼaqim wajhaka lilddini ḥanifan wa la takunanna mina al-mucrikin.
10,106,Wa la tadɛu min duni Allahi ma la yanfaɛuka wa la yaḍurruka faʼin faɛalta faʼinnaka ʼiḏan mina aḏ̣-ḏ̣alimin.
10,107,Wa ʼin yamsaska Allahu biḍurrin fala kacifa lahu ʼilla huwa wa ʼin yuridka bixayrin fala radda lifaḍlihi yuṣibu bihi man yacaʼu min ɛibadihi wa huwa al-ɣafuru ar-raḥim.
10,108,Qul ya ʼayyuha an-nasu qad jaʼakumu al-ḥaqqu min rabbikum faman ahtada faʼinnama yahtadi linafsihi wa man ḍalla faʼinnama yaḍillu ɛalayha wa ma ʼana ɛalaykum biwakilin.
10,109,Wa attabiɛ ma yuḥa ʼilayka wa aṣbir ḥatta yaḥkuma Allahu wa huwa xayru al-ḥakimin.
11,1,ʼalif-lam-ra kitabun ʼuḥkimat ʼayatuhu ṯumma fuṣṣilat min ladun ḥakimin xabirin.
11,2,ʼalla taɛbudu ʼilla Allaha ʼinnani lakum minhu naḏirun wa bacirun.
11,3,Wa ʼan astaɣfiru rabbakum ṯumma tubu ʼilayhi yumattiɛkum mataɛan ḥasanan ʼila ʼajalin musamman wa yuʼti kulla ḏi faḍlin faḍlahu wa ʼin tawallaw faʼinni ʼaxafu ɛalaykum ɛaḏaba yawmin kabirin.
11,4,ʼila Allahi marjiɛukum wa huwa ɛala kulli cayʼin qadirun.
11,5,ʼala ʼinnahum yaṯnuna ṣudurahum liyastaxfu minhu ʼala ḥina yastaɣcuna ṯiyabahum yaɛlamu ma yusirruna wa ma yuɛlinuna ʼinnahu ɛalimun biḏati aṣ-ṣudur.
11,6,Wa ma min dabbatin fi al-ʼarḍi ʼilla ɛala Allahi rizquha wa yaɛlamu mustaqarraha wa mustawdaɛaha kullun fi kitabin mubinin.
11,7,Wa huwa al-laḏi xalaqa as-samawati wa al-ʼarḍa fi sittati ʼayyamin wa kana ɛarcuhu ɛala al-maʼi liyabluwakum ʼayyukum ʼaḥsanu ɛamalan wa laʼin qulta ʼinnakum mabɛuṯuna min baɛdi al-mawti layaqulanna al-laḏina kafaru ʼin haḏa ʼilla siḥrun mubinun.
11,8,Wa laʼin ʼaxxarna ɛanhumu al-ɛaḏaba ʼila ʼummatin maɛdudatin layaqulunna ma yaḥbisuhu ʼala yawma yaʼtihim laysa maṣrufan ɛanhum wa ḥaqa bihim ma kanu bihi yastahziʼun.
11,9,Wa laʼin ʼaḏaqna al-ʼinsana minna raḥmatan ṯumma nazaɛnaha minhu ʼinnahu layaʼusun kafurun.
11,10,Wa laʼin ʼaḏaqnahu naɛmaʼa baɛda ḍarraʼa massat/hu layaqulanna ḏahaba as-sayyiʼatu ɛanni ʼinnahu lafariḥun faxurun.
11,11,ʼilla al-laḏina ṣabaru wa ɛamilu aṣ-ṣaliḥati ʼulaʼika lahum maɣfiratun wa ʼajrun kabirun.
11,12,Falaɛallaka tarikun baɛḍa ma yuḥa ʼilayka wa ḍaʼiqun bihi ṣadruka ʼan yaqulu lawla ʼunzila ɛalayhi kanzun ʼaw jaʼa maɛahu malakun ʼinnama ʼanta naḏirun wa Allahu ɛala kulli cayʼin wa kilun.
11,13,ʼam yaquluna aftarahu qul faʼtu biɛacri suwarin miṯlihi muftarayatin wa adɛu man astaṭaɛtum min duni Allahi ʼin kuntum ṣadiqin.
11,14,Faʼillam yastajibu lakum faɛlamu ʼannama ʼunzila biɛilmi Allahi wa ʼan la ʼilaha ʼilla huwa fahal ʼantum muslimun.
11,15,Man kana yuridu al-ḥayata ad-dunya wa zinataha nuwaffi ʼilayhim ʼaɛmalahum fiha wa hum fiha la yubxasun.
11,16,ʼulaʼika al-laḏina laysa lahum fi al-ʼaxirati ʼilla an-naru wa ḥabiṭa ma ṣanaɛu fiha wa baṭilun ma kanu yaɛmalun.
11,17,ʼafaman kana ɛala bayyinatin min rabbihi wa yatluhu cahidun minhu wa min qablihi kitabu musa ʼimaman wa raḥmatan ʼulaʼika yuʼminuna bihi wa man yakfur bihi mina al-ʼaḥzabi falnnaru mawɛiduhu fala takun fi miryatin minhu ʼinnahu al-ḥaqqu min rabbika wa lakinna ʼakṯara an-nasi la yuʼminun.
11,18,Wa man ʼaḏ̣lamu mimman aftara ɛala Allahi kaḏiban ʼulaʼika yuɛraḍuna ɛala rabbihim wa yaqulu al-ʼac/hadu haʼuulaʼ al-laḏina kaḏabu ɛala rabbihim ʼala laɛnatu Allahi ɛala aḏ̣-ḏ̣alimin.
11,19,Al-laḏina yaṣudduna ɛan sabili Allahi wa yabɣunaha ɛiwajan wa hum bil-ʼaxirati hum kafirun.
11,20,ʼulaʼika lam yakunu muɛjizina fi al-ʼarḍi wa ma kana lahum min duni Allahi min ʼawliyaʼa yuḍaɛafu lahum al-ɛaḏabu ma kanu yastaṭiɛuna as-samɛa wa ma kanu yubṣirun.
11,21,ʼulaʼika al-laḏina xasiru ʼanfusahum wa ḍalla ɛanhum ma kanu yaftarun.
11,22,La jarama ʼannahum fi al-ʼaxirati hum al-ʼaxsarun.
11,23,ʼinna al-laḏina ʼamanu wa ɛamilu aṣ-ṣaliḥati yahdihim rabbuhum biʼimanihim tajri min taḥtihimu al-ʼanharu fi jannati an-naɛim.
11,24,Maṯalu al-fariqayni kalʼaɛma wa al-ʼaṣammi wa al-baṣiri wa as-samiɛi hal yastawiyani maṯalan ʼafala taḏakkarun.
11,25,Wa laqad ʼarsalna nuḥan ʼila qawmihi ʼinni lakum naḏirun mubinun.
11,26,ʼan la taɛbudu ʼilla Allaha ʼinni ʼaxafu ɛalaykum ɛaḏaba yawmin ʼalimin.
11,27,Faqala al-malaʼu al-laḏina kafaru min qawmihi ma naraka ʼilla bacaran miṯlana wa ma naraka attabaɛaka ʼilla al-laḏina hum ʼaraḏiluna badiya ar-raʼyi wa ma nara lakum ɛalayna min faḍlin bal naḏ̣unnukum kaḏibin.
11,28,Qala ya qawmi ʼaraʼaytum ʼin kuntu ɛala bayyinatin min rabbi wa ʼatani raḥmatan min ɛindihi faɛummiyat ɛalaykum ʼanulzimukumuha wa ʼantum laha karihun.
11,29,Wa yaqawmi la ʼasʼalukum ɛalayhi malan ʼin ʼajriya ʼilla ɛala Allahi wa ma ʼana biṭaridi al-laḏina ʼamanu ʼinnahum mulaqu rabbihim wa lakinni ʼarakum qawman tajhalun.
11,30,Wa yaqawmi man yanṣuruni mina Allahi ʼin ṭaradtuhum ʼafala taḏakkarun.
11,31,Wa la ʼaqulu lakum ɛindi xazaʼinu Allahi wa la ʼaɛlamu al-ɣayba wa la ʼaqulu ʼinni malakun wa la ʼaqulu lillaḏina tazdari ʼaɛyunukum lan yuʼtiyahum Allahu xayran Allahu ʼaɛlamu bima fi ʼanfusihim ʼinni ʼiḏan lamina aḏ̣-ḏ̣alimin.
11,32,Qalu ya nuḥu qad jadaltana faʼakṯarta jidalana faʼtina bima taɛiduna ʼin kunta mina aṣ-ṣadiqin.
11,33,Qala ʼinnama yaʼtikum bihi Allahu ʼin caʼa wa ma ʼantum bimuɛjizin.
11,34,Wa la yanfaɛukum nuṣḥi ʼin ʼaradtu ʼan ʼanṣaḥa lakum ʼin kana Allahu yuridu ʼan yuɣwiyakum huwa rabbukum wa ʼilayhi turjaɛun.
11,35,ʼam yaquluna aftarahu qul ʼin aftaraytuhu faɛalayya ʼijrami wa ʼana bariʼun mimma tujrimun.
11,36,Wa ʼuḥiya ʼila nuḥin ʼannahu lan yuʼmina min qawmika ʼilla man qad ʼamana fala tabtaʼis bima kanu yafɛalun.
11,37,Wa aṣnaɛ al-fulka biʼaɛyunina wa waḥyina wa la tuxaṭibni fi al-laḏina ḏ̣alamu ʼinnahum muɣraqun.
11,38,Wa yaṣnaɛu al-fulka wa kullama marra ɛalayhi malaʼun min qawmihi saxiru minhu qala ʼin tasxaru minna faʼinna nasxaru minkum kama tasxarun.
11,39,Fasawfa taɛlamuna man yaʼtihi ɛaḏabun yuxzihi wa yaḥillu ɛalayhi ɛaḏabun muqimun.
11,40,Ḥatta ʼiḏa jaʼa ʼamruna wa fara at-tannuru qulna aḥmil fiha min kullin zawjayni aṯnayni wa ʼahlaka ʼilla man sabaqa ɛalayhi al-qawlu wa man ʼamana wa ma ʼamana maɛahu ʼilla qalilun.
11,41,Wa qala arkabu fiha bismi Allahi majraha wa mursaha ʼinna rabbi laɣafurun raḥimun.
11,42,Wa hiya tajri bihim fi mawjin kaljibali wa nada nuḥun abnahu wa kana fi maɛzilin ya bunayya arkab maɛana wa la takun maɛa al-kafirin.
11,43,Qala saʼawi ʼila jabalin yaɛṣimuni mina al-maʼi qala la ɛaṣima al-yawma min ʼamri Allahi ʼilla man raḥima wa ḥala baynahuma al-mawju fakana mina al-muɣraqin.
11,44,Wa qila ya ʼarḍu ablaɛi maʼaki wa ya samaʼu ʼaqliɛi wa ɣiḍa al-maʼu wa quḍiya al-ʼamru wa astawat ɛala al-judiyi wa qila buɛdan lilqawmi aḏ̣-ḏ̣alimin.
11,45,Wa nada nuḥun rabbahu faqala rabbi ʼinna abni min ʼahli wa ʼinna waɛdaka al-ḥaqqu wa ʼanta ʼaḥkamu al-ḥakimin.
11,46,Qala ya nuḥu ʼinnahu laysa min ʼahlika ʼinnahu ɛamalun ɣayru ṣaliḥin fala tasʼalni ma laysa laka bihi ɛilmun ʼinni ʼaɛiḏ̣uka ʼan takuna mina al-jahilin.
11,47,Qala rabbi ʼinni ʼaɛuḏu bika ʼan ʼasʼalaka ma laysa li bihi ɛilmun wa ʼilla taɣfir li wa tarḥamni ʼakun mina al-xasirin.
11,48,Qila ya nuḥu ahbiṭ bisalamin minna wa barakatin ɛalayka wa ɛala ʼumamin mimman maɛaka wa ʼumamun sanumattiɛuhum ṯumma yamassuhum minna ɛaḏabun ʼalimun.
11,49,Tilka min ʼanbaʼi al-ɣaybi nuḥiha ʼilayka ma kunta taɛlamuha ʼanta wa la qawmuka min qabli haḏa faṣbir ʼinna al-ɛaqibata lilmuttaqin.
11,50,Wa ʼila ɛadin ʼaxahum hudan qala ya qawmi aɛbudu Allaha ma lakum min ʼilahin ɣayruhu ʼin ʼantum ʼilla muftarun.
11,51,Ya qawmi la ʼasʼalukum ɛalayhi ʼajran ʼin ʼajriya ʼilla ɛala al-laḏi faṭarani ʼafala taɛqilun.
11,52,Wa ya qawmi astaɣfiru rabbakum ṯumma tubu ʼilayhi yursil as-samaʼa ɛalaykum midraran wa yazidkum quwatan ʼila quwatikum wa la tatawallaw mujrimin.
11,53,Qalu ya hudu ma jiʼtana bibayyinatin wa ma naḥnu bitariki ʼalihatina ɛan qawlika wa ma naḥnu laka bimuʼminin.
11,54,ʼin naqulu ʼilla aɛtaraka baɛḍu ʼalihatina bisuʼin qala ʼinni ʼuc/hidu Allaha wa ac/hadu ʼanni bariʼun mimma tucrikun.
11,55,Min dunihi fakiduni jamiɛan ṯumma la tunḏ̣irun.
11,56,ʼinni tawakkaltu ɛala Allahi rabbi wa rabbikum ma min dabbatin ʼilla huwa ʼaxiḏun binaṣiyatiha ʼinna rabbi ɛala ṣiraṭin mustaqimin.
11,57,Faʼin tawallaw faqad ʼablaɣtukum ma ʼursiltu bihi ʼilaykum wa yastaxlifu rabbi qawman ɣayrakum wa la taḍurrunahu cayʼan ʼinna rabbi ɛala kulli cayʼin ḥafiḏ̣un.
11,58,Wa lamma jaʼa ʼamruna najjayna hudan wa al-laḏina ʼamanu maɛahu biraḥmatin minna wa najjaynahum min ɛaḏabin ɣaliḏ̣in.
11,59,Wa tilka ɛadun jaḥadu biʼayati rabbihim wa ɛaṣaw rusulahu wa attabaɛu ʼamra kulli jabbarin ɛanidin.
11,60,Wa ʼutbiɛu fi haḏihi ad-dunya laɛnatan wa yawma al-qiyamati ʼala ʼinna ɛadan kafaru rabbahum ʼala buɛdan liɛadin qawmi hudin.
11,61,Wa ʼila ṯamuda ʼaxahum ṣaliḥan qala ya qawmi aɛbudu Allaha ma lakum min ʼilahin ɣayruhu huwa ʼancaʼakum mina al-ʼarḍi wa astaɛmarakum fiha fastaɣfiruhu ṯumma tubu ʼilayhi ʼinna rabbi qaribun mujibun.
11,62,Qalu ya ṣaliḥu qad kunta fina marjuwan qabla haḏa ʼatanhana ʼan naɛbuda ma yaɛbudu ʼabaʼuuna wa ʼinnana lafi cakkin mimma tadɛuna ʼilayhi muribin.
11,63,Qala ya qawmi ʼaraʼaytum ʼin kuntu ɛala bayyinatin min rabbi wa ʼatani minhu raḥmatan faman yanṣuruni mina Allahi ʼin ɛaṣaytuhu fama tazidunani ɣayra taxsirin.
11,64,Wa ya qawmi haḏihi naqatu Allahi lakum ʼayatan faḏaruha taʼkul fi ʼarḍi Allahi wa la tamassuha bisuʼin fayaʼxuḏakum ɛaḏabun qaribun.
11,65,Faɛaqaruha faqala tamattaɛu fi darikum ṯalaṯata ʼayyamin ḏalika waɛdun ɣayru makḏubin.
11,66,Falamma jaʼa ʼamruna najjayna ṣaliḥan wa al-laḏina ʼamanu maɛahu biraḥmatin minna wa min xizyi yawmiʼiḏin ʼinna rabbaka huwa al-qawiyu al-ɛaziz.
11,67,Wa ʼaxaḏa al-laḏina ḏ̣alamu aṣ-ṣayḥatu faʼaṣbaḥu fi diyarihim jaṯimin.
11,68,Kaʼan lam yaɣnaw fiha ʼala ʼinna ṯamuda kafaru rabbahum ʼala buɛdan liṯamud.
11,69,Wa laqad jaʼat rusuluna ʼibrahima bil-bucra qalu salaman qala salamun fama labiṯa ʼan jaʼa biɛijlin ḥaniḏin.
11,70,Falamma raʼa ʼaydiyahum la taṣilu ʼilayhi nakirahum wa ʼawjasa minhum xifatan qalu la taxaf ʼinna ʼursilna ʼila qawmi luṭin.
11,71,Wa amraʼatuhu qaʼimatun faḍaḥikat fabaccarnaha biʼisḥaqa wa min waraʼi ʼisḥaqa yaɛqub.
11,72,Qalat ya waylata ʼaʼalidu wa ʼana ɛajuzun wa haḏa baɛli cayxan ʼinna haḏa lacayʼun ɛajibun.
11,73,Qalu ʼataɛjabina min ʼamri Allahi raḥmatu Allahi wa barakatuhu ɛalaykum ʼahla al-bayti ʼinnahu ḥamidun majidun.
11,74,Falamma ḏahaba ɛan ʼibrahima ar-rawɛu wa jaʼat/hu al-bucra yujadiluna fi qawmi luṭin.
11,75,ʼinna ʼibrahima laḥalimun ʼawwahun munibun.
11,76,Ya ʼibrahimu ʼaɛriḍ ɛan haḏa ʼinnahu qad jaʼa ʼamru rabbika wa ʼinnahum ʼatihim ɛaḏabun ɣayru mardudin.
11,77,Wa lamma jaʼat rusuluna luṭan siʼa bihim wa ḍaqa bihim ḏarɛan wa qala haḏa yawmun ɛaṣibun.
11,78,Wa jaʼahu qawmuhu yuhraɛuna ʼilayhi wa min qablu kanu yaɛmaluna as-sayyiʼati qala ya qawmi haʼuulaʼ banati hunna ʼaṭharu lakum fa attaqu Allaha wa la tuxzuni fi ḍayfi ʼalaysa minkum rajulun racidun.
11,79,Qalu laqad ɛalimta ma lana fi banatika min ḥaqqin wa ʼinnaka lataɛlamu ma nurid.
11,80,Qala law ʼanna li bikum quwatan ʼaw ʼawi ʼila ruknin cadidin.
11,81,Qalu ya luṭu ʼinna rusulu rabbika lan yaṣilu ʼilayka faʼasri biʼahlika biqiṭɛin mina al-layli wa la yaltafit minkum ʼaḥadun ʼilla amraʼataka ʼinnahu muṣibuha ma ʼaṣabahum ʼinna mawɛidahumu aṣ-ṣubḥu ʼalaysa aṣ-ṣubḥu biqaribin.
11,82,Falamma jaʼa ʼamruna jaɛalna ɛaliyaha safilaha wa ʼamṭarna ɛalayha ḥijaratan min sijjilin manḍudin.
11,83,Musawwamatan ɛinda rabbika wa ma hiya mina aḏ̣-ḏ̣alimina bibaɛidin.
11,84,Wa ʼila madyana ʼaxahum cuɛayban qala ya qawmi aɛbudu Allaha ma lakum min ʼilahin ɣayruhu wa la tanquṣu al-mikya la wa al-mizana ʼinni ʼarakum bixayrin wa ʼinni ʼaxafu ɛalaykum ɛaḏaba yawmin muḥiṭin.
11,85,Wa ya qawmi ʼawfu al-mikyala wa al-mizana bil-qisṭi wa la tabxasu an-nasa ʼacyaʼahum wa la taɛṯaw fi al-ʼarḍi mufsidin.
11,86,Baqiyatu Allahi xayrun lakum ʼin kuntum muʼminina wa ma ʼana ɛalaykum biḥafiḏ̣in.
11,87,Qalu ya cuɛaybu ʼaṣalatuka taʼmuruka ʼan natruka ma yaɛbudu ʼabaʼuuna ʼaw ʼan nafɛala fi ʼamwalina ma nacaʼu ʼinnaka laʼanta al-ḥalimu ar-racid.
11,88,Qala ya qawmi ʼaraʼaytum ʼin kuntu ɛala bayyinatin min rabbi wa razaqani minhu rizqan ḥasanan wa ma ʼuridu ʼan ʼuxalifakum ʼila ma ʼanhakum ɛanhu ʼin ʼuridu ʼilla al-ʼiṣlaḥa ma astaṭaɛtu wa ma tawfiqi ʼilla Billahi ɛalayhi tawakkaltu wa ʼilayhi ʼunib.
11,89,Wa ya qawmi la yajrimannakum ciqaqi ʼan yuṣibakum miṯlu ma ʼaṣaba qawma nuḥin ʼaw qawma hudin ʼaw qawma ṣaliḥin wa ma qawmu luṭin minkum bibaɛidin.
11,90,Wa astaɣfiru rabbakum ṯumma tubu ʼilayhi ʼinna rabbi raḥimun wadudun.
11,91,Qalu ya cuɛaybu ma nafqahu kaṯiran mimma taqulu wa ʼinna lanaraka fina ḍaɛifan wa lawla rahṭuka larajamnaka wa ma ʼanta ɛalayna biɛazizin.
11,92,Qala ya qawmi ʼarahṭi ʼaɛazzu ɛalaykum mina Allahi wa attaxaḏtumuhu waraʼakum ḏ̣ihriyan ʼinna rabbi bima taɛmaluna muḥiṭun.
11,93,Wa ya qawmi aɛmalu ɛala makanatikum ʼinni ɛamilun sawfa taɛlamuna man yaʼtihi ɛaḏabun yuxzihi wa man huwa kaḏibun wa artaqibu ʼinni maɛakum raqibun.
11,94,Wa lamma jaʼa ʼamruna najjayna cuɛayban wa al-laḏina ʼamanu maɛahu biraḥmatin minna wa ʼaxaḏati al-laḏina ḏ̣alamu aṣ-ṣayḥatu faʼaṣbaḥu fi diyarihim jaṯimin.
11,95,Kaʼan lam yaɣnaw fiha ʼala buɛdan limadyana kama baɛidat ṯamud.
11,96,Wa laqad ʼarsalna musa biʼayatina wa sulṭanin mubinin.
11,97,ʼila firɛawna wa malaʼihi fa attabaɛu ʼamra firɛawna wa ma ʼamru firɛawna biracidin.
11,98,Yaqdumu qawmahu yawma al-qiyamati faʼawradahumu an-nara wa biʼsa al-wirdu al-mawrud.
11,99,Wa ʼutbiɛu fi haḏihi laɛnatan wa yawma al-qiyamati biʼsa ar-rifdu al-marfud.
11,100,Ḏalika min ʼanbaʼi al-qura naquṣṣuhu ɛalayka minha qaʼimun wa ḥaṣidun.
11,101,Wa ma ḏ̣alamnahum wa lakin ḏ̣alamu ʼanfusahum fama ʼaɣnat ɛanhum ʼalihatuhumu allati yadɛuna min duni Allahi min cayʼin lamma jaʼa ʼamru rabbika wa ma zaduhum ɣayra tatbibin.
11,102,Wa kaḏalika ʼaxḏu rabbika ʼiḏa ʼaxaḏa al-qura wa hiya ḏ̣alimatun ʼinna ʼaxḏahu ʼalimun cadidun.
11,103,ʼinna fi ḏalika laʼayatan liman xafa ɛaḏaba al-ʼaxirati ḏalika yawmun majmuɛun lahu an-nasu wa ḏalika yawmun mac/hudun.
11,104,Wa ma nuʼaxxiruhu ʼilla liʼjalin maɛdudin.
11,105,Yawma yaʼti la takallamu nafsun ʼilla biʼiḏnihi faminhum caqiyun wa saɛidun.
11,106,Faʼamma al-laḏina caqu fafi an-nari lahum fiha zafirun wa cahiqun.
11,107,Xalidina fiha ma damti as-samawatu wa al-ʼarḍu ʼilla ma caʼa rabbuka ʼinna rabbaka faɛɛalun lima yurid.
11,108,Wa ʼamma al-laḏina suɛidu fafi al-jannati xalidina fiha ma damati as-samawatu wa al-ʼarḍu ʼilla ma caʼa rabbuka ɛaṭaʼan ɣayra majḏuḏin.
11,109,Fala taku fi miryatin mimma yaɛbudu haʼuulaʼ ma yaɛbuduna ʼilla kama yaɛbudu ʼabaʼuuhum min qablu wa ʼinna lamuwaffuhum naṣibahum ɣayra manquṣin.
11,110,Wa laqad ʼatayna musa al-kitaba faxtulifa fihi wa lawla kalimatun sabaqat min rabbika laquḍiya baynahum wa ʼinnahum lafi cakkin minhu muribin.
11,111,Wa ʼinna kulla lamma layuwaffiyannahum rabbuka ʼaɛmalahum ʼinnahu bima yaɛmaluna xabirun.
11,112,Fastaqim kama ʼumirta wa man taba maɛaka wa la taṭɣaw ʼinnahu bima taɛmaluna baṣirun.
11,113,Wa la tarkanu ʼila al-laḏina ḏ̣alamu fatamassakumu an-naru wa ma lakum min duni Allahi min ʼawliyaʼa ṯumma la tunṣarun.
11,114,Wa ʼaqimi aṣ-ṣalata ṭarafayi an-nahari wa zulafan mina al-layli ʼinna al-ḥasanati yuḏ/hibna as-sayyiʼati ḏalika ḏikra lilḏḏakirin.
11,115,Wa aṣbir faʼinna Allaha la yuḍiɛu ʼajra al-muḥsinin.
11,116,Falawla kana mina al-quruni min qablikum ʼulu baqiyatin yanhawna ɛani al-fasadi fi al-ʼarḍi ʼilla qalilan mimman ʼanjayna minhum wa attabaɛa al-laḏina ḏ̣alamu ma ʼutrifu fihi wa kanu mujrimin.
11,117,Wa ma kana rabbuka liyuhlika al-qura biḏ̣ulmin wa ʼahluha muṣliḥun.
11,118,Wa law caʼa rabbuka lajaɛala an-nasa ʼummatan waḥidatan wa la yazaluna muxtalifin.
11,119,ʼilla man raḥima rabbuka wa liḏalika xalaqahum wa tammat kalimatu rabbika laʼamlaʼanna jahannama mina al-jinnati wa an-nasi ʼajmaɛin.
11,120,Wa kullan naquṣṣu ɛalayka min ʼanbaʼi ar-rusuli ma nuṯabbitu bihi fuʼadaka wa jaʼaka fi haḏihi al-ḥaqqu wa mawɛiḏ̣atun wa ḏikra lilmuʼminin.
11,121,Wa qul lillaḏina la yuʼminuna aɛmalu ɛala makanatikum ʼinna ɛamilun.
11,122,Wa antaḏ̣iru ʼinna muntaḏ̣irun.
11,123,Wa Lillahi ɣaybu as-samawati wa al-ʼarḍi wa ʼilayhi yurjaɛu al-ʼamru kulluhu faɛbud/hu wa tawakkal ɛalayhi wa ma rabbuka biɣafilin ɛamma taɛmalun.
12,1,ʼalif-lam-ra tilka ʼayatu al-kitabi al-mubin.
12,2,ʼinna ʼanzalnahu qurʼanan ɛarabiyan laɛallakum taɛqilun.
12,3,Naḥnu naquṣṣu ɛalayka ʼaḥsana al-qaṣaṣi bima ʼawḥayna ʼilayka haḏa al-qurʼana wa ʼin kunta min qablihi lamina al-ɣafilin.
12,4,ʼiḏ qala yusufu liʼabihi ya ʼabati ʼinni raʼaytu ʼaḥada ɛacara kawkaban wa ac-camsa wa al-qamara raʼaytuhum li sajidin.
12,5,Qala ya bunayya la taqṣuṣ ruʼya ka ɛala ʼixwatika fayakidu laka kaydan ʼinna ac-cayṭana lilʼinsani ɛaduwun mubinun.
12,6,Wa kaḏalika yajtabika rabbuka wa yuɛallimuka min taʼwili al-ʼaḥadiṯi wa yutimmu niɛmatahu ɛalayka wa ɛala ʼali yaɛquba kama ʼatammaha ɛala ʼabawayka min qablu ʼibrahima wa ʼisḥaqa ʼinna rabbaka ɛalimun ḥakimun.
12,7,Laqad kana fi yusufa wa ʼixwatihi ʼayatun lilssaʼilin.
12,8,ʼiḏ qalu layusufu wa ʼaxuhu ʼaḥabbu ʼila ʼabina minna wa naḥnu ɛuṣbatun ʼinna ʼabana lafi ḍalalin mubinin.
12,9,Aqtulu yusufa ʼawi aṭraḥuhu ʼarḍan yaxlu lakum wajhu ʼabikum wa takunu min baɛdihi qawman ṣaliḥin.
12,10,Qala qaʼilun minhum la taqtulu yusufa wa ʼalquhu fi ɣayabati al-jubbi yaltaqiṭhu baɛḍu as-sayyarati ʼin kuntum faɛilin.
12,11,Qalu ya ʼabana ma laka la taʼmanna ɛala yusufa wa ʼinna lahu lanaṣiḥun.
12,12,ʼarsilhu maɛana ɣadan yartaɛ wa yalɛab wa ʼinna lahu laḥafiḏ̣un.
12,13,Qala ʼinni layaḥzununi ʼan taḏ/habu bihi wa ʼaxafu ʼan yaʼkulahu aḏ-ḏiʼbu wa ʼantum ɛanhu ɣafilun.
12,14,Qalu laʼin ʼakalahu aḏ-ḏiʼbu wa naḥnu ɛuṣbatun ʼinna ʼiḏan laxasirun.
12,15,Falamma ḏahabu bihi wa ʼajmaɛu ʼan yajɛaluhu fi ɣayabati al-jubbi wa ʼawḥayna ʼilayhi latunabbiʼannahum biʼamrihim haḏa wa hum la yacɛurun.
12,16,Wa jaʼu ʼabahum ɛicaʼan yabkun.
12,17,Qalu ya ʼabana ʼinna ḏahabna nastabiqu wa tarakna yusufa ɛinda mataɛina faʼakalahu aḏ-ḏiʼbu wa ma ʼanta bimuʼminin lana wa law kunna ṣadiqin.
12,18,Wa jaʼu ɛala qamiṣihi bidamin kaḏibin qala bal sawwalat lakum ʼanfusukum ʼamran faṣabrun jamilun wa Allahu al-mustaɛanu ɛala ma taṣifun.
12,19,Wa jaʼat sayyaratun faʼarsalu wa aridahum faʼadla dalwahu qala ya bucra haḏa ɣulamun wa ʼasarruhu biḍaɛatan wa Allahu ɛalimun bima yaɛmalun.
12,20,Wa carawhu biṯamanin baxsin darahima maɛdudatin wa kanu fihi mina az-zahidin.
12,21,Wa qala al-laḏi actarahu min miṣra liʼimraʼatihi ʼakrimi maṯwahu ɛasa ʼan yanfaɛana ʼaw nattaxiḏahu waladan wa kaḏalika makkanna liyusufa fi al-ʼarḍi wa linuɛallimahu min taʼwili al-ʼaḥadiṯi wa Allahu ɣalibun ɛala ʼamrihi wa lakinna ʼakṯara an-nasi la yaɛlamun.
12,22,Wa lamma balaɣa ʼacuddahu ʼataynahu ḥukman wa ɛilman wa kaḏalika najzi al-muḥsinin.
12,23,Wa rawadat/hu allati huwa fi baytiha ɛan nafsihi wa ɣallaqati al-ʼabwaba wa qalat hayta laka qala maɛaḏa Allahi ʼinnahu rabbi ʼaḥsana maṯwaya ʼinnahu la yufliḥu aḏ̣-ḏ̣alimun.
12,24,Wa laqad hammat bihi wa hamma biha lawla ʼan raʼa burhana rabbihi kaḏalika linaṣrifa ɛanhu as-suʼa wa al-faḥcaʼa ʼinnahu min ɛibadina al-muxlaṣin.
12,25,Wa astabaqa al-baba wa qaddat qamiṣahu min duburin wa ʼalfaya sayyidaha lada al-babi qalat ma jazaʼu man ʼarada biʼahlika suʼan ʼilla ʼan yusjana ʼaw ɛaḏabun ʼalimun.
12,26,Qala hiya rawadatni ɛan nafsi wa cahida cahidun min ʼahliha ʼin kana qamiṣuhu qudda min qubulin faṣadaqat wa huwa mina al-kaḏibin.
12,27,Wa ʼin kana qamiṣuhu qudda min duburin fakaḏabat wa huwa mina aṣ-ṣadiqin.
12,28,Falamma raʼa qamiṣahu qudda min duburin qala ʼinnahu min kaydikunna ʼinna kaydakunna ɛaḏ̣imun.
12,29,Yusufu ʼaɛriḍ ɛan haḏa wa astaɣfiri liḏanbiki ʼinnaki kunti mina al-xaṭiʼin.
12,30,Wa qala niswatun fi al-madinati amraʼatu al-ɛazizi turawidu fataha ɛan nafsihi qad caɣafaha ḥubban ʼinna lanaraha fi ḍalalin mubinin.
12,31,Falamma samiɛat bimakrihinna ʼarsalat ʼilayhinna wa ʼaɛtadat lahunna muttakaʼan wa ʼatat kulla waḥidatin minhunna sikkinan wa qalati axruj ɛalayhinna falamma raʼaynahu ʼakbarnahu wa qaṭṭaɛna ʼaydiyahunna wa qulna ḥaca Lillahi ma haḏa bacaran ʼin haḏa ʼilla malakun karimun.
12,32,Qalat faḏalikunna al-laḏi lumtunnani fihi wa laqad rawadttuhu ɛan nafsihi fastaɛṣama wa laʼin lam yafɛal ma ʼamuruhu layusjananna wa layakunan mina aṣ-ṣaɣirin.
12,33,Qala rabbi as-sijnu ʼaḥabbu ʼilayya mimma yadɛunani ʼilayhi wa ʼilla taṣrif ɛanni kaydahunna ʼaṣbu ʼilayhinna wa ʼakun mina al-jahilin.
12,34,Fastajaba lahu rabbuhu faṣarafa ɛanhu kaydahunna ʼinnahu huwa as-samiɛu al-ɛalim.
12,35,Ṯumma bada lahum min baɛdi ma raʼaw al-ʼayati layasjununnahu ḥatta ḥinin.
12,36,Wa daxala maɛahu as-sijna fatayani qala ʼaḥaduhuma ʼinni ʼarani ʼaɛṣiru xamran wa qala al-ʼaxaru ʼinni ʼarani ʼaḥmilu fawqa raʼsi xubzan taʼkulu aṭ-ṭayru minhu nabbiʼna bitaʼwilihi ʼinna naraka mina al-muḥsinin.
12,37,Qala la yaʼtikuma ṭaɛamun turzaqanihi ʼilla nabbaʼtukuma bitaʼwilihi qabla ʼan yaʼtiyakuma ḏalikuma mimma ɛallamani rabbi ʼinni taraktu millata qawmin la yuʼminuna Billahi wa hum bil-ʼaxirati hum kafirun.
12,38,Wa attabaɛtu millata ʼabaʼi ʼibrahima wa ʼisḥaqa wa yaɛquba ma kana lana ʼan nucrika Billahi min cayʼin ḏalika min faḍli Allahi ɛalayna wa ɛala an-nasi wa lakinna ʼakṯara an-nasi la yackurun.
12,39,Ya ṣaḥibayi as-sijni ʼaʼarbabun mutafarriquna xayrun ʼami Allahu al-waḥidu al-qahhar.
12,40,Ma taɛbuduna min dunihi ʼilla ʼasmaʼan sammaytumuha ʼantum wa ʼabaʼuukum ma ʼanzala Allahu biha min sulṭanin ʼini al-ḥukmu ʼilla Lillahi ʼamara ʼalla taɛbudu ʼilla ʼiyahu ḏalika ad-dinu al-qayyimu wa lakinna ʼakṯara an-nasi la yaɛlamun.
12,41,Ya ṣaḥibayi as-sijni ʼamma ʼaḥadukuma fayasqi rabbahu xamran wa ʼamma al-ʼaxaru fayuṣlabu fataʼkulu aṭ-ṭayru min raʼsihi quḍiya al-ʼamru al-laḏi fihi tastaftiyan.
12,42,Wa qala lillaḏi ḏ̣anna ʼannahu najin minhuma aḏkurni ɛinda rabbika faʼansahu ac-cayṭanu ḏikra rabbihi falabiṯa fi as-sijni biḍɛa sinin.
12,43,Wa qala al-maliku ʼinni ʼara sabɛa baqaratin simanin yaʼkuluhunna sabɛun ɛijafun wa sabɛa sunbulatin xuḍrin wa ʼuxara ya bisatin ya ʼayyuha al-malaʼu ʼaftuni fi ruʼya ya ʼin kuntum lilrruʼya taɛburun.
12,44,Qalu ʼaḍɣaṯu ʼaḥlamin wa ma naḥnu bitaʼwili al-ʼaḥlami biɛalimin.
12,45,Wa qala al-laḏi naja minhuma wa aiddakara baɛda ʼummatin ʼana ʼunabbiʼukum bitaʼwilihi faʼarsilun.
12,46,Yusufu ʼayyuha aṣ-ṣiddiqu ʼaftina fi sabɛi baqaratin simanin yaʼkuluhunna sabɛun ɛijafun wa sabɛi sunbulatin xuḍrin wa ʼuxara ya bisatin laɛalli ʼarjiɛu ʼila an-nasi laɛallahum yaɛlamun.
12,47,Qala tazraɛuna sabɛa sinina daʼaban fama ḥaṣadtum faḏaruhu fi sunbulihi ʼilla qalilan mimma taʼkulun.
12,48,Ṯumma yaʼti min baɛdi ḏalika sabɛun cidadun yaʼkulna ma qaddamtum lahunna ʼilla qalilan mimma tuḥṣinun.
12,49,Ṯumma yaʼti min baɛdi ḏalika ɛamun fihi yuɣaṯu an-nasu wa fihi yaɛṣirun.
12,50,Wa qala al-maliku aʼtuni bihi falamma jaʼahu ar-rasulu qala arjiɛ ʼila rabbika fasʼalhu ma balu an-niswati al-lati qaṭṭaɛna ʼaydiyahunna ʼinna rabbi bikaydihinna ɛalimun.
12,51,Qala ma xaṭbukunna ʼiḏ rawadttunna yusufa ɛan nafsihi qulna ḥaca Lillahi ma ɛalimna ɛalayhi min suʼin qalati amraʼatu al-ɛazizi al-ʼana ḥaṣḥaṣa al-ḥaqqu ʼana rawadttuhu ɛan nafsihi wa ʼinnahu lamina aṣ-ṣadiqin.
12,52,Ḏalika liyaɛlama ʼanni lam ʼaxunhu bil-ɣaybi wa ʼanna Allaha la yahdi kayda al-xaʼinin.
12,53,Wa ma ʼubarriʼu nafsi ʼinna an-nafsa laʼammaratun bis-suʼi ʼilla ma raḥima rabbi ʼinna rabbi ɣafurun raḥimun.
12,54,Wa qala al-maliku aʼtuni bihi ʼastaxliṣhu linafsi falamma kallamahu qala ʼinnaka al-yawma ladayna makinun ʼaminun.
12,55,Qala ajɛalni ɛala xazaʼini al-ʼarḍi ʼinni ḥafiḏ̣un ɛalimun.
12,56,Wa kaḏalika makkanna liyusufa fi al-ʼarḍi yatabawwaʼu minha ḥayṯu yacaʼu nuṣibu biraḥmatina man nacaʼu wa la nuḍiɛu ʼajra al-muḥsinin.
12,57,Wa laʼajru al-ʼaxirati xayrun lillaḏina ʼamanu wa kanu yattaqun.
12,58,Wa jaʼa ʼixwatu yusufa fadaxalu ɛalayhi faɛarafahum wa hum lahu munkirun.
12,59,Wa lamma jahhazahum bijahazihim qala aʼtuni biʼaxin lakum min ʼabikum ʼala tarawna ʼanni ʼufi al-kayla wa ʼana xayru al-munzilin.
12,60,Faʼin lam taʼtuni bihi fala kayla lakum ɛindi wa la taqrabun.
12,61,Qalu sanurawidu ɛanhu ʼabahu wa ʼinna lafaɛilun.
12,62,Wa qala lifityanihi ajɛalu biḍaɛatahum fi riḥalihim laɛallahum yaɛrifunaha ʼiḏa anqalabu ʼila ʼahlihim laɛallahum yarjiɛun.
12,63,Falamma rajaɛu ʼila ʼabihim qalu ya ʼabana muniɛa minna al-kaylu faʼarsil maɛana ʼaxana naktal wa ʼinna lahu laḥafiḏ̣un.
12,64,Qala hal ʼamanukum ɛalayhi ʼilla kama ʼamintukum ɛala ʼaxihi min qablu fa-Allahu xayrun ḥafiḏ̣an wa huwa ʼarḥamu ar-raḥimin.
12,65,Wa lamma fataḥu mataɛahum wa jadu biḍaɛatahum ruddat ʼilayhim qalu ya ʼabana ma nabɣi haḏihi biḍaɛatuna ruddat ʼilayna wa namiru ʼahlana wa naḥfaḏ̣u ʼaxana wa nazdadu kayla baɛirin ḏalika kaylun yasirun.
12,66,Qala lan ʼursilahu maɛakum ḥatta tuʼtuni mawṯiqan mina Allahi lataʼtunani bihi ʼilla ʼan yuḥaṭa bikum falamma ʼatawhu mawṯiqahum qala Allahu ɛala ma naqulu wa kilun.
12,67,Wa qala ya baniya la tadxulu min babin waḥidin wa adxulu min ʼabwabin mutafarriqatin wa ma ʼuɣni ɛankum mina Allahi min cayʼin ʼin al-ḥukmu ʼilla Lillahi ɛalayhi tawakkaltu wa ɛalayhi falyatawakkal al-mutawakkilun.
12,68,Wa lamma daxalu min ḥayṯu ʼamarahum ʼabuhum mma kana yuɣni ɛanhum mmina Allahi min cayʼin ʼilla ḥajatan fi nafsi yaɛquba qaḍaha wa ʼinnahu laḏu ɛilmin lima ɛallamnahu wa lakinna ʼakṯara an-nasi la yaɛlamun.
12,69,Wa lamma daxalu ɛala yusufa ʼawa ʼilayhi ʼaxahu qala ʼinni ʼana ʼaxuka fala tabtaʼis bima kanu yaɛmalun.
12,70,Falamma jahhazahum bijahazihim jaɛala as-siqayata fi raḥli ʼaxihi ṯumma ʼaḏḏana muʼaḏḏinun ʼayyatuha al-ɛiru ʼinnakum lasariqun.
12,71,Qalu wa ʼaqbalu ɛalayhim maḏa tafqidun.
12,72,Qalu nafqidu ṣuwaɛa al-maliki wa liman jaʼa bihi ḥimlu baɛirin wa ʼana bihi zaɛimun.
12,73,Qalu ta-Allahi laqad ɛalimtum ma jiʼna linufsida fi al-ʼarḍi wa ma kunna sariqin.
12,74,Qalu fama jazaʼuuhu ʼin kuntum kaḏibin.
12,75,Qalu jazaʼuuhu man wujida fi raḥlihi fahuwa jazaʼuuhu kaḏalika najzi aḏ̣-ḏ̣alimin.
12,76,Fabadaʼa biʼawɛiyatihim qabla wiɛaʼi ʼaxihi ṯumma astaxrajaha min wiɛaʼi ʼaxihi kaḏalika kidna liyusufa ma kana liyaʼxuḏa ʼaxahu fi dini al-maliki ʼilla ʼan yacaʼa Allahu narfaɛu darajatin man nacaʼu wa fawqa kulli ḏi ɛilmin ɛalimun.
12,77,Qalu ʼin yasriq faqad saraqa ʼaxun lahu min qablu faʼasarraha yusufu fi nafsihi wa lam yubdiha lahum qala ʼantum carrun makanan wa Allahu ʼaɛlamu bima taṣifun.
12,78,Qalu ya ʼayyuha al-ɛazizu ʼinna lahu ʼaban cayxan kabiran faxuḏ ʼaḥadana makanahu ʼinna naraka mina al-muḥsinin.
12,79,Qala maɛaḏa Allahi ʼan naʼxuḏa ʼilla man wajadna mataɛana ɛindahu ʼinna ʼiḏan laḏ̣alimun.
12,80,Falamma astayʼasu minhu xalaṣu najiyan qala kabiruhum ʼalam taɛlamu ʼanna ʼabakum qad ʼaxaḏa ɛalaykum mawṯiqan mina Allahi wa min qablu ma farraṭtum fi yusufa falan ʼabraḥa al-ʼarḍa ḥatta yaʼḏana li ʼabi ʼaw yaḥkuma Allahu li wa huwa xayru al-ḥakimin.
12,81,Arjiɛu ʼila ʼabikum faqulu ya ʼabana ʼinna abnaka saraqa wa ma cahidna ʼilla bima ɛalimna wa ma kunna lilɣaybi ḥafiḏ̣in.
12,82,Wa asʼal al-qaryata allati kunna fiha wa al-ɛira allati ʼaqbalna fiha wa ʼinna laṣadiqun.
12,83,Qala bal sawwalat lakum ʼanfusukum ʼamran faṣabrun jamilun ɛasa Allahu ʼan yaʼtiyani bihim jamiɛan ʼinnahu huwa al-ɛalimu al-ḥakim.
12,84,Wa tawalla ɛanhum wa qala ya ʼasafa ɛala yusufa wa abyaḍḍat ɛaynahu mina al-ḥuzni fahuwa kaḏ̣imun.
12,85,Qalu ta-Allahi taftaʼu taḏkuru yusufa ḥatta takuna ḥaraḍan ʼaw takuna mina al-halikin.
12,86,Qala ʼinnama ʼacku baṯṯi wa ḥuzni ʼila Allahi wa ʼaɛlamu mina Allahi ma la taɛlamun.
12,87,Ya baniya aḏ/habu fataḥassasu min yusufa wa ʼaxihi wa la tayʼasu min rawḥi Allahi ʼinnahu la yayʼasu min rawḥi Allahi ʼilla al-qawmu al-kafirun.
12,88,Falamma daxalu ɛalayhi qalu ya ʼayyuha al-ɛazizu massana wa ʼahlana aḍ-ḍurru wa jiʼna bibiḍaɛatin muzjatin faʼawfi lana al-kayla wa taṣaddaq ɛalayna ʼinna Allaha yajzi al-mutaṣaddiqin.
12,89,Qala hal ɛalimtum ma faɛaltum biyusufa wa ʼaxihi ʼiḏ ʼantum jahilun.
12,90,Qalu ʼaʼinnaka laʼanta yusufu qala ʼana yusufu wa hḏa ʼaxi qad manna Allahu ɛalayna ʼinnahu man yattaqi wa yaṣbir faʼinna Allaha la yuḍiɛu ʼajra al-muḥsinin.
12,91,Qalu ta-Allahi laqad ʼaṯaraka Allahu ɛalayna wa ʼin kunna laxaṭiʼin.
12,92,Qala la taṯriba ɛalaykum al-yawma yaɣfiru Allahu lakum wa huwa ʼarḥamu ar-raḥimin.
12,93,Aḏ/habu biqamiṣi haḏa faʼalquhu ɛala wajhi ʼabi yaʼti baṣiran wa ʼtuni biʼahlikum ʼajmaɛin.
12,94,Wa lamma faṣalat al-ɛiru qala ʼabuhum ʼinni laʼajidu riḥa yusufa lawla ʼan tufannidun.
12,95,Qalu ta-Allahi ʼinnaka lafi ḍalalika al-qadim.
12,96,Falamma ʼan jaʼa al-baciru ʼalqahu ɛala wajhihi fartadda baṣiran qala ʼalam ʼaqul lakum ʼinni ʼaɛlamu mina Allahi ma la taɛlamun.
12,97,Qalu ya ʼabana astaɣfir lana ḏunubana ʼinna kunna xaṭiʼin.
12,98,Qala sawfa ʼastaɣfiru lakum rabbi ʼinnahu huwa al-ɣafuru ar-raḥim.
12,99,Falamma daxalu ɛala yusufa ʼawa ʼilayhi ʼabawayhi wa qala adxulu miṣra ʼin caʼa Allahu ʼaminin.
12,100,Wa rafaɛa ʼabawayhi ɛala al-ɛarci wa xarru lahu sujjadan wa qala ya ʼabati haḏa taʼwilu ruʼya y min qablu qad jaɛalaha rabbi ḥaqqan wa qad ʼaḥsana bi ʼiḏ ʼaxrajani mina as-sijni wa jaʼa bikum mina al-badwi min baɛdi ʼan nazaɣa ac-cayṭanu bayni wa bayna ʼixwati ʼinna rabbi laṭifun lima yacaʼu ʼinnahu huwa al-ɛalimu al-ḥakim.
12,101,Rabbi qad ʼataytani mina al-mulki wa ɛallamtani min taʼwili al-ʼaḥadiṯi faṭira as-samawati wa al-ʼarḍi ʼanta wa liyi fi ad-dunya wa al-ʼaxirati tawaffani musliman wa ʼalḥiqni biṣ-ṣaliḥin.
12,102,Ḏalika min ʼanbaʼi al-ɣaybi nuḥihi ʼilayka wa ma kunta ladayhim ʼiḏ ʼajmaɛu ʼamrahum wa hum yamkurun.
12,103,Wa ma ʼakṯaru an-nasi wa law ḥaraṣta bimuʼminin.
12,104,Wa ma tasʼaluhum ɛalayhi min ʼajrin ʼin huwa ʼilla ḏikrun lilɛalamin.
12,105,Wa kaʼayyin min ʼayatin fi as-samawati wa al-ʼarḍi yamurruna ɛalayha wa hum ɛanha muɛriḍun.
12,106,Wa ma yuʼminu ʼakṯaruhum Billahi ʼilla wa hum mucrikun.
12,107,ʼafaʼaminu ʼan taʼtiyahum ɣaciyatun min ɛaḏabi Allahi ʼaw taʼtiyahum as-saɛatu baɣtatan wa hum la yacɛurun.
12,108,Qul haḏihi sabili ʼadɛu ʼila Allahi ɛala baṣiratin ʼana wa man attabaɛani wa subḥana Allahi wa ma ʼana mina al-mucrikin.
12,109,Wa ma ʼarsalna min qablika ʼilla rijalan nuḥi ʼilayhim min ʼahli al-qura ʼafalam yasiru fi al-ʼarḍi fayanḏ̣uru kayfa kana ɛaqibatu al-laḏina min qablihim wa ladaru al-ʼaxirati xayrun lillaḏina attaqaw ʼafala taɛqilun.
12,110,Ḥatta ʼiḏa astayʼasa ar-rusulu wa ḏ̣annu ʼannahum qad kuḏibu jaʼahum naṣruna fanujjiya man nacaʼu wa la yuraddu baʼsuna ɛan al-qawmi al-mujrimin.
12,111,Laqad kana fi qaṣaṣihim ɛibratun liʼwli al-ʼalbabi ma kana ḥadiṯan yuftara wa lakin taṣdiqa al-laḏi bayna yadayhi wa tafṣila kulli cayʼin wa hudan wa raḥmatan liqawmin yuʼminun.
13,1,ʼalif-lam-mim-ra tilka ʼayatu al-kitabi wa al-laḏi ʼunzila ʼilayka min rabbika al-ḥaqqu wa lakinna ʼakṯara an-nasi la yuʼminun.
13,2,Allahu al-laḏi rafaɛa as-samawati biɣayri ɛamadin tarawnaha ṯumma astawa ɛala al-ɛarci wa saxxara ac-camsa wa al-qamara kullun yajri liʼjalin musamman yudabbiru al-ʼamra yufaṣṣilu al-ʼayati laɛallakum biliqaʼi rabbikum tuqinun.
13,3,Wa huwa al-laḏi madda al-ʼarḍa wa jaɛala fiha rawasiya wa ʼanharan wa min kulli aṯ-ṯamarati jaɛala fiha zawjayni aṯnayni yuɣci al-layla an-nahara ʼinna fi ḏalika lʼayatin liqawmin yatafakkarun.
13,4,Wa fi al-ʼarḍi qiṭaɛun mutajawiratun wa jannatun min ʼaɛnabin wa zarɛun wa naxilun ṣinwanun wa ɣayru ṣinwanin yusqa bimaʼin waḥidin wa nufaḍḍilu baɛḍaha ɛala baɛḍin fi al-ʼukuli ʼinna fi ḏalika lʼayatin liqawmin yaɛqilun.
13,5,Wa ʼin taɛjab faɛajabun qawluhum ʼaʼiḏa kunna turaban ʼaʼinna lafi xalqin jadidin ʼulaʼika al-laḏina kafaru birabbihim wa ʼulaʼika al-ʼaɣlalu fi ʼaɛnaqihim wa ʼulaʼika ʼaṣḥabu an-nari hum fiha xalidun.
13,6,Wa yastaɛjilunaka bis-sayyiʼati qabla al-ḥasanati wa qad xalat min qablihim al-maṯulatu wa ʼinna rabbaka laḏu maɣfiratin lilnnasi ɛala ḏ̣ulmihim wa ʼinna rabbaka lacadidu al-ɛiqab.
13,7,Wa yaqulu al-laḏina kafaru lawla ʼunzila ɛalayhi ʼayatun min rabbihi ʼinnama ʼanta munḏirun wa likulli qawmin hadin.
13,8,Allahu yaɛlamu ma taḥmilu kullu ʼunṯa wa ma taɣiḍu al-ʼarḥamu wa ma tazdadu wa kullu cayʼin ɛindahu bimiqdarin.
13,9,Ɛalimu al-ɣaybi wa ac-cahadati al-kabiru al-mutaɛal.
13,10,Sawaʼun minkum man ʼasarra al-qawla wa man jahara bihi wa man huwa mustaxfin bil-layli wa saribun bin-nahar.
13,11,Lahu muɛaqqibatun min bayni yadayhi wa min xalfihi yaḥfaḏ̣unahu min ʼamri Allahi ʼinna Allaha la yuɣayyiru ma biqawmin ḥatta yuɣayyiru ma biʼanfusihim wa ʼiḏa ʼarada Allahu biqawmin suʼan fala maradda lahu wa ma lahum min dunihi min wa a-.
13,12,Huwa al-laḏi yurikum al-barqa xawfan wa ṭamaɛan wa yunciʼu as-saḥaba aṯ-ṯiqal.
13,13,Wa yusabbiḥu ar-raɛdu biḥamdihi wa al-malaʼikatu min xifatihi wa yursilu aṣ-ṣawaɛiqa fayuṣibu biha man yacaʼu wa hum yujadiluna fi Allahi wa huwa cadidu al-miḥal.
13,14,Lahu daɛwatu al-ḥaqqi wa al-laḏina yadɛuna min dunihi la yastajibuna lahum bicayʼin ʼilla kabasiṭi kaffayhi ʼila al-maʼi liyabluɣa fahu wa ma huwa bibaliɣihi wa ma duɛaʼu al-kafirina ʼilla fi ḍalalin.
13,15,Wa Lillahi yasjudu man fi as-samawati wa al-ʼarḍi ṭawɛan wa karhan wa ḏ̣ilaluhum bil-ɣuduwi wa al-ʼaṣal.
13,16,Qul man rabbu as-samawati wa al-ʼarḍi qul Allahu qul ʼafattaxaḏtum min dunihi ʼawliyaʼa la yamlikuna liʼnfusihim nafɛan wa la ḍarran qul hal yastawi al-ʼaɛma wa al-baṣiru ʼam hal tastawi aḏ̣-ḏ̣ulumatu wa an-nur ʼam jaɛalu Lillahi curakaʼa xalaqu kaxalqihi fatacabaha al-xalqu ɛalayhim qul Allahu xaliqu kulli cayʼin wa huwa al-waḥidu al-qahhar.
13,17,ʼanzala mina as-samaʼi maʼan fasalat ʼawdiyatun biqadariha faḥtamala as-saylu zabadan rabian wa mimma yuqiduna ɛalayhi fi an-nari abtiɣaʼa ḥilyatin ʼaw mataɛin zabadun miṯluhu kaḏalika yaḍribu Allahu al-ḥaqqa wa al-baṭila faʼamma az-zabadu fayaḏ/habu jufaʼan wa ʼamma ma yanfaɛu an-nasa fayamkuṯu fi al-ʼarḍi kaḏalika yaḍribu Allahu al-ʼamṯal.
13,18,Lillaḏina astajabu lirabbihim al-ḥusna wa al-laḏina lam yastajibu lahu law ʼanna lahum ma fi al-ʼarḍi jamiɛan wa miṯlahu maɛahu laftadaw bihi ʼulaʼika lahum suʼ al-ḥisabi wa maʼwahum jahannamu wa biʼsa al-mihad.
13,19,ʼafaman yaɛlamu ʼannama ʼunzila ʼilayka min rabbika al-ḥaqqu kaman huwa ʼaɛma ʼinnama yataḏakkaru ʼulu al-ʼalbab.
13,20,Al-laḏina yufuna biɛahdi Allahi wa la yanquḍuna al-miṯaq.
13,21,Wa al-laḏina yaṣiluna ma ʼamara Allahu bihi ʼan yuṣala wa yaxcawna rabbahum wa yaxafuna suʼa al-ḥisab.
13,22,Wa al-laḏina ṣabaru abtiɣaʼa wajhi rabbihim wa ʼaqamu aṣ-ṣalata wa ʼanfaqu mimma razaqnahum sirran wa ɛalaniyatan wa yadraʼuna bil-ḥasanati as-sayyiʼata ʼulaʼika lahum ɛuqba ad-dar.
13,23,Jannatu ɛadnin yadxulunaha wa man ṣalaḥa min ʼabaʼihim wa ʼazwajihim wa ḏurriyatihim wa al-malaʼikatu yadxuluna ɛalayhim min kulli babin.
13,24,Salamun ɛalaykum bima ṣabartum faniɛma ɛuqba ad-dar.
13,25,Wa al-laḏina yanquḍuna ɛahda Allahi min baɛdi miṯaqihi wa yaqṭaɛuna ma ʼamara Allahu bihi ʼan yuṣala wa yufsiduna fi al-ʼarḍi ʼulaʼika lahumu al-laɛnatu wa lahum suʼ ad-dar.
13,26,Allahu yabsuṭu ar-rizqa liman yacaʼu wa yaqdiru wa fariḥu bil-ḥayati ad-dunya wa ma al-ḥayatu ad-dunya fi al-ʼaxirati ʼilla mataɛun.
13,27,Wa yaqulu al-laḏina kafaru lawla ʼunzila ɛalayhi ʼayatun min rabbihi qul ʼinna Allaha yuḍillu man yacaʼu wa yahdi ʼilayhi man ʼanab.
13,28,Al-laḏina ʼamanu wa taṭmaʼinnu qulubuhum biḏikri Allahi ʼala biḏikri Allahi taṭmaʼinnu al-qulub.
13,29,Al-laḏina ʼamanu wa ɛamilu aṣ-ṣaliḥati ṭuba lahum wa ḥusnu maʼabin.
13,30,Kaḏalika ʼarsalnaka fi ʼummatin qad xalat min qabliha ʼumamun litatluwa ɛalayhim al-laḏi ʼawḥayna ʼilayka wa hum yakfuruna bir-raḥmani qul huwa rabbi la ʼilaha ʼilla huwa ɛalayhi tawakkaltu wa ʼilayhi matab.
13,31,Wa law ʼanna qurʼanan suyyirat bihi al-jibalu ʼaw quṭṭiɛat bihi al-ʼarḍu ʼaw kullima bihi al-mawta bal Lillahi al-ʼamru jamiɛan ʼafalam yayʼas al-laḏina ʼamanu ʼan law yacaʼu Allahu lahada an-nasa jamiɛan wa la yazalu al-laḏina kafaru tuṣibuhum bima ṣanaɛu qariɛatun ʼaw taḥullu qariban min darihim ḥatta yaʼtiya waɛdu Allahi ʼinna Allaha la yuxlifu al-miɛad.
13,32,Wa laqad astuhziʼa birusulin min qablika faʼamlaytu lillaḏina kafaru ṯumma ʼaxaḏtuhum fakayfa kana ɛiqab.
13,33,ʼafaman huwa qaʼimun ɛala kulli nafsin bima kasabat wa jaɛalu Lillahi curakaʼa qul sammuhum ʼam tunabbiʼunahu bima la yaɛlamu fi al-ʼarḍi ʼam biḏ̣ahirin mina al-qawli bal zuyyina lillaḏina kafaru makruhum wa ṣuddu ɛan as-sabili wa man yuḍlil Allahu fama lahu min hadin.
13,34,Lahum ɛaḏabun fi al-ḥayati ad-dunya wa laɛaḏabu al-ʼaxirati ʼacaqqu wa ma lahum mina Allahi min waqin.
13,35,Maṯalu al-jannati allati wuɛida al-muttaquna tajri min taḥtiha al-ʼanharu ʼukuluha daʼimun wa ḏ̣illuha tilka ɛuqba al-laḏina attaqaw wa ɛuqba al-kafirina an-nar.
13,36,Wa al-laḏina ʼataynahum al-kitaba yafraḥuna bima ʼunzila ʼilayka wa mina al-ʼaḥzabi man yunkiru baɛḍahu qul ʼinnama ʼumirtu ʼan ʼaɛbuda Allaha wa la ʼucrika bihi ʼilayhi ʼadɛu wa ʼilayhi maʼab.
13,37,Wa kaḏalika ʼanzalnahu ḥukman ɛarabiyan wa laʼin attabaɛta ʼahwaʼahum baɛdama jaʼaka mina al-ɛilmi ma laka mina Allahi min wa liyin wa la waqin.
13,38,Wa laqad ʼarsalna rusulan min qablika wa jaɛalna lahum ʼazwajan wa ḏurriyatan wa ma kana lirasulin ʼan yaʼtiya biʼayatin ʼilla biʼiḏni Allahi likulli ʼajalin kitabun.
13,39,Yamḥu Allahu ma yacaʼu wa yuṯbitu wa ɛindahu ʼummu al-kitab.
13,40,Wa ʼin ma nuriyannaka baɛḍa al-laḏi naɛiduhum ʼaw natawaffayannaka faʼinnama ɛalayka al-balaɣu wa ɛalayna al-ḥisab.
13,41,ʼawalam yaraw ʼanna naʼti al-ʼarḍa nanquṣuha min ʼaṭrafiha wa Allahu yaḥkumu la muɛaqqiba liḥukmihi wa huwa sariɛu al-ḥisab.
13,42,Wa qad makara al-laḏina min qablihim falillahi al-makru jamiɛan yaɛlamu ma taksibu kullu nafsin wa sayaɛlamu al-kuffaru liman ɛuqba ad-dar.
13,43,Wa yaqulu al-laḏina kafaru lasta mursalan qul kafa Billahi cahidan bayni wa baynakum wa man ɛindahu ɛilmu al-kitab.
14,1,ʼalif-lam-ra kitabun ʼanzalnahu ʼilayka lituxrija an-nasa mina aḏ̣-ḏ̣ulumati ʼila an-nur biʼiḏni rabbihim ʼila ṣiraṭi al-ɛazizi al-ḥamid.
14,2,Allahi al-laḏi lahu ma fi as-samawati wa ma fi al-ʼarḍi wa waylun lilkafirina min ɛaḏabin cadidin.
14,3,Al-laḏina yastaḥibbuna al-ḥayata ad-dunya ɛala al-ʼaxirati wa yaṣudduna ɛan sabili Allahi wa yabɣunaha ɛiwajan ʼulaʼika fi ḍalalin baɛidin.
14,4,Wa ma ʼarsalna min rasulin ʼilla bilisani qawmihi liyubayyina lahum fayuḍillu Allahu man yacaʼu wa yahdi man yacaʼu wa huwa al-ɛazizu al-ḥakim.
14,5,Wa laqad ʼarsalna musa biʼayatina ʼan ʼaxrij qawmaka mina aḏ̣-ḏ̣ulumati ʼila an-nur wa ḏakkirhum biʼayyami Allahi ʼinna fi ḏalika lʼayatin likulli ṣabbarin cakurin.
14,6,Wa ʼiḏ qala musa liqawmihi aḏkuru niɛmata Allahi ɛalaykum ʼiḏ ʼanjakum min ʼali firɛawna yasumunakum suʼa al-ɛaḏabi wa yuḏabbiḥuna ʼabnaʼakum wa yastaḥyuna nisaʼakum wa fi ḏalikum balaʼun min rabbikum ɛaḏ̣imun.
14,7,Wa ʼiḏ taʼaḏḏana rabbukum laʼin cakartum laʼazidannakum wa laʼin kafartum ʼinna ɛaḏabi lacadidun.
14,8,Wa qala musa ʼin takfuru ʼantum wa man fi al-ʼarḍi jamiɛan faʼinna Allaha laɣaniyun ḥamidun.
14,9,ʼalam yaʼtikum nabaʼu al-laḏina min qablikum qawmi nuḥin wa ɛadin wa ṯamuda wa al-laḏina min baɛdihim la yaɛlamuhum ʼilla Allahu jaʼat/hum rusuluhum bil-bayyinati faraddu ʼaydiyahum fi ʼafwahihim wa qalu ʼinna kafarna bima ʼursiltum bihi wa ʼinna lafi cakkin mimma tadɛunana ʼilayhi muribin.
14,10,Qalat rusuluhum ʼafi Allahi cakkun faṭiri as-samawati wa al-ʼarḍi yadɛukum liyaɣfira lakum min ḏunubikum wa yuʼaxxirakum ʼila ʼajalin musamman qalu ʼin ʼantum ʼilla bacarun miṯluna turiduna ʼan taṣudduna ɛamma kana yaɛbudu ʼabaʼuuna faʼtuna bisulṭanin mubinin.
14,11,Qalat lahum rusuluhum ʼin naḥnu ʼilla bacarun miṯlukum wa lakinna Allaha yamunnu ɛala man yacaʼu min ɛibadihi wa ma kana lana ʼan naʼtiyakum bisulṭanin ʼilla biʼiḏni Allahi wa ɛala Allahi falyatawakkal al-muʼminun.
14,12,Wa ma lana ʼalla natawakkala ɛala Allahi wa qad hadana subulana wa lanaṣbiranna ɛala ma ʼaḏaytumuna wa ɛala Allahi falyatawakkal al-mutawakkilun.
14,13,Wa qala al-laḏina kafaru lirusulihim lanuxrijannakum min ʼarḍina ʼaw lataɛudunna fi millatina faʼawḥa ʼilayhim rabbuhum lanuhlikanna aḏ̣-ḏ̣alimin.
14,14,Wa lanuskinannakum al-ʼarḍa min baɛdihim ḏalika liman xafa maqami wa xafa waɛid.
14,15,Wa astaftaḥu wa xaba kullu jabbarin ɛanidin.
14,16,Min waraʼihi jahannamu wa yusqa min maʼin ṣadidin.
14,17,Yatajarraɛuhu wa la yakadu yusiɣuhu wa yaʼtihi al-mawtu min kulli makanin wa ma huwa bimayyitin wa min waraʼihi ɛaḏabun ɣaliḏ̣un.
14,18,Maṯalu al-laḏina kafaru birabbihim ʼaɛmaluhum karamadin actaddat bihi ar-riḥu fi yawmin ɛaṣifin la yaqdiruna mimma kasabu ɛala cayʼin ḏalika huwa aḍ-ḍalalu al-baɛid.
14,19,ʼalam tara ʼanna Allaha xalaqa as-samawati wa al-ʼarḍa bil-ḥaqqi ʼin yacaʼ yuḏ/hibkum wa yaʼti bixalqin jadidin.
14,20,Wa ma ḏalika ɛala Allahi biɛazizin.
14,21,Wa barazu Lillahi jamiɛan faqala aḍ-ḍuɛafaʼu lillaḏina astakbaru ʼinna kunna lakum tabaɛan fahal ʼantum muɣnuna ɛanna min ɛaḏabi Allahi min cayʼin qalu law hadana Allahu lahadaynakum sawaʼun ɛalayna ʼajaziɛna ʼam ṣabarna ma lana min maḥiṣin.
14,22,Wa qala ac-cayṭanu lamma quḍiya al-ʼamru ʼinna Allaha waɛadakum waɛda al-ḥaqqi wa waɛadtukum faʼaxlaftukum wa ma kana li ɛalaykum min sulṭanin ʼilla ʼan daɛawtukum fastajabtum li fala talumuni wa lumu ʼanfusakum ma ʼana bimuṣrixikum wa ma ʼantum bimuṣrixiya ʼinni kafartu bima ʼacraktumuni min qablu ʼinna aḏ̣-ḏ̣alimina lahum ɛaḏabun ʼalimun.
14,23,Wa ʼudxila al-laḏina ʼamanu wa ɛamilu aṣ-ṣaliḥati jannatin tajri min taḥtiha al-ʼanharu xalidina fiha biʼiḏni rabbihim taḥiyatuhum fiha salamun.
14,24,ʼalam tara kayfa ḍaraba Allahu maṯalan kalimatan ṭayyibatan kacajaratin ṭayyibatin ʼaṣluha ṯabitun wa farɛuha fi as-samaʼ.
14,25,Tuʼti ʼukulaha kulla ḥinin biʼiḏni rabbiha wa yaḍribu Allahu al-ʼamṯala lilnnasi laɛallahum yataḏakkarun.
14,26,Wa maṯalu kalimatin xabiṯatin kacajaratin xabiṯatin ajtuṯṯat min fawqi al-ʼarḍi ma laha min qararin.
14,27,Yuṯabbitu Allahu al-laḏina ʼamanu bil-qawli aṯ-ṯabiti fi al-ḥayati ad-dunya wa fi al-ʼaxirati wa yuḍillu Allahu aḏ̣-ḏ̣alimina wa yafɛalu Allahu ma yacaʼ.
14,28,ʼalam tara ʼila al-laḏina baddalu niɛmata Allahi kufran wa ʼaḥallu qawmahum dara al-bawar.
14,29,Jahannama yaṣlawnaha wa biʼsa al-qarar.
14,30,Wa jaɛalu Lillahi ʼandadan liyuḍillu ɛan sabilihi qul tamattaɛu faʼinna maṣirakum ʼila an-nar.
14,31,Qul liɛibadi al-laḏina ʼamanu yuqimu aṣ-ṣalata wa yunfiqu mimma razaqnahum sirran wa ɛalaniyatan min qabli ʼan yaʼtiya yawmun la bayɛun fihi wa la xilalun.
14,32,Allahu al-laḏi xalaqa as-samawati wa al-ʼarḍa wa ʼanzala mina as-samaʼi maʼan faʼaxraja bihi mina aṯ-ṯamarati rizqan lakum wa saxxara lakum al-fulka litajriya fi al-baḥri biʼamrihi wa saxxara lakum al-ʼanhar.
14,33,Wa saxxara lakum ac-camsa wa al-qamara daʼibayni wa saxxara lakum al-layla wa an-nahar.
14,34,Wa ʼatakum min kulli ma saʼaltumuhu wa ʼin taɛuddu niɛmata Allahi la tuḥṣuha ʼinna al-ʼinsana laḏ̣alumun kaffarun.
14,35,Wa ʼiḏ qala ʼibrahimu rabbi ajɛal haḏa al-balada ʼaminan wa ajnubni wa baniya ʼan naɛbuda al-ʼaṣnam.
14,36,Rabbi ʼinnahunna ʼaḍlalna kaṯiran mina an-nasi faman tabiɛani faʼinnahu minni wa man ɛaṣani faʼinnaka ɣafurun raḥimun.
14,37,Rabbana ʼinni ʼaskantu min ḏurriyati biwadin ɣayri ḏi zarɛin ɛinda baytika al-muḥarrami rabbana liyuqimu aṣ-ṣalata fajɛal ʼafʼidatan mina an-nasi tahwi ʼilayhim wa arzuqhum mina aṯ-ṯamarati laɛallahum yackurun.
14,38,Rabbana ʼinnaka taɛlamu ma nuxfi wa ma nuɛlinu wa ma yaxfa ɛala Allahi min cayʼin fi al-ʼarḍi wa la fi as-samaʼ.
14,39,Al-ḥamdu Lillahi al-laḏi wahaba li ɛala al-kibari ʼismaɛila wa ʼisḥaqa ʼinna rabbi lasamiɛu ad-duɛaʼ.
14,40,Rabbi ajɛalni muqima aṣ-ṣalati wa min ḏurriyati rabbana wa taqabbal duɛaʼ.
14,41,Rabbana aɣfir li wa liwalidayya wa lilmuʼminina yawma yaqumu al-ḥisab.
14,42,Wa la taḥsabanna Allaha ɣafilan ɛamma yaɛmalu aḏ̣-ḏ̣alimuna ʼinnama yuʼaxxiruhum liyawmin tacxaṣu fihi al-ʼabṣar.
14,43,Muhṭiɛina muqniɛi ruʼsihim la yartaddu ʼilayhim ṭarfuhum wa ʼafʼidatuhum hawaʼun.
14,44,Wa ʼanḏir an-nasa yawma yaʼtihim al-ɛaḏabu fayaqulu al-laḏina ḏ̣alamu rabbana ʼaxxirna ʼila ʼajalin qaribin nujib daɛwataka wa nattabiɛ ar-rusula ʼawalam takunu ʼaqsamtum min qablu ma lakum min zawalin.
14,45,Wa sakantum fi masakini al-laḏina ḏ̣alamu ʼanfusahum wa tabayyana lakum kayfa faɛalna bihim wa ḍarabna lakum al-ʼamṯal.
14,46,Wa qad makaru makrahum wa ɛinda Allahi makruhum wa ʼin kana makruhum litazula minhu al-jibal.
14,47,Fala taḥsabanna Allaha muxlifa waɛdihi rusulahu ʼinna Allaha ɛazizun ḏu antiqamin.
14,48,Yawma tubaddalu al-ʼarḍu ɣayra al-ʼarḍi wa as-samawatu wa barazu Lillahi al-waḥidi al-qahhar.
14,49,Wa tara al-mujrimina yawmaʼiḏin muqarranina fi al-ʼaṣfad.
14,50,Sarabiluhum min qaṭiranin wa taɣca wujuhahum an-nar.
14,51,Liyajziya Allahu kulla nafsin ma kasabat ʼinna Allaha sariɛu al-ḥisab.
14,52,Haḏa balaɣun lilnnasi wa liyunḏaru bihi wa liyaɛlamu ʼannama huwa ʼilahun waḥidun wa liyaḏḏakkara ʼulu al-ʼalbab.
15,1,ʼalif-lam-ra tilka ʼayatu al-kitabi wa qurʼanin mubinin.
15,2,Rubama yawaddu al-laḏina kafaru law kanu muslimin.
15,3,Ḏarhum yaʼkulu wa yatamattaɛu wa yulhihim al-ʼamalu fasawfa yaɛlamun.
15,4,Wa ma ʼahlakna min qaryatin ʼilla wa laha kitabun maɛlumun.
15,5,Ma tasbiqu min ʼummatin ʼajalaha wa ma yastaʼxirun.
15,6,Wa qalu ya ʼayyuha al-laḏi nuzzila ɛalayhi aḏ-ḏikru ʼinnaka lamajnunun.
15,7,Law ma taʼtina bil-malaʼikati ʼin kunta mina aṣ-ṣadiqin.
15,8,Ma nunazzilu al-malaʼikata ʼilla bil-ḥaqqi wa ma kanu ʼiḏan munḏ̣arin.
15,9,ʼinna naḥnu nazzalna aḏ-ḏikra wa ʼinna lahu laḥafiḏ̣un.
15,10,Wa laqad ʼarsalna min qablika fi ciyaɛi al-ʼawwalin.
15,11,Wa ma yaʼtihim min rasulin ʼilla kanu bihi yastahziʼun.
15,12,Kaḏalika naslukuhu fi qulubi al-mujrimin.
15,13,La yuʼminuna bihi wa qad xalat sunnatu al-ʼawwalin.
15,14,Wa law fataḥna ɛalayhim baban mina as-samaʼi faḏ̣allu fihi yaɛrujun.
15,15,Laqalu ʼinnama sukkirat ʼabṣaruna bal naḥnu qawmun masḥurun.
15,16,Wa laqad jaɛalna fi as-samaʼi burujan wa zayyannaha lilnnaḏ̣irin.
15,17,Wa ḥafiḏ̣naha min kulli cayṭanin rajimin.
15,18,ʼilla man astaraqa as-samɛa faʼatbaɛahu cihabun mubinun.
15,19,Wa al-ʼarḍa madadnaha wa ʼalqayna fiha rawasiya wa ʼanbatna fiha min kulli cayʼin mawzunin.
15,20,Wa jaɛalna lakum fiha maɛayica wa man lastum lahu biraziqin.
15,21,Wa ʼin min cayʼin ʼilla ɛindana xazaʼinuhu wa ma nunazziluhu ʼilla biqadarin maɛlumin.
15,22,Wa ʼarsalna ar-riyaḥa lawaqiḥa faʼanzalna mina as-samaʼi maʼan faʼasqaynakumuhu wa ma ʼantum lahu bixazinin.
15,23,Wa ʼinna lanaḥnu nuḥyi wa numitu wa naḥnu al-wariṯun.
15,24,Wa laqad ɛalimna al-mustaqdimina minkum wa laqad ɛalimna al-mustaʼxirin.
15,25,Wa ʼinna rabbaka huwa yaḥcuruhum ʼinnahu ḥakimun ɛalimun.
15,26,Wa laqad xalaqna al-ʼinsana min ṣalṣalin min ḥamaʼiin masnunin.
15,27,Wa al-janna xalaqnahu min qablu min nari as-samum.
15,28,Wa ʼiḏ qala rabbuka lilmalaʼikati ʼinni xaliqun bacaran min ṣalṣalin min ḥamaʼiin masnunin.
15,29,Faʼiḏa sawwaytuhu wa nafaxtu fihi min ruḥi faqaɛu lahu sajidin.
15,30,Fasajada al-malaʼikatu kulluhum ʼajmaɛun.
15,31,ʼilla ʼiblisa ʼaba ʼan yakuna maɛa as-sajidin.
15,32,Qala ya ʼiblisu ma laka ʼalla takuna maɛa as-sajidin.
15,33,Qala lam ʼakun liʼsjuda libacarin xalaqtahu min ṣalṣalin min ḥamaʼiin masnunin.
15,34,Qala faxruj minha faʼinnaka rajimun.
15,35,Wa ʼinna ɛalayka al-laɛnata ʼila yawmi ad-din.
15,36,Qala rabbi faʼanḏ̣irni ʼila yawmi yubɛaṯun.
15,37,Qala faʼinnaka mina al-munḏ̣arin.
15,38,ʼila yawmi al-waqti al-maɛlum.
15,39,Qala rabbi bima ʼaɣwaytani laʼuzayyinanna lahum fi al-ʼarḍi wa laʼuɣwiyannahum ʼajmaɛin.
15,40,ʼilla ɛibadaka minhumu al-muxlaṣin.
15,41,Qala haḏa ṣiraṭun ɛalayya mustaqimun.
15,42,ʼinna ɛibadi laysa laka ɛalayhim sulṭanun ʼilla mani attabaɛaka mina al-ɣawin.
15,43,Wa ʼinna jahannama lamawɛiduhum ʼajmaɛin.
15,44,Laha sabɛatu ʼabwabin likulli babin minhum juzʼun maqsumun.
15,45,ʼinna al-muttaqina fi jannatin wa ɛuyunin.
15,46,Adxuluha bisalamin ʼaminin.
15,47,Wa nazaɛna ma fi ṣudurihim min ɣillin ʼixwanan ɛala sururin mutaqabilin.
15,48,La yamassuhum fiha naṣabun wa ma hum minha bimuxrajin.
15,49,Nabbiʼ ɛibadi ʼanni ʼana al-ɣafuru ar-raḥim.
15,50,Wa ʼanna ɛaḏabi huwa al-ɛaḏabu al-ʼalim.
15,51,Wa nabbiʼhum ɛan ḍayfi ʼibrahim.
15,52,ʼiḏ daxalu ɛalayhi faqalu salaman qala ʼinna minkum wajilun.
15,53,Qalu la tawjal ʼinna nubacciruka biɣulamin ɛalimin.
15,54,Qala ʼabaccartumuni ɛala ʼan massani al-kibaru fabima tubaccirun.
15,55,Qalu baccarnaka bil-ḥaqqi fala takun mina al-qaniṭin.
15,56,Qala wa man yaqnaṭu min raḥmati rabbihi ʼilla aḍ-ḍallun.
15,57,Qala fama xaṭbukum ʼayyuha al-mursalun.
15,58,Qalu ʼinna ʼursilna ʼila qawmin mujrimin.
15,59,ʼilla ʼala luṭin ʼinna lamunajjuhum ʼajmaɛin.
15,60,ʼilla amraʼatahu qaddarna ʼinnaha lamina al-ɣabirin.
15,61,Falamma jaʼa ʼala luṭin al-mursalun.
15,62,Qala ʼinnakum qawmun munkarun.
15,63,Qalu bal jiʼnaka bima kanu fihi yamtarun.
15,64,Wa ʼataynaka bil-ḥaqqi wa ʼinna laṣadiqun.
15,65,Faʼasri biʼahlika biqiṭɛin mina al-layli wa attabiɛ ʼadbarahum wa la yaltafit minkum ʼaḥadun wa amḍu ḥayṯu tuʼmarun.
15,66,Wa qaḍayna ʼilayhi ḏalika al-ʼamra ʼanna dabira haʼuulaʼ maqṭuɛun muṣbiḥin.
15,67,Wa jaʼa ʼahlu al-madinati yastabcirun.
15,68,Qala ʼinna haʼuulaʼ ḍayfi fala tafḍaḥun.
15,69,Wa attaqu Allaha wa la tuxzun.
15,70,Qalu ʼawalam nanhaka ɛani al-ɛalamin.
15,71,Qala haʼuulaʼ banati ʼin kuntum faɛilin.
15,72,Laɛamruka ʼinnahum lafi sakratihim yaɛmahun.
15,73,Faʼaxaḏat/humu aṣ-ṣayḥatu mucriqin.
15,74,Fajaɛalna ɛaliyaha safilaha wa ʼamṭarna ɛalayhim ḥijaratan min sijjilin.
15,75,ʼinna fi ḏalika lʼayatin lilmutawassimin.
15,76,Wa ʼinnaha labisabilin muqimin.
15,77,ʼinna fi ḏalika laʼayatan lilmuʼminin.
15,78,Wa ʼin kana ʼaṣḥabu al-ʼaykati laḏ̣alimin.
15,79,Fantaqamna minhum wa ʼinnahuma labiʼimamin mubinin.
15,80,Wa laqad kaḏḏaba ʼaṣḥabu al-ḥijri al-mursalin.
15,81,Wa ʼatakum min kulli ma saʼaltumuhu wa ʼin taɛuddu niɛmata Allahi la tuḥṣuha ʼinna al-ʼinsana laḏ̣alumun kaffarun.
15,82,Wa kanu yanḥituna mina al-jibali buyutan ʼaminin.
15,83,Faʼaxaḏat/humu aṣ-ṣayḥatu muṣbiḥin.
15,84,Fama ʼaɣna ɛanhum ma kanu yaksibun.
15,85,Wa ma xalaqna as-samawati wa al-ʼarḍa wa ma baynahuma ʼilla bil-ḥaqqi wa ʼinna as-saɛata laʼatiyatun faṣfaḥ aṣ-ṣafḥa al-jamil.
15,86,ʼinna rabbaka huwa al-xallaqu al-ɛalim.
15,87,Wa laqad ʼataynaka sabɛan mina al-maṯani wa al-qurʼana al-ɛaḏ̣im.
15,88,La tamuddanna ɛaynayka ʼila ma mattaɛna bihi ʼazwajan minhum wa la taḥzan ɛalayhim wa axfiḍ janaḥaka lilmuʼminin.
15,89,Wa qul ʼinni ʼana an-naḏiru al-mubin.
15,90,Kama ʼanzalna ɛala al-muqtasimin.
15,91,Al-laḏina jaɛalu al-qurʼana ɛiḍin.
15,92,Fawarabbika lanasʼalannahum ʼajmaɛin.
15,93,Ɛamma kanu yaɛmalun.
15,94,Faṣdaɛ bima tuʼmaru wa ʼaɛriḍ ɛani al-mucrikin.
15,95,ʼinna kafaynaka al-mustahziʼin.
15,96,Al-laḏina yajɛaluna maɛa Allahi ʼilahan ʼaxara fasawfa yaɛlamun.
15,97,Wa laqad naɛlamu ʼannaka yaḍiqu ṣadruka bima yaqulun.
15,98,Fasabbiḥ biḥamdi rabbika wa kun mina as-sajidin.
15,99,Wa aɛbud rabbaka ḥatta yaʼtiyaka al-yaqin.
16,1,ʼata ʼamru Allahi fala tastaɛjiluhu subḥanahu wa taɛala ɛamma yucrikun.
16,2,Yunazzilu al-malaʼikata bir-ruḥi min ʼamrihi ɛala man yacaʼu min ɛibadihi ʼan ʼanḏiru ʼannahu la ʼilaha ʼilla ʼana fa attaqun.
16,3,Xalaqa as-samawati wa al-ʼarḍa bil-ḥaqqi taɛala ɛamma yucrikun.
16,4,Xalaqa al-ʼinsana min nuṭfatin faʼiḏa huwa xaṣimun mubinun.
16,5,Wa al-ʼanɛam xalaqaha lakum fiha difʼun wa manafiɛu wa minha taʼkulun.
16,6,Wa lakum fiha jamalun ḥina turiḥuna wa ḥina tasraḥun.
16,7,Wa taḥmilu ʼaṯqalakum ʼila baladin lam takunu baliɣihi ʼilla biciqqi al-ʼanfusi ʼinna rabbakum laraʼufun raḥimun.
16,8,Wa al-xayla wa al-biɣala wa al-ḥamira litarkabuha wa zinatan wa yaxluqu ma la taɛlamun.
16,9,Wa ɛala Allahi qaṣdu as-sabili wa minha jaʼirun wa law caʼa lahadakum ʼajmaɛin.
16,10,Huwa al-laḏi ʼanzala mina as-samaʼi maʼan lakum minhu carabun wa minhu cajarun fihi tusimun.
16,11,Yunbitu lakum bihi az-zarɛa wa az-zaytuna wa an-naxila wa al-ʼaɛnaba wa min kulli aṯ-ṯamarati ʼinna fi ḏalika laʼayatan liqawmin yatafakkarun.
16,12,Wa saxxara lakum al-layla wa an-nahara wa ac-camsa wa al-qamara wa an-nujumu musaxxaratun biʼamrihi ʼinna fi ḏalika lʼayatin liqawmin yaɛqilun.
16,13,Wa ma ḏaraʼa lakum fi al-ʼarḍi muxtalifan ʼalwanuhu ʼinna fi ḏalika laʼayatan liqawmin yaḏḏakkarun.
16,14,Wa huwa al-laḏi saxxara al-baḥra litaʼkulu minhu laḥman ṭariyan wa tastaxriju minhu ḥilyatan talbasunaha wa tara al-fulka mawaxira fihi wa litabtaɣu min faḍlihi wa laɛallakum tackurun.
16,15,Wa ʼalqa fi al-ʼarḍi rawasiya ʼan tamida bikum wa ʼanharan wa subulan llaɛallakum tahtadun.
16,16,Wa ɛalamatin wa bin-najmi hum yahtadun.
16,17,ʼafaman yaxluqu kaman la yaxluqu ʼafala taḏakkarun.
16,18,Wa ʼin taɛuddu niɛmata Allahi la tuḥṣuha ʼinna Allaha laɣafurun raḥimun.
16,19,Wa Allahu yaɛlamu ma tusirruna wa ma tuɛlinun.
16,20,Wa al-laḏina yadɛuna min duni Allahi la yaxluquna cayʼan wa hum yuxlaqun.
16,21,ʼamwatun ɣayru ʼaḥyaʼin wa ma yacɛuruna ʼayyana yubɛaṯun.
16,22,ʼilahukum ʼilahun waḥidun fa-al-laḏina la yuʼminuna bil-ʼaxirati qulubuhum munkiratun wa hum mustakbirun.
16,23,La jarama ʼanna Allaha yaɛlamu ma yusirruna wa ma yuɛlinuna ʼinnahu la yuḥibbu al-mustakbirin.
16,24,Wa ʼiḏa qila lahum maḏa ʼanzala rabbukum qalu ʼasaṭiru al-ʼawwalin.
16,25,Liyaḥmilu ʼawzarahum kamilatan yawma al-qiyamati wa min ʼawzari al-laḏina yuḍillunahum biɣayri ɛilmin ʼala saʼa ma yazirun.
16,26,Qad makara al-laḏina min qablihim faʼata Allahu bunyanahum mina al-qawaɛidi faxarra ɛalayhimu as-saqfu min fawqihim wa ʼatahumu al-ɛaḏabu min ḥayṯu la yacɛurun.
16,27,Ṯumma yawma al-qiyamati yuxzihim wa yaqulu ʼayna curakaʼiya al-laḏina kuntum tucaqquna fihim qala al-laḏina ʼutu al-ɛilma ʼinna al-xizya al-yawma wa as-suʼa ɛala al-kafirin.
16,28,Al-laḏina tatawaffahumu al-malaʼikatu ḏ̣alimi ʼanfusihim faʼalqaw as-salama ma kunna naɛmalu min suʼin bala ʼinna Allaha ɛalimun bima kuntum taɛmalun.
16,29,Fadxulu ʼabwaba jahannama xalidina fiha falabiʼsa maṯwa al-mutakabbirin.
16,30,Wa qila lillaḏina attaqaw maḏa ʼanzala rabbukum qalu xayran lillaḏina ʼaḥsanu fi haḏihi ad-dunya ḥasanatun wa ladaru al-ʼaxirati xayrun wa laniɛma daru al-muttaqin.
16,31,Jannatu ɛadnin yadxulunaha tajri min taḥtiha al-ʼanharu lahum fiha ma yacaʼuna kaḏalika yajzi Allahu al-muttaqin.
16,32,Al-laḏina tatawaffahumu al-malaʼikatu ṭayyibina yaquluna salamun ɛalaykum adxulu al-jannata bima kuntum taɛmalun.
16,33,Hal yanḏ̣uruna ʼilla ʼan taʼtiyahumu al-malaʼikatu ʼaw yaʼtiya ʼamru rabbika kaḏalika faɛala al-laḏina min qablihim wa ma ḏ̣alamahumu Allahu wa lakin kanu ʼanfusahum yaḏ̣limun.
16,34,Faʼaṣabahum sayyiʼatu ma ɛamilu wa ḥaqa bihim ma kanu bihi yastahziʼun.
16,35,Wa qala al-laḏina ʼacraku law caʼa Allahu ma ɛabadna min dunihi min cayʼin naḥnu wa la ʼabaʼuuna wa la ḥarramna min dunihi min cayʼin kaḏalika faɛala al-laḏina min qablihim fahal ɛala ar-rusuli ʼilla al-balaɣu al-mubin.
16,36,Wa laqad baɛaṯna fi kulli ʼummatin rasulan ʼan auɛbudu Allaha wa ajtanibu aṭ-ṭaɣuta faminhum man hada Allahu wa minhum man ḥaqqat ɛalayhi aḍ-ḍalalatu fasiru fi al-ʼarḍi fanḏ̣uru kayfa kana ɛaqibatu al-mukaḏḏibin.
16,37,ʼin taḥriṣ ɛala hudahum faʼinna Allaha la yahdi man yuḍillu wa ma lahum min naṣirin.
16,38,Wa ʼaqsamu Billahi jahda ʼaymanihim la yabɛaṯu Allahu man yamutu bala waɛdan ɛalayhi ḥaqqan wa lakinna ʼakṯara an-nasi la yaɛlamun.
16,39,Liyubayyina lahum al-laḏi yaxtalifuna fihi wa liyaɛlama al-laḏina kafaru ʼannahum kanu kaḏibin.
16,40,ʼinnama qawluna licayʼin ʼiḏa ʼaradnahu ʼan naqula lahu kun fayakun.
16,41,Wa al-laḏina hajaru fi Allahi min baɛdi ma ḏ̣ulimu lanubawwiʼannahum fi ad-dunya ḥasanatan wa laʼajru al-ʼaxirati ʼakbaru law kanu yaɛlamun.
16,42,Al-laḏina ṣabaru wa ɛala rabbihim yatawakkalun.
16,43,Wa ma ʼarsalna min qablika ʼilla rijalan nuḥi ʼilayhim fasʼalu ʼahla aḏ-ḏikri ʼin kuntum la taɛlamun.
16,44,Bil-bayyinati wa az-zuburi wa ʼanzalna ʼilayka aḏ-ḏikra litubayyina lilnnasi ma nuzzila ʼilayhim wa laɛallahum yatafakkarun.
16,45,ʼafaʼamina al-laḏina makaru as-sayyiʼati ʼan yaxsifa Allahu bihimu al-ʼarḍa ʼaw yaʼtiyahumu al-ɛaḏabu min ḥayṯu la yacɛurun.
16,46,ʼaw yaʼxuḏahum fi taqallubihim fama hum bimuɛjizin.
16,47,ʼaw yaʼxuḏahum ɛala taxawwufin faʼinna rabbakum laraʼufun raḥimun.
16,48,ʼawalam yaraw ʼila ma xalaqa Allahu min cayʼin yatafayyaʼu ḏ̣ilaluhu ɛani al-yamini wa ac-camaʼili sujjadan Lillahi wa hum daxirun.
16,49,Wa Lillahi yasjudu ma fi as-samawati wa ma fi al-ʼarḍi min dabbatin wa al-malaʼikatu wa hum la yastakbirun.
16,50,Yaxafuna rabbahum min fawqihim wa yafɛaluna ma yuʼmarun.
16,51,Wa qala Allahu la tattaxiḏu ʼilahayni aṯnayni ʼinnama huwa ʼilahun waḥidun faʼiyaya farhabun.
16,52,Wa lahu ma fi as-samawati wa al-ʼarḍi wa lahu ad-dinu wa aṣiban ʼafaɣayra Allahi tattaqun.
16,53,Wa ma bikum min niɛmatin famina Allahi ṯumma ʼiḏa massakumu aḍ-ḍurru faʼilayhi tajʼarun.
16,54,Ṯumma ʼiḏa kacafa aḍ-ḍurra ɛankum ʼiḏa fariqun minkum birabbihim yucrikun.
16,55,Liyakfuru bima ʼataynahum fatamattaɛu fasawfa taɛlamun.
16,56,Wa yajɛaluna lima la yaɛlamuna naṣiban mimma razaqnahum ta-Allahi latusʼalunna ɛamma kuntum taftarun.
16,57,Wa yajɛaluna Lillahi al-banati subḥanahu wa lahum ma yactahun.
16,58,Wa ʼiḏa buccira ʼaḥaduhum bil-ʼunṯa ḏ̣alla wajhuhu muswaddan wa huwa kaḏ̣imun.
16,59,Yatawara mina al-qawmi min suʼi ma buccira bihi ʼayumsikuhu ɛala hunin ʼam yadussuhu fi at-turabi ʼala saʼa ma yaḥkumun.
16,60,Lillaḏina la yuʼminuna bil-ʼaxirati maṯalu as-sawʼi wa Lillahi al-maṯalu al-ʼaɛla wa huwa al-ɛazizu al-ḥakim.
16,61,Wa law yuʼaxiḏu Allahu an-nasa biḏ̣ulmihim ma taraka ɛalayha min dabbatin wa lakin yuʼaxxiruhum ʼila ʼajalin musamman faʼiḏa jaʼa ʼajaluhum la yastaʼxiruna saɛatan wa la yastaqdimun.
16,62,Wa yajɛaluna Lillahi ma yakrahuna wa taṣifu ʼalsinatuhumu al-kaḏiba ʼanna lahum al-ḥusna la jarama ʼanna lahum an-nara wa ʼannahum mufraṭun.
16,63,Ta-Allahi laqad ʼarsalna ʼila ʼumamin min qablika fazayyana lahumu ac-cayṭanu ʼaɛmalahum fahuwa waliyuhumu al-yawma wa lahum ɛaḏabun ʼalimun.
16,64,Wa ma ʼanzalna ɛalayka al-kitaba ʼilla litubayyina lahumu al-laḏi axtalafu fihi wa hudan wa raḥmatan liqawmin yuʼminun.
16,65,Wa Allahu ʼanzala mina as-samaʼi maʼan faʼaḥya bihi al-ʼarḍa baɛda mawtiha ʼinna fi ḏalika laʼayatan liqawmin yasmaɛun.
16,66,Wa ʼinna lakum fi al-ʼanɛam laɛibratan nusqikum mimma fi buṭunihi min bayni farṯin wa damin labanan xaliṣan saʼiɣan lilccaribin.
16,67,Wa min ṯamarati an-naxili wa al-ʼaɛnabi tattaxiḏuna minhu sakaran wa rizqan ḥasanan ʼinna fi ḏalika laʼayatan liqawmin yaɛqilun.
16,68,Wa ʼawḥa rabbuka ʼila an-naḥli ʼani attaxiḏi mina al-jibali buyutan wa mina ac-cajari wa mimma yaɛricun.
16,69,Ṯumma kuli min kulli aṯ-ṯamarati fasluki subula rabbiki ḏululan yaxruju min buṭuniha carabun muxtalifun ʼalwanuhu fihi cifaʼun lilnnasi ʼinna fi ḏalika laʼayatan liqawmin yatafakkarun.
16,70,Wa Allahu xalaqakum ṯumma yatawaffakum wa minkum man yuraddu ʼila ʼarḏali al-ɛumuri likay la yaɛlama baɛda ɛilmin cayʼan ʼinna Allaha ɛalimun qadirun.
16,71,Wa Allahu faḍḍala baɛḍakum ɛala baɛḍin fi ar-rizqi fama al-laḏina fuḍḍilu biraddi rizqihim ɛala ma malakat ʼaymanuhum fahum fihi sawaʼun ʼafabiniɛmati Allahi yajḥadun.
16,72,Wa Allahu jaɛala lakum min ʼanfusikum ʼazwajan wa jaɛala lakum min ʼazwajikum banina wa ḥafadatan wa razaqakum mina aṭ-ṭayyibati ʼafabialbaṭili yuʼminuna wa biniɛmati Allahi hum yakfurun.
16,73,Wa yaɛbuduna min duni Allahi ma la yamliku lahum rizqan mina as-samawati wa al-ʼarḍi cayʼan wa la yastaṭiɛun.
16,74,Fala taḍribu Lillahi al-ʼamṯala ʼinna Allaha yaɛlamu wa ʼantum la taɛlamun.
16,75,Ḍaraba Allahu maṯalan ɛabdan mamlukan la yaqdiru ɛala cayʼin wa man razaqnahu minna rizqan ḥasanan fahuwa yunfiqu minhu sirran wa jahran hal yastawuna al-ḥamdu Lillahi bal ʼakṯaruhum la yaɛlamun.
16,76,Wa ḍaraba Allahu maṯalan rajulayni ʼaḥaduhuma ʼabkamu la yaqdiru ɛala cayʼin wa huwa kallun ɛala mawlahu ʼaynama yuwajjhihhu la yaʼti bixayrin hal yastawi huwa wa man yaʼmuru bil-ɛadli wa huwa ɛala ṣiraṭin mustaqimin.
16,77,Wa Lillahi ɣaybu as-samawati wa al-ʼarḍi wa ma ʼamru as-saɛati ʼilla kalamḥi al-baṣari ʼaw huwa ʼaqrabu ʼinna Allaha ɛala kulli cayʼin qadirun.
16,78,Wa Allahu ʼaxrajakum min buṭuni ʼummahatikum la taɛlamuna cayʼan wa jaɛala lakumu as-samɛa wa al-ʼabṣara wa al-ʼafʼidata laɛallakum tackurun.
16,79,ʼalam yaraw ʼila aṭ-ṭayri musaxxaratin fi jawwi as-samaʼi ma yumsikuhunna ʼilla Allahu ʼinna fi ḏalika lʼayatin liqawmin yuʼminun.
16,80,Wa Allahu jaɛala lakum min buyutikum sakanan wa jaɛala lakum min juludi al-ʼanɛam buyutan tastaxiffunaha yawma ḏ̣aɛnikum wa yawma ʼiqamatikum wa min ʼaṣwafiha wa ʼawbariha wa ʼacɛariha ʼaṯaṯan wa mataɛan ʼila ḥinin.
16,81,Wa Allahu jaɛala lakum mimma xalaqa ḏ̣ilalan wa jaɛala lakum mina al-jibali ʼaknanan wa jaɛala lakum sarabila taqikumu al-ḥarra wa sarabila taqikum baʼsakum kaḏalika yutimmu niɛmatahu ɛalaykum laɛallakum tuslimun.
16,82,Faʼin tawallaw faʼinnama ɛalayka al-balaɣu al-mubin.
16,83,Yaɛrifuna niɛmata Allahi ṯumma yunkirunaha wa ʼakṯaruhumu al-kafirun.
16,84,Wa yawma nabɛaṯu min kulli ʼummatin cahidan ṯumma la yuʼḏanu lillaḏina kafaru wa la hum yustaɛtabun.
16,85,Wa ʼiḏa raʼa al-laḏina ḏ̣alamu al-ɛaḏaba fala yuxaffafu ɛanhum wa la hum yunḏ̣arun.
16,86,Wa ʼiḏa raʼa al-laḏina ʼacraku curakaʼahum qalu rabbana haʼuulaʼ curakaʼuuna al-laḏina kunna nadɛu min dunika faʼalqaw ʼilayhimu al-qawla ʼinnakum lakaḏibun.
16,87,Wa ʼalqaw ʼila Allahi yawmaʼiḏin as-salama wa ḍalla ɛanhum ma kanu yaftarun.
16,88,Al-laḏina kafaru wa ṣaddu ɛan sabili Allahi zidnahum ɛaḏaban fawqa al-ɛaḏabi bima kanu yufsidun.
16,89,Wa yawma nabɛaṯu fi kulli ʼummatin cahidan ɛalayhim min ʼanfusihim wa jiʼna bika cahidan ɛala haʼuulaʼ wa nazzalna ɛalayka al-kitaba tibyanan likulli cayʼin wa hudan wa raḥmatan wa bucra lilmuslimin.
16,90,ʼinna Allaha yaʼmuru bil-ɛadli wa al-ʼiḥsani wa ʼitaʼi ḏi al-qurba wa yanha ɛani al-faḥcaʼi wa al-munkari wa al-baɣyi yaɛiḏ̣ukum laɛallakum taḏakkarun.
16,91,Wa ʼawfu biɛahdi Allahi ʼiḏa ɛahadtum wa la tanquḍu al-ʼaymana baɛda tawkidiha wa qad jaɛaltumu Allaha ɛalaykum kafilan ʼinna Allaha yaɛlamu ma tafɛalun.
16,92,Wa la takunu kallati naqaḍat ɣazlaha min baɛdi quwatin ʼankaṯan tattaxiḏuna ʼaymanakum daxalan baynakum ʼan takuna ʼummatun hiya ʼarba min ʼummatin ʼinnama yablukumu Allahu bihi wa layubayyinanna lakum yawma al-qiyamati ma kuntum fihi taxtalifun.
16,93,Wa law caʼa Allahu lajaɛalakum ʼummatan waḥidatan wa lakin yuḍillu man yacaʼu wa yahdi man yacaʼu wa latusʼalunna ɛamma kuntum taɛmalun.
16,94,Wa la tattaxiḏu ʼaymanakum daxalan baynakum fatazilla qadamun baɛda ṯubutiha wa taḏuqu as-suʼa bima ṣadadtum ɛan sabili Allahi wa lakum ɛaḏabun ɛaḏ̣imun.
16,95,Wa la tactaru biɛahdi Allahi ṯamanan qalilan ʼinnama ɛinda Allahi huwa xayrun lakum ʼin kuntum taɛlamun.
16,96,Ma ɛindakum yanfadu wa ma ɛinda Allahi baqin wa lanajziyanna al-laḏina ṣabaru ʼajrahum biʼaḥsani ma kanu yaɛmalun.
16,97,Man ɛamila ṣaliḥan min ḏakarin ʼaw ʼunṯa wa huwa muʼminun falanuḥyiyannahu ḥayatan ṭayyibatan wa lanajziyannahum ʼajrahum biʼaḥsani ma kanu yaɛmalun.
16,98,Faʼiḏa qaraʼta al-qurʼana fastaɛiḏ Billahi mina ac-cayṭani ar-rajim.
16,99,ʼinnahu laysa lahu sulṭanun ɛala al-laḏina ʼamanu wa ɛala rabbihim yatawakkalun.
16,100,ʼinnama sulṭanuhu ɛala al-laḏina yatawallawnahu wa al-laḏina hum bihi mucrikun.
16,101,Wa ʼiḏa baddalna ʼayatan makana ʼayatin wa Allahu ʼaɛlamu bima yunazzilu qalu ʼinnama ʼanta muftarin bal ʼakṯaruhum la yaɛlamun.
16,102,Qul nazzalahu ruḥu al-qudusi min rabbika bil-ḥaqqi liyuṯabbita al-laḏina ʼamanu wa hudan wa bucra lilmuslimin.
16,103,Wa laqad naɛlamu ʼannahum yaquluna ʼinnama yuɛallimuhu bacarun lisanu al-laḏi yulḥiduna ʼilayhi ʼaɛjamiyun wa haḏa lisanun ɛarabiyun mubinun.
16,104,ʼinna al-laḏina la yuʼminuna biʼayati Allahi la yahdihimu Allahu wa lahum ɛaḏabun ʼalimun.
16,105,ʼinnama yaftari al-kaḏiba al-laḏina la yuʼminuna biʼayati Allahi wa ʼulaʼika humu al-kaḏibun.
16,106,Man kafara Billahi min baɛdi ʼimanihi ʼilla man ʼukriha wa qalbuhu muṭmaʼinnun bil-ʼimani wa lakin man caraḥa bil-kufri ṣadran faɛalayhim ɣaḍabun mina Allahi wa lahum ɛaḏabun ɛaḏ̣imun.
16,107,Ḏalika biʼannahumu astaḥabbu al-ḥayata ad-dunya ɛala al-ʼaxirati wa ʼanna Allaha la yahdi al-qawma al-kafirin.
16,108,ʼulaʼika al-laḏina ṭabaɛa Allahu ɛala qulubihim wa samɛihim wa ʼabṣarihim wa ʼulaʼika humu al-ɣafilun.
16,109,La jarama ʼannahum fi al-ʼaxirati humu al-xasirun.
16,110,Ṯumma ʼinna rabbaka lillaḏina hajaru min baɛdi ma futinu ṯumma jahadu wa ṣabaru ʼinna rabbaka min baɛdiha laɣafurun raḥimun.
16,111,Yawma taʼti kullu nafsin tujadilu ɛan nafsiha wa tuwaffa kullu nafsin ma ɛamilat wa hum la yuḏ̣lamun.
16,112,Wa ḍaraba Allahu maṯalan qaryatan kanat ʼaminatan muṭmaʼinnatan yaʼtiha rizquha raɣadan min kulli makanin fakafarat biʼanɛumi Allahi faʼaḏaqaha Allahu libasa al-juɛi wa al-xawfi bima kanu yaṣnaɛun.
16,113,Wa laqad jaʼahum rasulun minhum fakaḏḏabuhu faʼaxaḏahumu al-ɛaḏabu wa hum ḏ̣alimun.
16,114,Fakulu mimma razaqakumu Allahu ḥalalan ṭayyiban wa ackuru niɛmata Allahi ʼin kuntum ʼiyahu taɛbudun.
16,115,ʼinnama ḥarrama ɛalaykumu al-maytata wa ad-dama wa laḥma al-xinziri wa ma ʼuhilla liɣayri Allahi bihi faman aḍṭurra ɣayra baɣin wa la ɛadin faʼinna Allaha ɣafurun raḥimun.
16,116,Wa la taqulu lima taṣifu ʼalsinatukumu al-kaḏiba haḏa ḥalalun wa haḏa ḥaramun litaftaru ɛala Allahi al-kaḏiba ʼinna al-laḏina yaftaruna ɛala Allahi al-kaḏiba la yufliḥun.
16,117,Mataɛun qalilun wa lahum ɛaḏabun ʼalimun.
16,118,Wa ɛala al-laḏina hadu ḥarramna ma qaṣaṣna ɛalayka min qablu wa ma ḏ̣alamnahum wa lakin kanu ʼanfusahum yaḏ̣limun.
16,119,Ṯumma ʼinna rabbaka lillaḏina ɛamilu as-suʼa bijahalatin ṯumma tabu min baɛdi ḏalika wa ʼaṣlaḥu ʼinna rabbaka min baɛdiha laɣafurun raḥimun.
16,120,ʼinna ʼibrahima kana ʼummatan qanitan Lillahi ḥanifan wa lam yaku mina al-mucrikin.
16,121,Cakiran liʼnɛumihi ajtabahu wa hadahu ʼila ṣiraṭin mustaqim.
16,122,Wa ʼatakum min kulli ma saʼaltumuhu wa ʼin taɛuddu niɛmata Allahi la tuḥṣuha ʼinna al-ʼinsana laḏ̣alumun kaffarun.
16,123,Ṯumma ʼawḥayna ʼilayka ʼani attabiɛ millata ʼibrahima ḥanifan wa ma kana mina al-mucrikin.
16,124,ʼinnama juɛila as-sabtu ɛala al-laḏina axtalafu fihi wa ʼinna rabbaka layaḥkumu baynahum yawma al-qiyamati fima kanu fihi yaxtalifun.
16,125,Adɛu ʼila sabili rabbika bil-ḥikmati wa al-mawɛiḏ̣ati al-ḥasanati wa jadilhum bi-ati hiya ʼaḥsanu ʼinna rabbaka huwa ʼaɛlamu biman ḍalla ɛan sabilihi wa huwa ʼaɛlamu bil-muhtadin.
16,126,Wa ʼin ɛaqabtum faɛaqibu bimiṯli ma ɛuqibtum bihi wa laʼin ṣabartum lahuwa xayrun lilṣṣabirin.
16,127,Wa aṣbir wa ma ṣabruka ʼilla Billahi wa la taḥzan ɛalayhim wa la taku fi ḍayqin mimma yamkurun.
16,128,ʼinna Allaha maɛa al-laḏina attaqaw wa al-laḏina hum muḥsinun.
17,1,Subḥana al-laḏi ʼasra biɛabdihi laylan mina al-masjidi al-ḥarami ʼila al-masjidi al-ʼaqṣa al-laḏi barakna ḥawlahu linuriyahu min ʼayatina ʼinnahu huwa as-samiɛu al-baṣir.
17,2,Wa ʼatayna musa al-kitaba wa jaɛalnahu hudan libani ʼisraʼila ʼalla tattaxiḏu min duni wa kilan.
17,3,Ḏurriyata man ḥamalna maɛa nuḥin ʼinnahu kana ɛabdan cakuran.
17,4,Wa qaḍayna ʼila bani ʼisraʼila fi al-kitabi latufsidunna fi al-ʼarḍi marratayni wa lataɛlunna ɛuluwan kabiran.
17,5,Faʼiḏa jaʼa waɛdu ʼulahuma baɛaṯna ɛalaykum ɛibadan lana ʼuli baʼsin cadidin fajasu xilala ad-diyari wa kana waɛdan mafɛulan.
17,6,Ṯumma radadna lakumu al-karrata ɛalayhim wa ʼamdadnakum biʼamwalin wa banina wa jaɛalnakum ʼakṯara nafiran.
17,7,ʼin ʼaḥsantum ʼaḥsantum liʼnfusikum wa ʼin ʼasaʼtum falaha faʼiḏa jaʼa waɛdu al-ʼaxirati liyasuʼ wujuhakum wa liyadxulu al-masjida kama daxaluhu ʼawwala marratin wa liyutabbiru ma ɛalaw tatbiran.
17,8,Ɛasa rabbukum ʼan yarḥamakum wa ʼin ɛudtum ɛudna wa jaɛalna jahannama lilkafirina ḥaṣiran.
17,9,ʼinna haḏa al-qurʼana yahdi lillati hiya ʼaqwamu wa yubacciru al-muʼminina al-laḏina yaɛmaluna aṣ-ṣaliḥati ʼanna lahum ʼajran kabiran.
17,10,Wa ʼanna al-laḏina la yuʼminuna bil-ʼaxirati ʼaɛtadna lahum ɛaḏaban ʼaliman.
17,11,Wa yadɛu al-ʼinsanu bic-carri duɛaʼahu bil-xayri wa kana al-ʼinsanu ɛajulan.
17,12,Wa jaɛalna al-layla wa an-nahara ʼayatayni famaḥawna ʼayata al-layli wa jaɛalna ʼayata an-nahari mubṣiratan litabtaɣu faḍlan min rabbikum wa litaɛlamu ɛadada as-sinina wa al-ḥisaba wa kulla cayʼin faṣṣalnahu tafṣilan.
17,13,Wa kulla ʼinsanin ʼalzamnahu ṭaʼirahu fi ɛunuqihi wa nuxriju lahu yawma al-qiyamati kitaban yalqahu mancuran.
17,14,Aqraʼ kitabaka kafa binafsika al-yawma ɛalayka ḥasiban.
17,15,Mani ahtada faʼinnama yahtadi linafsihi wa man ḍalla faʼinnama yaḍillu ɛalayha wa la taziru waziratun wizra ʼuxra wa ma kunna muɛaḏḏibina ḥatta nabɛaṯa rasulan.
17,16,Wa ʼiḏa ʼaradna ʼan nuhlika qaryatan ʼamarna mutrafiha fafasaqu fiha faḥaqqa ɛalayha al-qawlu fadammarnaha tadmiran.
17,17,Wa kam ʼahlakna mina al-quruni min baɛdi nuḥin wa kafa birabbika biḏunubi ɛibadihi xabiran baṣiran.
17,18,Man kana yuridu al-ɛajilata ɛajjalna lahu fiha ma nacaʼu liman nuridu ṯumma jaɛalna lahu jahannama yaṣlaha maḏmuman madḥuran.
17,19,Wa man ʼarada al-ʼaxirata wa saɛa laha saɛyaha wa huwa muʼminun faʼulaʼika kana saɛyuhum mackuran.
17,20,Kullan numiddu haʼuulaʼ wa haʼuulaʼ min ɛaṭaʼi rabbika wa ma kana ɛaṭaʼu rabbika maḥḏ̣uran.
17,21,Anḏ̣ur kayfa faḍḍalna baɛḍahum ɛala baɛḍin wa lalʼaxiratu ʼakbaru darajatin wa ʼakbaru tafḍilan.
17,22,La tajɛal maɛa Allahi ʼilahan ʼaxara fataqɛuda maḏmuman maxḏulan.
17,23,Wa qaḍa rabbuka ʼalla taɛbudu ʼilla ʼiyahu wa bil-walidayni ʼiḥsanan ʼimma yabluɣanna ɛindaka al-kibara ʼaḥaduhuma ʼaw kilahuma fala taqul lahuma ʼuffin wa la tanharhuma wa qul lahuma qawlan kariman.
17,24,Wa axfiḍ lahuma janaḥa aḏ-ḏulli mina ar-raḥmati wa qul rrabbi arḥamhuma kama rabbayani ṣaɣiran.
17,25,Rabbukum ʼaɛlamu bima fi nufusikum ʼin takunu ṣaliḥina faʼinnahu kana lilʼawwabina ɣafuran.
17,26,Wa ʼati ḏa al-qurba ḥaqqahu wa al-miskina wa abna as-sabili wa la tubaḏḏir tabḏiran.
17,27,ʼinna al-mubaḏḏirina kanu ʼixwana ac-cayaṭini wa kana ac-cayṭanu lirabbihi kafuran.
17,28,Wa ʼimma tuɛriḍanna ɛanhumu abtiɣaʼa raḥmatin min rabbika tarjuha faqul lahum qawlan maysuran.
17,29,Wa la tajɛal yadaka maɣlulatan ʼila ɛunuqika wa la tabsuṭha kulla al-basṭi fataqɛuda maluman maḥsuran.
17,30,ʼinna rabbaka yabsuṭu ar-rizqa liman yacaʼu wa yaqdiru ʼinnahu kana biɛibadihi xabiran baṣiran.
17,31,Wa la taqtulu ʼawladakum xacyata ʼimlaqin naḥnu narzuquhum wa ʼiyakum ʼinna qatlahum kana xiṭʼan kabiran.
17,32,Wa la taqrabu az-zina ʼinnahu kana faḥicatan wa saʼa sabilan.
17,33,Wa la taqtulu an-nafsa allati ḥarrama Allahu ʼilla bil-ḥaqqi wa man qutila maḏ̣luman faqad jaɛalna liwaliyihi sulṭanan fala yusrif fi al-qatli ʼinnahu kana manṣuran.
17,34,Wa la taqrabu mala al-yatimi ʼilla bi-ati hiya ʼaḥsanu ḥatta yabluɣa ʼacuddahu wa ʼawfu bil-ɛahdi ʼinna al-ɛahda kana masʼulan.
17,35,Wa ʼawfu al-kayla ʼiḏa kiltum wa zinu bil-qisṭasi al-mustaqimi ḏalika xayrun wa ʼaḥsanu taʼwilan.
17,36,Wa la taqfu ma laysa laka bihi ɛilmun ʼinna as-samɛa wa al-baṣara wa al-fuʼada kullu ʼulaʼika kana ɛanhu masʼulan.
17,37,Wa la tamci fi al-ʼarḍi maraḥan ʼinnaka lan taxriqa al-ʼarḍa wa lan tabluɣa al-jibala ṭulan.
17,38,Kullu ḏalika kana sayyiʼuhu ɛinda rabbika makruhan.
17,39,Ḏalika mimma ʼawḥa ʼilayka rabbuka mina al-ḥikmati wa la tajɛal maɛa Allahi ʼilahan ʼaxara fatulqa fi jahannama maluman madḥuran.
17,40,ʼafaʼaṣfakum rabbukum bil-banina wa attaxaḏa mina al-malaʼikati ʼinaṯan ʼinnakum lataquluna qawlan ɛaḏ̣iman.
17,41,Wa laqad ṣarrafna fi haḏa al-qurʼani liyaḏḏakkaru wa ma yaziduhum ʼilla nufuran.
17,42,Qul law kana maɛahu ʼalihatun kama yaquluna ʼiḏan labtaɣaw ʼila ḏi al-ɛarci sabilan.
17,43,Subḥanahu wa taɛala ɛamma yaquluna ɛuluwan kabiran.
17,44,Tusabbiḥu lahu as-samawatu as-sabɛu wa al-ʼarḍu wa man fihinna wa ʼin min cayʼin ʼilla yusabbiḥu biḥamdihi wa lakin la tafqahuna tasbiḥahum ʼinnahu kana ḥaliman ɣafuran.
17,45,Wa ʼiḏa qaraʼta al-qurʼana jaɛalna baynaka wa bayna al-laḏina la yuʼminuna bil-ʼaxirati ḥijaban masturan.
17,46,Wa jaɛalna ɛala qulubihim ʼakinnatan ʼan yafqahuhu wa fi ʼaḏanihim waqran wa ʼiḏa ḏakarta rabbaka fi al-qurʼani waḥdahu wa llaw ɛala ʼadbarihim nufuran.
17,47,Naḥnu ʼaɛlamu bima yastamiɛuna bihi ʼiḏ yastamiɛuna ʼilayka wa ʼiḏ hum najwa ʼiḏ yaqulu aḏ̣-ḏ̣alimuna ʼin tattabiɛuna ʼilla rajulan masḥuran.
17,48,Anḏ̣ur kayfa ḍarabu laka al-ʼamṯala faḍallu fala yastaṭiɛuna sabilan.
17,49,Wa qalu ʼaʼiḏa kunna ɛiḏ̣aman wa rufatan ʼaʼinna lamabɛuṯuna xalqan jadidan.
17,50,Qul kunu ḥijaratan ʼaw ḥadidan.
17,51,ʼaw xalqan mimma yakburu fi ṣudurikum fasayaquluna man yuɛiduna quli al-laḏi faṭarakum ʼawwala marratin fasayunɣiḍuna ʼilayka ruʼsahum wa yaquluna mata huwa qul ɛasa ʼan yakuna qariban.
17,52,Yawma yadɛukum fatastajibuna biḥamdihi wa taḏ̣unnuna ʼin labiṯtum ʼilla qalilan.
17,53,Wa qul liɛibadi yaqulu allati hiya ʼaḥsanu ʼinna ac-cayṭana yanzaɣu baynahum ʼinna ac-cayṭana kana lilʼinsani ɛaduwan mubinan.
17,54,Rabbukum ʼaɛlamu bikum ʼin yacaʼ yarḥamkum ʼaw ʼin yacaʼ yuɛaḏḏibkum wa ma ʼarsalnaka ɛalayhim wa kilan.
17,55,Wa rabbuka ʼaɛlamu biman fi as-samawati wa al-ʼarḍi wa laqad faḍḍalna baɛḍa an-nabiyina ɛala baɛḍin wa ʼatayna dawuda zaburan.
17,56,Quli adɛu al-laḏina zaɛamtum min dunihi fala yamlikuna kacfa aḍ-ḍurri ɛankum wa la taḥwilan.
17,57,ʼulaʼika al-laḏina yadɛuna yabtaɣuna ʼila rabbihimu al-wasilata ʼayyuhum ʼaqrabu wa yarjuna raḥmatahu wa yaxafuna ɛaḏabahu ʼinna ɛaḏaba rabbika kana maḥḏuran.
17,58,Wa ʼin min qaryatin ʼilla naḥnu muhlikuha qabla yawmi al-qiyamati ʼaw muɛaḏḏibuha ɛaḏaban cadidan kana ḏalika fi al-kitabi masṭuran.
17,59,Wa ma manaɛana ʼan nursila bil-ʼayati ʼilla ʼan kaḏḏaba biha al-ʼawwaluna wa ʼatayna ṯamuda an-naqata mubṣiratan faḏ̣alamu biha wa ma nursilu bil-ʼayati ʼilla taxwifan.
17,60,Wa ʼiḏ qulna laka ʼinna rabbaka ʼaḥaṭa bin-nasi wa ma jaɛalna ar-ruʼya allati ʼaraynaka ʼilla fitnatan lilnnasi wa ac-cajarata al-malɛunata fi al-qurʼani wa nuxawwifuhum fama yaziduhum ʼilla ṭuɣyanan kabiran.
17,61,Wa ʼiḏ qulna lilmalaʼikati asjudu liʼdama fasajadu ʼilla ʼiblisa qala ʼaʼasjudu liman xalaqta ṭinan.
17,62,Qala ʼaraʼaytaka haḏa al-laḏi karramta ɛalayya laʼin ʼaxxartani ʼila yawmi al-qiyamati laʼaḥtanikanna ḏurriyatahu ʼilla qalilan.
17,63,Qala aḏ/hab faman tabiɛaka minhum faʼinna jahannama jazaʼuukum jazaʼan mawfuran.
17,64,Wa astafziz mani astaṭaɛta minhum biṣawtika wa ʼajlib ɛalayhim bixaylika wa rajilika wa carik/hum fi al-ʼamwli wa al-ʼawladi wa ɛid/hum wa ma yaɛiduhum ac-cayṭanu ʼilla ɣururan.
17,65,ʼinna ɛibadi laysa laka ɛalayhim sulṭanun wa kafa birabbika wa kilan.
17,66,Rabbukumu al-laḏi yuzji lakumu al-fulka fi al-baḥri litabtaɣu min faḍlihi ʼinnahu kana bikum raḥiman.
17,67,Wa ʼiḏa massakumu aḍ-ḍurru fi al-baḥri ḍalla man tadɛuna ʼilla ʼiyahu falamma najjakum ʼila al-barri ʼaɛraḍtum wa kana al-ʼinsanu kafuran.
17,68,ʼafaʼamintum ʼan yaxsifa bikum janiba al-barri ʼaw yursila ɛalaykum ḥaṣiban ṯumma la tajidu lakum wa kilan.
17,69,ʼam ʼamintum ʼan yuɛidakum fihi taratan ʼuxra fayursila ɛalaykum qaṣifan mina ar-riḥi fayuɣriqakum bima kafartum ṯumma la tajidu lakum ɛalayna bihi tabiɛan.
17,70,Wa laqad karramna bani ʼadama wa ḥamalnahum fi al-barri wa al-baḥri wa razaqnahum mina aṭ-ṭayyibati wa faḍḍalnahum ɛala kaṯirin mimman xalaqna tafḍilan.
17,71,Yawma nadɛu kulla ʼunasin biʼimamihim faman ʼutiya kitabahu biyaminihi faʼulaʼika yaqraʼuna kitabahum wa la yuḏ̣lamuna fatilan.
17,72,Wa man kana fi haḏihi ʼaɛma fahuwa fi al-ʼaxirati ʼaɛma wa ʼaḍallu sabilan.
17,73,Wa ʼin kadu layaftinunaka ɛani al-laḏi ʼawḥayna ʼilayka litaftariya ɛalayna ɣayrahu wa ʼiḏan lattaxaḏuka xalilan.
17,74,Wa lawla ʼan ṯabbatnaka laqad kidtta tarkanu ʼilayhim cayʼan qalilan.
17,75,ʼiḏan laʼaḏaqnaka ḍiɛfa al-ḥayati wa ḍiɛfa al-mamati ṯumma la tajidu laka ɛalayna naṣiran.
17,76,Wa ʼin kadu layastafizzunaka mina al-ʼarḍi liyuxrijuka minha wa ʼiḏan la yalbaṯuna xilafaka ʼilla qalilan.
17,77,Sunnata man qad ʼarsalna qablaka min rusulina wa la tajidu lisunnatina taḥwilan.
17,78,ʼaqimi aṣ-ṣalata liduluki ac-camsi ʼila ɣasaqi al-layli wa qurʼana al-fajri ʼinna qurʼana al-fajri kana mac/hudan.
17,79,Wa mina al-layli fatahajjad bihi nafilatan laka ɛasa ʼan yabɛaṯaka rabbuka maqaman maḥmudan.
17,80,Wa qul rabbi ʼadxilni mudxala ṣidqin wa ʼaxrijni muxraja ṣidqin wa ajɛal li min ladunka sulṭanan naṣiran.
17,81,Wa qul jaʼa al-ḥaqqu wa zahaqa al-baṭilu ʼinna al-baṭila kana zahuqan.
17,82,Wa nunazzilu mina al-qurʼani ma huwa cifaʼun wa raḥmatun lilmuʼminina wa la yazidu aḏ̣-ḏ̣alimina ʼilla xasaran.
17,83,Wa ʼiḏa ʼanɛamna ɛala al-ʼinsani ʼaɛraḍa wa naʼa bijanibihi wa ʼiḏa massahu ac-carru kana yaʼusan.
17,84,Qul kullun yaɛmalu ɛala cakilatihi farabbukum ʼaɛlamu biman huwa ʼahda sabilan.
17,85,Wa yasʼalunaka ɛani ar-ruḥi quli ar-ruḥu min ʼamri rabbi wa ma ʼutitum mina al-ɛilmi ʼilla qalilan.
17,86,Wa laʼin ciʼna lanaḏ/habanna bial-laḏi ʼawḥayna ʼilayka ṯumma la tajidu laka bihi ɛalayna wa kilan.
17,87,ʼilla raḥmatan min rabbika ʼinna faḍlahu kana ɛalayka kabiran.
17,88,Qul laʼini ajtamaɛati al-ʼinsu wa al-jinnu ɛala ʼan yaʼtu bimiṯli haḏa al-qurʼani la yaʼtuna bimiṯlihi wa law kana baɛḍuhum libaɛḍin ḏ̣ahiran.
17,89,Wa laqad ṣarrafna lilnnasi fi haḏa al-qurʼani min kulli maṯalin faʼaba ʼakṯaru an-nasi ʼilla kufuran.
17,90,Wa qalu lan nuʼmina laka ḥatta tafjura lana mina al-ʼarḍi yanbuɛan.
17,91,ʼaw takuna laka jannatun min naxilin wa ɛinabin fatufajjira al-ʼanhara xilalaha tafjiran.
17,92,ʼaw tusqiṭa as-samaʼa kama zaɛamta ɛalayna kisafan ʼaw taʼtiya Billahi wa al-malaʼikati qabilan.
17,93,ʼaw yakuna laka baytun min zuxrufin ʼaw tarqa fi as-samaʼi wa lan nuʼmina liruqiyika ḥatta tunazzila ɛalayna kitaban naqraʼuuhu qul subḥana rabbi hal kuntu ʼilla bacaran rasulan.
17,94,Wa ma manaɛa an-nasa ʼan yuʼminu ʼiḏ jaʼahumu al-huda ʼilla ʼan qalu ʼabaɛaṯa Allahu bacaran rasulan.
17,95,Qul law kana fi al-ʼarḍi malaʼikatun yamcuna muṭmaʼinnina lanazzalna ɛalayhim mina as-samaʼi malakan rasulan.
17,96,Qul kafa Billahi cahidan bayni wa baynakum ʼinnahu kana biɛibadihi xabiran baṣiran.
17,97,Wa man yahdi Allahu fahuwa al-muhtadi wa man yuḍlil falan tajida lahum ʼawliyaʼa min dunihi wa naḥcuruhum yawma al-qiyamati ɛala wajuhihim ɛumyan wa bukman wa ṣumman maʼwahum jahannamu kullama xabat zidnahum saɛiran.
17,98,Ḏalika jazaʼuuhum biʼannahum kafaru biʼayatina wa qalu ʼaʼiḏa kunna ɛiḏ̣aman wa rufatan ʼaʼinna lamabɛuṯuna xalqan jadidan.
17,99,ʼawalam yaraw ʼanna Allaha al-laḏi xalaqa as-samawati wa al-ʼarḍa qadirun ɛala ʼan yaxluqa miṯlahum wa jaɛala lahum ʼajalan la rayba fihi faʼaba aḏ̣-ḏ̣alimuna ʼilla kufuran.
17,100,Qul law ʼantum tamlikuna xazaʼina raḥmati rabbi ʼiḏan laʼamsaktum xacyata al-ʼinfaqi wa kana al-ʼinsanu qaturan.
17,101,Wa laqad ʼatayna musa tisɛa ʼayatin bayyinatin fasʼl bani ʼisraʼila ʼiḏ jaʼahum faqala lahu firɛawnu ʼinni laʼaḏ̣unnuka yamusa masḥuran.
17,102,Qala laqad ɛalimta ma ʼanzala haʼuulaʼ ʼilla rabbu as-samawati wa al-ʼarḍi baṣaʼira wa ʼinni laʼaḏ̣unnuka ya firɛawnu maṯburan.
17,103,Faʼarada ʼan yastafizzahum mina al-ʼarḍi faʼaɣraqnahu wa man maɛahu jamiɛan.
17,104,Wa qulna min baɛdihi libani ʼisraʼila askunu al-ʼarḍa faʼiḏa jaʼa waɛdu al-ʼaxirati jiʼna bikum lafifan.
17,105,Wa bil-ḥaqqi ʼanzalnahu wa bil-ḥaqqi nazala wa ma ʼarsalnaka ʼilla mubacciran wa naḏiran.
17,106,Wa qurʼanan faraqnahu litaqraʼahu ɛala an-nasi ɛala mukṯin wa nazzalnahu tanzilan.
17,107,Qul ʼaminu bihi ʼaw la tuʼminu ʼinna al-laḏina ʼutu al-ɛilma min qablihi ʼiḏa yutla ɛalayhim yaxirruna lilʼaḏqani sujjadan.
17,108,Wa yaquluna subḥana rabbina ʼin kana waɛdu rabbina lamafɛulan.
17,109,Wa yaxirruna lilʼaḏqani yabkuna wa yaziduhum xucuɛan.
17,110,Qul adɛu Allaha ʼaw adɛu ar-raḥmana ʼayyanmma tadɛu falahu al-ʼasmaʼu al-ḥusna wa la tajhar biṣalatika wa la tuxafit biha wa abtaɣi bayna ḏalika sabilan.
17,111,Wa quli al-ḥamdu Lillahi al-laḏi lam yattaxiḏ waladan wa lam yakun lahu carikun fi al-mulki wa lam yakun lahu wa liyun mina aḏ-ḏulli wa kabbirhu takbiran.
18,1,Al-ḥamdu Lillahi al-laḏi ʼanzala ɛala ɛabdihi al-kitaba wa lam yajɛal llahu ɛiwaj.
18,2,Qayyiman liyunḏira baʼsan cadidan min ladunhu wa yubaccira al-muʼminina al-laḏina yaɛmaluna aṣ-ṣaliḥati ʼanna lahum ʼajran ḥasanan.
18,3,Makiṯina fihi ʼabadan.
18,4,Wa yunḏira al-laḏina qalu attaxaḏa Allahu waladan.
18,5,Mma lahum bihi min ɛilmin wa la liʼabaʼihim kaburat kalimatan taxruju min ʼafwahihim ʼin yaquluna ʼilla kaḏiban.
18,6,Falaɛallaka baxiɛun nafsaka ɛala ʼaṯarihim ʼin lam yuʼminu bihaḏa al-ḥadiṯi ʼasafan.
18,7,ʼinna jaɛalna ma ɛala al-ʼarḍi zinatan laha linabluwahum ʼayyuhum ʼaḥsanu ɛamalan.
18,8,Wa ʼinna lajaɛiluna ma ɛalayha ṣaɛidan juruzan.
18,9,ʼam ḥasibta ʼanna ʼaṣḥaba al-kahfi wa ar-raqimi kanu min ʼayatina ɛajaban.
18,10,ʼiḏ ʼawa al-fityatu ʼila al-kahfi faqalu rabbana ʼatina min ladunka raḥmatan wa hayyiʼ lana min ʼamrina racadan.
18,11,Faḍarabna ɛala ʼaḏanihim fi al-kahfi sinina ɛadadan.
18,12,Ṯumma baɛaṯnahum linaɛlama ʼayyu al-ḥizbayni ʼaḥṣa lima labiṯu ʼamadan.
18,13,Naḥnu naquṣṣu ɛalayka nabaʼahum bil-ḥaqqi ʼinnahum fityatun ʼamanu birabbihim wa zidnahum hudan.
18,14,Wa rabaṭna ɛala qulubihim ʼiḏ qamu faqalu rabbuna rabbu as-samawati wa al-ʼarḍi lan nadɛuwa min dunihi ʼilahan laqad qulna ʼiḏan caṭaṭan.
18,15,Haʼuulaʼ qawmuna attaxaḏu min dunihi ʼalihatan lawla yaʼtuna ɛalayhim bisulṭanin bayyinin faman ʼaḏ̣lamu mimman aftara ɛala Allahi kaḏiban.
18,16,Wa ʼiḏ aɛtazaltumuhum wa ma yaɛbuduna ʼilla Allaha faʼwu ʼila al-kahfi yancur lakum rabbukum min raḥmatihi wa yuhayyiʼ lakum min ʼamrikum mirfaqan.
18,17,Wa tara ac-camsa ʼiḏa ṭalaɛat tazawaru ɛan kahfihim ḏata al-yamini wa ʼiḏa ɣarabat taqriḍuhum ḏata ac-cimali wa hum fi fajwatin minhu ḏalika min ʼayati Allahi man yahdi Allahu fahuwa al-muhtadi wa man yuḍlil falan tajida lahu waliyan murcidan.
18,18,Wa taḥsabuhum ʼayqaḏ̣an wa hum ruqudun wa nuqallibuhum ḏata al-yamini wa ḏata ac-cimali wa kalbuhum basiṭun ḏiraɛayhi bil-waṣidi lawi aṭṭalaɛta ɛalayhim lawallayta minhum firaran wa lamuliʼta minhum ruɛban.
18,19,Wa kaḏalika baɛaṯnahum liyatasaʼalu baynahum qala qaʼilun minhum kam labiṯtum qalu labiṯna yawman ʼaw baɛḍa yawmin qalu rabbukum ʼaɛlamu bima labiṯtum fabɛaṯu ʼaḥadakum biwariqikum haḏihi ʼila al-madinati falyanḏ̣ur ʼayyuha ʼazka ṭaɛaman falyaʼtikum birizqin minhu wa liatalaṭṭaf wa la yucɛiranna bikum ʼaḥadan.
18,20,ʼinnahum ʼin yaḏ̣haru ɛalaykum yarjumukum ʼaw yuɛidukum fi millatihim wa lan tufliḥu ʼiḏan ʼabadan.
18,21,Wa kaḏalika ʼaɛṯarna ɛalayhim liyaɛlamu ʼanna waɛda Allahi ḥaqqun wa ʼanna as-saɛata la rayba fiha ʼiḏ yatanazaɛuna baynahum ʼamrahum faqalu abnu ɛalayhim bunyanan rabbuhum ʼaɛlamu bihim qala al-laḏina ɣalabu ɛala ʼamrihim lanattaxiḏanna ɛalayhim masjidan.
18,22,Sayaquluna ṯalaṯatun rabiɛuhum kalbuhum wa yaquluna xamsatun sadisuhum kalbuhum rajman bil-ɣaybi wa yaquluna sabɛatun wa ṯaminuhum kalbuhum qul rabbi ʼaɛlamu biɛiddatihim ma yaɛlamuhum ʼilla qalilun fala tumari fihim ʼilla miraʼan ḏ̣ahiran wa la tastafti fihim minhum ʼaḥadan.
18,23,Wa la taqulanna licayʼin ʼinni faɛilun ḏalika ɣadan.
18,24,ʼilla ʼan yacaʼa Allahu wa aḏkur rabbaka ʼiḏa nasita wa qul ɛasa ʼan yahdiyani rabbi liʼqraba min haḏa racadan.
18,25,Wa labiṯu fi kahfihim ṯalaṯa miaʼatin sinina wa azdadu tisɛan.
18,26,Quli Allahu ʼaɛlamu bima labiṯu lahu ɣaybu as-samawati wa al-ʼarḍi ʼabṣir bihi wa ʼasmiɛ ma lahum min dunihi min wa liyin wa la yucriku fi ḥukmihi ʼaḥadan.
18,27,Wa atlu ma ʼuḥiya ʼilayka min kitabi rabbika la mubaddila likalimatihi wa lan tajida min dunihi multaḥadan.
18,28,Wa aṣbir nafsaka maɛa al-laḏina yadɛuna rabbahum bil-ɣadati wa al-ɛaciyi yuriduna wajhahu wa la taɛdu ɛaynaka ɛanhum turidu zinata al-ḥayati ad-dunya wa la tuṭiɛ man ʼaɣfalna qalbahu ɛan ḏikrina wa attabaɛa hawahu wa kana ʼamruhu furuṭan.
18,29,Wa quli al-ḥaqqu min rabbikum faman caʼa falyuʼmin wa man caʼa falyakfur ʼinna ʼaɛtadna lilḏ̣ḏ̣alimina naran ʼaḥaṭa bihim suradiquha wa ʼin yastaɣiṯu yuɣaṯu bimaʼin kalmuhli yacwi al-wujuha biʼsa ac-carabu wa saʼat murtafaqan.
18,30,ʼinna al-laḏina ʼamanu wa ɛamilu aṣ-ṣaliḥati ʼinna la nuḍiɛu ʼajra man ʼaḥsana ɛamalan.
18,31,ʼulaʼika lahum jannatu ɛadnin tajri min taḥtihimu al-ʼanharu yuḥallawna fiha min ʼasawira min ḏahabin wa yalbasuna ṯiyaban xuḍran min sundusin wa ʼistabraqin muttakiʼina fiha ɛala al-ʼaraʼiki niɛma aṯ-ṯawabu wa ḥasunat murtafaqan.
18,32,Wa aḍrib lahum maṯalan rajulayni jaɛalna liʼḥadihima jannatayni min ʼaɛnabin wa ḥafafnahuma binaxlin wa jaɛalna baynahuma zarɛan.
18,33,Kilta al-jannatayni ʼatat ʼukulaha wa lam taḏ̣lim minhu cayʼan wa fajjarna xilalahuma naharan.
18,34,Wa kana lahu ṯamarun faqala liṣaḥibihi wa huwa yuḥawiruhu ʼana ʼakṯaru minka malan wa ʼaɛazzu nafaran.
18,35,Wa daxala jannatahu wa huwa ḏ̣alimun linafsihi qala ma ʼaḏ̣unnu ʼan tabida haḏihi ʼabadan.
18,36,Wa ma ʼaḏ̣unnu as-saɛata qaʼimatan wa laʼin rudidtu ʼila rabbi laʼajidanna xayran minha munqalaban.
18,37,Qala lahu ṣaḥibuhu wa huwa yuḥawiruhu ʼakafarta bial-laḏi xalaqaka min turabin ṯumma min nuṭfatin ṯumma sawwaka rajulan.
18,38,Lakinna huwa Allahu rabbi wa la ʼucriku birabbi ʼaḥadan.
18,39,Wa lawla ʼiḏ daxalta jannataka qulta ma caʼa Allahu la quwata ʼilla Billahi ʼin tarani ʼana ʼaqalla minka malan wa waladan.
18,40,Faɛasa rabbi ʼan yuʼtiyani xayran min jannatika wa yursila ɛalayha ḥusbanan mina as-samaʼi fatuṣbiḥa ṣaɛidan zalaqan.
18,41,ʼaw yuṣbiḥa maʼuuha ɣawran falan tastaṭiɛa lahu ṭalaban.
18,42,Wa ʼuḥiṭa biṯamarihi faʼaṣbaḥa yuqallibu kaffayhi ɛala ma ʼanfaqa fiha wa hiya xawiyatun ɛala ɛuruciha wa yaqulu ya laytani lam ʼucrik birabbi ʼaḥadan.
18,43,Wa lam takun lahu fiʼatun yanṣurunahu min duni Allahi wa ma kana muntaṣiran.
18,44,Hunalika al-walayatu Lillahi al-ḥaqqi huwa xayrun ṯawaban wa xayrun ɛuqban.
18,45,Wa aḍrib lahum maṯala al-ḥayati ad-dunya kamaʼin ʼanzalnahu mina as-samaʼi faxtalaṭa bihi nabatu al-ʼarḍi faʼaṣbaḥa haciman taḏruhu ar-riyaḥu wa kana Allahu ɛala kulli cayʼin muqtadiran.
18,46,Al-malu wa al-banuna zinatu al-ḥayati ad-dunya wa al-baqiyatu aṣ-ṣaliḥatu xayrun ɛinda rabbika ṯawaban wa xayrun ʼamalan.
18,47,Wa yawma nusayyiru al-jibala wa tara al-ʼarḍa barizatan wa ḥacarnahum falam nuɣadir minhum ʼaḥadan.
18,48,Wa ɛuriḍu ɛala rabbika ṣaffan laqad jiʼtumuna kama xalaqnakum ʼawwala marratin bal zaɛamtum ʼallan najɛala lakum mawɛidan.
18,49,Wa wuḍiɛa al-kitabu fatara al-mujrimina mucfiqina mimma fihi wa yaquluna ya waylatana mali haḏa al-kitabi la yuɣadiru ṣaɣiratan wa la kabiratan ʼilla ʼaḥṣaha wa wajadu ma ɛamilu ḥaḍiran wa la yaḏ̣limu rabbuka ʼaḥadan.
18,50,Wa ʼiḏ qulna lilmalaʼikati asjudu liʼdama fasajadu ʼilla ʼiblisa kana mina al-jinni fafasaqa ɛan ʼamri rabbihi ʼafatattaxiḏunahu wa ḏurriyatahu ʼawliyaʼa min duni wa hum lakum ɛaduwun biʼsa lilḏ̣ḏ̣alimina badalan.
18,51,Ma ʼac/hadtuhum xalqa as-samawati wa al-ʼarḍi wa la xalqa ʼanfusihim wa ma kuntu muttaxiḏa al-muḍillina ɛaḍudan.
18,52,Wa yawma yaqulu nadu curakaʼiya al-laḏina zaɛamtum fadaɛawhum falam yastajibu lahum wa jaɛalna baynahum mawbiqan.
18,53,Wa raʼa al-mujrimuna an-nara faḏ̣annu ʼannahum muwaqiɛuha wa lam yajidu ɛanha maṣrifan.
18,54,Wa laqad ṣarrafna fi haḏa al-qurʼani lilnnasi min kulli maṯalin wa kana al-ʼinsanu ʼakṯara cayʼin jadalan.
18,55,Wa ma manaɛa an-nasa ʼan yuʼminu ʼiḏ jaʼahumu al-huda wa yastaɣfiru rabbahum ʼilla ʼan taʼtiyahum sunnatu al-ʼawwalina ʼaw yaʼtiyahumu al-ɛaḏabu qubulan.
18,56,Wa ma nursilu al-mursalina ʼilla mubaccirina wa munḏirina wa yujadilu al-laḏina kafaru bil-baṭili liyudḥiḍu bihi al-ḥaqqa wa attaxaḏu ʼayati wa ma ʼunḏiru huzuan.
18,57,Wa man ʼaḏ̣lamu mimman ḏukkira biʼayati rabbihi faʼaɛraḍa ɛanha wa nasiya ma qaddamat yadahu ʼinna jaɛalna ɛala qulubihim ʼakinnatan ʼan yafqahuhu wa fi ʼaḏanihim waqran wa ʼin tadɛuhum ʼila al-huda falan yahtadu ʼiḏan ʼabadan.
18,58,Wa rabbuka al-ɣafuru ḏu ar-raḥmati law yuʼaxiḏuhum bima kasabu laɛajjala lahumu al-ɛaḏaba bal lahum mawɛidun lan yajidu min dunihi mawʼilan.
18,59,Wa tilka al-qura ʼahlaknahum lamma ḏ̣alamu wa jaɛalna limahlikihim mawɛidan.
18,60,Wa ʼiḏ qala musa lifatahu la ʼabraḥu ḥatta ʼabluɣa majmaɛa al-baḥrayni ʼaw ʼamḍiya ḥuquban.
18,61,Falamma balaɣa majmaɛa baynihima nasiya ḥutahuma fa attaxaḏa sabilahu fi al-baḥri saraban.
18,62,Falamma jawaza qala lifatahu ʼatina ɣadaʼana laqad laqina min safarina haḏa naṣaban.
18,63,Qala ʼaraʼayta ʼiḏ ʼawayna ʼila aṣ-ṣaxrati faʼinni nasitu al-ḥuta wa ma ʼansanihu ʼilla ac-cayṭanu ʼan ʼaḏkurahu wa attaxaḏa sabilahu fi al-baḥri ɛajaban.
18,64,Qala ḏalika ma kunna nabɣi fartadda ɛala ʼaṯarihima qaṣaṣan.
18,65,Fawajada ɛabdan min ɛibadina ʼataynahu raḥmatan min ɛindina wa ɛallamnahu min ladunna ɛilman.
18,66,Qala lahu musa hal ʼattabiɛuka ɛala ʼan tuɛallimani mimma ɛullimta rucdan.
18,67,Qala ʼinnaka lan tastaṭiɛa maɛi ṣabran.
18,68,Wa kayfa taṣbiru ɛala ma lam tuḥiṭ bihi xubran.
18,69,Qala satajiduni ʼin caʼa Allahu ṣabiran wa la ʼaɛṣi laka ʼamran.
18,70,Qala faʼin attabaɛtani fala tasʼalni ɛan cayʼin ḥatta ʼuḥdiṯa laka minhu ḏikran.
18,71,Fanṭalaqa ḥatta ʼiḏa rakiba fi as-safinati xaraqaha qala ʼaxaraqtaha lituɣriqa ʼahlaha laqad jiʼta cayʼan ʼimran.
18,72,Qala ʼalam ʼaqul ʼinnaka lan tastaṭiɛa maɛiya ṣabran.
18,73,Qala la tuʼaxiḏni bima nasitu wa la turhiqni min ʼamri ɛusran.
18,74,Fanṭalaqa ḥatta ʼiḏa laqiya ɣulaman faqatalahu qala ʼaqatalta nafsan zakiyatan biɣayri nafsin laqad jiʼta cayʼan nukran.
18,75,Qala ʼalam ʼaqul laka ʼinnaka lan tastaṭiɛa maɛiya ṣabran.
18,76,Qala ʼin saʼaltuka ɛan cayʼin baɛdaha fala tuṣaḥibni qad balaɣta min ladunni ɛuḏran.
18,77,Fanṭalaqa ḥatta ʼiḏa ʼataya ʼahla qaryatin astaṭɛama ʼahlaha faʼabaw ʼan yuḍayyifuhuma fawajada fiha jidaran yuridu ʼan yanqaḍḍa faʼaqamahu qala law ciʼta lattaxaḏta ɛalayhi ʼajran.
18,78,Qala haḏa firaqu bayni wa baynika saʼunabbiʼuka bitaʼwili ma lam tastaṭiɛ ɛalayhi ṣabran.
18,79,ʼamma as-safinatu fakanat limasakina yaɛmaluna fi al-baḥri faʼaradtu ʼan ʼaɛibaha wa kana waraʼahum malikun yaʼxuḏu kulla safinatin ɣaṣban.
18,80,Wa ʼamma al-ɣulamu fakana ʼabawahu muʼminayni faxacina ʼan yurhiqahuma ṭuɣyanan wa kufran.
18,81,Faʼaradna ʼan yubdilahuma rabbuhuma xayran minhu zakatan wa ʼaqraba ruḥman.
18,82,Wa ʼamma al-jidaru fakana liɣulamayni yatimayni fi al-madinati wa kana taḥtahu kanzun lahuma wa kana ʼabuhuma ṣaliḥan faʼarada rabbuka ʼan yabluɣa ʼacuddahuma wa yastaxrija kanzahuma raḥmatan min rabbika wa ma faɛaltuhu ɛan ʼamri ḏalika taʼwilu ma lam tasṭiɛ ɛalayhi ṣabran.
18,83,Wa yasʼalunaka ɛan ḏi al-qarnayni qul saʼatlu ɛalaykum minhu ḏikran.
18,84,ʼinna makkanna lahu fi al-ʼarḍi wa ʼataynahu min kulli cayʼin sababan.
18,85,Faʼatbaɛa sababan.
18,86,Ḥatta ʼiḏa balaɣa maɣriba ac-camsi wajadaha taɣrubu fi ɛaynin ḥamiʼatin wa wajada ɛindaha qawman qulna ya ḏa al-qarnayni ʼimma ʼan tuɛaḏḏiba wa ʼimma ʼan tattaxiḏa fihim ḥusnan.
18,87,Qala ʼamma man ḏ̣alama fasawfa nuɛaḏḏibuhu ṯumma yuraddu ʼila rabbihi fayuɛaḏḏibuhu ɛaḏaban nukran.
18,88,Wa ʼamma man ʼamana wa ɛamila ṣaliḥan falahu jazaʼan al-ḥusna wa sanaqulu lahu min ʼamrina yusran.
18,89,Ṯumma ʼatbaɛa sababan.
18,90,Ḥatta ʼiḏa balaɣa maṭliɛa ac-camsi wajadaha taṭluɛu ɛala qawmin lam najɛal lahum min duniha sitran.
18,91,Kaḏalika wa qad ʼaḥaṭna bima ladayhi xubran.
18,92,Ṯumma ʼatbaɛa sababan.
18,93,Ḥatta ʼiḏa balaɣa bayna as-saddayni wajada min dunihima qawman la yakaduna yafqahuna qawlan.
18,94,Qalu ya ḏa al-qarnayni ʼinna yaʼjuja wa maʼjuja mufsiduna fi al-ʼarḍi fahal najɛalu laka xarjan ɛala ʼan tajɛala baynana wa baynahum saddan.
18,95,Qala ma makkanani fihi rabbi xayrun faʼaɛinuni biquwatin ʼajɛal baynakum wa baynahum radman.
18,96,ʼatuni zubara al-ḥadidi ḥatta ʼiḏa sawa bayna aṣ-ṣadafayni qala anfuxu ḥatta ʼiḏa jaɛalahu naran qala ʼatuni ʼufriɣ ɛalayhi qiṭran.
18,97,Fama asṭaɛu ʼan yaḏ̣haruhu wa ma astaṭaɛu lahu naqban.
18,98,Qala haḏa raḥmatun min rabbi faʼiḏa jaʼa waɛdu rabbi jaɛalahu dakkaʼa wa kana waɛdu rabbi ḥaqqan.
18,99,Wa tarakna baɛḍahum yawmaʼiḏin yamuju fi baɛḍin wa nufixa fi aṣ-ṣuri fajamaɛnahum jamɛan.
18,100,Wa ɛaraḍna jahannama yawmaʼiḏin lilkafirina ɛarḍan.
18,101,Al-laḏina kanat ʼaɛyunuhum fi ɣiṭaʼin ɛan ḏikri wa kanu la yastaṭiɛuna samɛan.
18,102,ʼafaḥasiba al-laḏina kafaru ʼan yattaxiḏu ɛibadi min duni ʼawliyaʼa ʼinna ʼaɛtadna jahannama lilkafirina nuzulan.
18,103,Qul hal nunabbiʼukum bil-ʼaxsarina ʼaɛmalan.
18,104,Al-laḏina ḍalla saɛyuhum fi al-ḥayati ad-dunya wa hum yaḥsabuna ʼannahum yuḥsinuna ṣunɛan.
18,105,ʼulaʼika al-laḏina kafaru biʼayati rabbihim wa liqaʼihi faḥabiṭat ʼaɛmaluhum fala nuqimu lahum yawma al-qiyamati waznan.
18,106,Ḏalika jazaʼuuhum jahannamu bima kafaru wa attaxaḏu ʼayati wa rusuli huzuan.
18,107,ʼinna al-laḏina ʼamanu wa ɛamilu aṣ-ṣaliḥati kanat lahum jannatu al-firdawsi nuzulan.
18,108,Xalidina fiha la yabɣuna ɛanha ḥiwalan.
18,109,Qul law kana al-baḥru midadan likalimati rabbi lanafida al-baḥru qabla ʼan tanfada kalimatu rabbi wa law jiʼna bimiṯlihi madadan.
18,110,Qul ʼinnama ʼana bacarun miṯlukum yuḥa ʼilayya ʼannama ʼilahukum ʼilahun waḥidun faman kana yarju liqaʼa rabbihi falyaɛmal ɛamalan ṣaliḥan wa la yucrik biɛibadati rabbihi ʼaḥadan.
19,1,Kaf-ha-ya-ɛayn-ṣad.
19,2,Ḏikru raḥmati rabbika ɛabdahu zakariy.
19,3,ʼiḏ nada rabbahu nidaʼan xafiyan.
19,4,Qala rabbi ʼinni wahana al-ɛaḏ̣mu minni wa actaɛala ar-raʼsu cayban wa lam ʼakun biduɛaʼika rabbi caqiyan.
19,5,Wa ʼinni xiftu al-mawaliya min waraʼi wa kanat amraʼati ɛaqiran fahab li min ladunka waliyan.
19,6,Yariṯuni wa yariṯu min ʼali yaɛquba wa ajɛalhu rabbi raḍiyan.
19,7,Ya zakariya ʼinna nubacciruka biɣulamin asmuhu yaḥya lam najɛal lahu min qablu samiyan.
19,8,Qala rabbi ʼanna yakunu li ɣulamun wa kanat amraʼati ɛaqiran wa qad balaɣtu mina al-kibari ɛitiyan.
19,9,Qala kaḏalika qala rabbuka huwa ɛalayya hayyinun wa qad xalaqtuka min qablu wa lam taku cayʼan.
19,10,Qala rabbi ajɛal li ʼayatan qala ʼayatuka ʼalla tukallima an-nasa ṯalaṯa layalin sawiyan.
19,11,Faxaraja ɛala qawmihi mina al-miḥrabi faʼawḥa ʼilayhim ʼan sabbiḥu bukratan wa ɛaciyan.
19,12,Ya yaḥya xuḏ al-kitaba biquwatin wa ʼataynahu al-ḥukma ṣabiyan.
19,13,Wa ḥananan min ladunna wa zakatan wa kana taqiyan.
19,14,Wa barran biwalidayhi wa lam yakun jabbaran ɛaṣiyan.
19,15,Wa salamun ɛalayhi yawma wulida wa yawma yamutu wa yawma yubɛaṯu ḥayyan.
19,16,Wa aḏkur fi al-kitabi maryama ʼiḏ antabaḏat min ʼahliha makanan carqiyan.
19,17,Fattaxaḏat min dunihim ḥijaban faʼarsalna ʼilayha ruḥana fatamaṯṯala laha bacaran sawiyan.
19,18,Qalat ʼinni ʼaɛuḏu bir-raḥmani minka ʼin kunta taqiyan.
19,19,Qala ʼinnama ʼana rasulu rabbiki liʼhaba laki ɣulaman zakiyan.
19,20,Qalat ʼanna yakunu li ɣulamun wa lam yamsasni bacarun wa lam ʼaku baɣiyan.
19,21,Qala kaḏaliki qala rabbuki huwa ɛalayya hayyinun wa linajɛalahu ʼayatan lilnnasi wa raḥmatan minna wa kana ʼamran maqḍiyan.
19,22,Faḥamalat/hu fantabaḏat bihi makanan qaṣiyan.
19,23,Faʼajaʼaha al-maxaḍu ʼila jiḏɛi an-naxlati qalat ya laytani mittu qabla haḏa wa kuntu nasyan mansiyan.
19,24,Fanadaha min taḥtiha ʼalla taḥzani qad jaɛala rabbuki taḥtaki sariyan.
19,25,Wa huzzi ʼilayki bijiḏɛi an-naxlati tusaqiṭ ɛalayki ruṭaban janiyan.
19,26,Fakuli wa acrabi wa qarri ɛaynan faʼimma taraynna mina al-bacari ʼaḥadan faquli ʼinni naḏartu lilrraḥmani ṣawman falan ʼukallima al-yawma ʼinsiyan.
19,27,Faʼatat bihi qawmaha taḥmiluhu qalu ya maryamu laqad jiʼti cayʼan fariyan.
19,28,Ya ʼuxta haruna ma kana ʼabuki amraʼa sawʼin wa ma kanat ʼummuki baɣiyan.
19,29,Faʼacarat ʼilayhi qalu kayfa nukallimu man kana fi al-mahdi ṣabiyan.
19,30,Qala ʼinni ɛabdu Allahi ʼataniya al-kitaba wa jaɛalani nabiyan.
19,31,Wa jaɛalani mubarakan ʼayna ma kuntu wa ʼawṣani biṣ-ṣalati wa az-zakati ma dumtu ḥayyan.
19,32,Wa barran biwalidati wa lam yajɛalni jabbaran caqiyan.
19,33,Wa as-salamu ɛalayya yawma wulidtu wa yawma ʼamutu wa yawma ʼubɛaṯu ḥayyan.
19,34,Ḏalika ɛisa abnu maryama qawla al-ḥaqqi al-laḏi fihi yamtarun.
19,35,Ma kana Lillahi ʼan yattaxiḏa min waladin subḥanahu ʼiḏa qaḍa ʼamran faʼinnama yaqulu lahu kun fayakun.
19,36,Wa ʼinna Allaha rabbi wa rabbukum faɛbuduhu haḏa ṣiraṭun mustaqimun.
19,37,Faxtalafa al-ʼaḥzabu min baynihim fawaylun lillaḏina kafaru min mac/hadi yawmin ɛaḏ̣imin.
19,38,ʼasmiɛ bihim wa ʼabṣir yawma yaʼtunana lakin aḏ̣-ḏ̣alimuna al-yawma fi ḍalalin mubinin.
19,39,Wa ʼanḏirhum yawma al-ḥasrati ʼiḏ quḍiya al-ʼamru wa hum fi ɣaflatin wa hum la yuʼminun.
19,40,ʼinna naḥnu nariṯu al-ʼarḍa wa man ɛalayha wa ʼilayna yurjaɛun.
19,41,Wa aḏkur fi al-kitabi ʼibrahima ʼinnahu kana ṣiddiqan nabiyan.
19,42,ʼiḏ qala liʼabihi ya ʼabati lima taɛbudu ma la yasmaɛu wa la yubṣiru wa la yuɣni ɛanka cayʼan.
19,43,Ya ʼabati ʼinni qad jaʼani mina al-ɛilmi ma lam yaʼtika fa attabiɛni ʼahdika ṣiraṭan sawiyan.
19,44,Ya ʼabati la taɛbud ac-cayṭana ʼinna ac-cayṭana kana lilrraḥmani ɛaṣiyan.
19,45,Ya ʼabati ʼinni ʼaxafu ʼan yamassaka ɛaḏabun mina ar-raḥmani fatakuna lilccayṭani waliyan.
19,46,Qala ʼaraɣibun ʼanta ɛan ʼalihati ya ʼibrahimu laʼin lam tantahi laʼarjumannaka wa ahjurni maliyan.
19,47,Qala salamun ɛalayka saʼastaɣfiru laka rabbi ʼinnahu kana bi ḥafiyan.
19,48,Wa ʼaɛtazilukum wa ma tadɛuna min duni Allahi wa ʼadɛu rabbi ɛasa ʼalla ʼakuna biduɛaʼi rabbi caqiyan.
19,49,Falamma aɛtazalahum wa ma yaɛbuduna min duni Allahi wahabna lahu ʼisḥaqa wa yaɛquba wa kulla jaɛalna nabiyan.
19,50,Wa wahabna lahum min raḥmatina wa jaɛalna lahum lisana ṣidqin ɛaliyan.
19,51,Wa aḏkur fi al-kitabi musa ʼinnahu kana muxlaṣan wa kana rasulan nabiyan.
19,52,Wa nadaynahu min janibi aṭ-ṭuri al-ʼaymani wa qarrabnahu najiyan.
19,53,Wa wahabna lahu min raḥmatina ʼaxahu haruna nabiyan.
19,54,Wa aḏkur fi al-kitabi ʼismaɛila ʼinnahu kana ṣadiqa al-waɛdi wa kana rasulan nabiyan.
19,55,Wa kana yaʼmuru ʼahlahu biṣ-ṣalati wa az-zakati wa kana ɛinda rabbihi marḍiyan.
19,56,Wa aḏkur fi al-kitabi ʼidrisa ʼinnahu kana ṣiddiqan nabiyan.
19,57,Wa rafaɛnahu makanan ɛaliyan.
19,58,ʼulaʼika al-laḏina ʼanɛama Allahu ɛalayhim mina an-nabiyina min ḏurriyati ʼadama wa mimman ḥamalna maɛa nuḥin wa min ḏurriyati ʼibrahima wa ʼisraʼila wa mimman hadayna wa ajtabayna ʼiḏa tutla ɛalayhim ʼayatu ar-raḥmani xarru sujjadan wa bukiyan.
19,59,Faxalafa min baɛdihim xalfun ʼaḍaɛu aṣ-ṣalata wa attabaɛu ac-cahawati fasawfa yalqawna ɣayyan.
19,60,ʼilla man taba wa ʼamana wa ɛamila ṣaliḥan faʼulaʼika yadxuluna al-jannata wa la yuḏ̣lamuna cayʼan.
19,61,Jannati ɛadnin allati waɛada ar-raḥmanu ɛibadahu bil-ɣaybi ʼinnahu kana waɛduhu maʼtiyan.
19,62,La yasmaɛuna fiha laɣwan ʼilla salaman wa lahum rizquhum fiha bukratan wa ɛaciyan.
19,63,Tilka al-jannatu allati nuriṯu min ɛibadina man kana taqiyan.
19,64,Wa ma natanazzalu ʼilla biʼamri rabbika lahu ma bayna ʼaydina wa ma xalfana wa ma bayna ḏalika wa ma kana rabbuka nasiyan.
19,65,Rabbu as-samawati wa al-ʼarḍi wa ma baynahuma faɛbud/hu wa aṣṭabir liɛibadatihi hal taɛlamu lahu samiyan.
19,66,Wa yaqulu al-ʼinsanu ʼaʼiḏa ma mittu lasawfa ʼuxraju ḥayyan.
19,67,ʼawala yaḏkuru al-ʼinsanu ʼanna xalaqnahu min qablu wa lam yaku cayʼan.
19,68,Fawarabbika lanaḥcurannahum wa ac-cayaṭina ṯumma lanuḥḍirannahum ḥawla jahannama jiṯiyan.
19,69,Ṯumma lananziɛanna min kulli ciɛatin ʼayyuhum ʼacaddu ɛala ar-raḥmani ɛitiyan.
19,70,Ṯumma lanaḥnu ʼaɛlamu bial-laḏina hum ʼawla biha ṣiliyan.
19,71,Wa ʼin minkum ʼilla wa ariduha kana ɛala rabbika ḥatman maqḍiyan.
19,72,Ṯumma nunajji al-laḏina attaqaw wa naḏaru aḏ̣-ḏ̣alimina fiha jiṯiyan.
19,73,Wa ʼiḏa tutla ɛalayhim ʼayatuna bayyinatin qala al-laḏina kafaru lillaḏina ʼamanu ʼayyu al-fariqayni xayrun maqaman wa ʼaḥsanu nadiyan.
19,74,Wa kam ʼahlakna qablahum min qarnin hum ʼaḥsanu ʼaṯaṯan wa riʼyan.
19,75,Qul man kana fi aḍ-ḍalalati falyamdud lahu ar-raḥmanu maddan ḥatta ʼiḏa raʼaw ma yuɛaduna ʼimma al-ɛaḏaba wa ʼimma as-saɛata fasayaɛlamuna man huwa carrun makanan wa ʼaḍɛafu jundan.
19,76,Wa yazidu Allahu al-laḏina ahtadaw hudan wa al-baqiyatu aṣ-ṣaliḥatu xayrun ɛinda rabbika ṯawaban wa xayrun maraddan.
19,77,ʼafaraʼayta al-laḏi kafara biʼayatina wa qala laʼutayanna malan wa waladan.
19,78,ʼaṭṭalaɛa al-ɣayba ʼam attaxaḏa ɛinda ar-raḥmani ɛahdan.
19,79,Kalla sanaktubu ma yaqulu wa namuddu lahu mina al-ɛaḏabi maddan.
19,80,Wa nariṯuhu ma yaqulu wa yaʼtina fardan.
19,81,Wa attaxaḏu min duni Allahi ʼalihatan liyakunu lahum ɛizzan.
19,82,Kalla sayakfuruna biɛibadatihim wa yakununa ɛalayhim ḍiddan.
19,83,ʼalam tara ʼanna ʼarsalna ac-cayaṭina ɛala al-kafirina taʼuuzzuhum ʼazzan.
19,84,Fala taɛjal ɛalayhim ʼinnama naɛuddu lahum ɛaddan.
19,85,Yawma naḥcuru al-muttaqina ʼila ar-raḥmani wafdan.
19,86,Wa nasuqu al-mujrimina ʼila jahannama wirdan.
19,87,La yamlikuna ac-cafaɛata ʼilla man attaxaḏa ɛinda ar-raḥmani ɛahdan.
19,88,Wa qalu attaxaḏa ar-raḥmanu waladan.
19,89,Laqad jiʼtum cayʼan ʼiddan.
19,90,Takadu as-samawatu yatafaṭṭarna minhu wa tancaqqu al-ʼarḍu wa taxirru al-jibalu haddan.
19,91,ʼan daɛaw lilrraḥmani waladan.
19,92,Wa ma yanbaɣi lilrraḥmani ʼan yattaxiḏa waladan.
19,93,ʼin kullu man fi as-samawati wa al-ʼarḍi ʼilla ʼati ar-raḥmani ɛabdan.
19,94,Laqad ʼaḥṣahum wa ɛaddahum ɛaddan.
19,95,Wa kulluhum ʼatihi yawma al-qiyamati fardan.
19,96,ʼinna al-laḏina ʼamanu wa ɛamilu aṣ-ṣaliḥati sayajɛalu lahum ar-raḥmanu wuddan.
19,97,Faʼinnama yassarnahu bilisanika litubaccira bihi al-muttaqina wa tunḏira bihi qawman luddan.
19,98,Wa kam ʼahlakna qablahum min qarnin hal tuḥissu minhum min ʼaḥadin ʼaw tasmaɛu lahum rikzan.
20,1,Ṭah.
20,2,Ma ʼanzalna ɛalayka al-qurʼana litacqa.
20,3,ʼilla taḏkiratan liman yaxca.
20,4,Tanzilan mimman xalaqa al-ʼarḍa wa as-samawati al-ɛul.
20,5,Ar-raḥmanu ɛala al-ɛarci astawa.
20,6,Lahu ma fi as-samawati wa ma fi al-ʼarḍi wa ma baynahuma wa ma taḥta aṯ-ṯara.
20,7,Wa ʼin tajhar bil-qawli faʼinnahu yaɛlamu as-sirra wa ʼaxfa.
20,8,Allahu la ʼilaha ʼilla huwa lahu al-ʼasmaʼu al-ḥusna.
20,9,Wa hal ʼataka ḥadiṯu musa.
20,10,ʼiḏ raʼa naran faqala liʼhlihi amkuṯu ʼinni ʼanastu naran laɛalli ʼatikum minha biqabasin ʼaw ʼajidu ɛala an-nari hudan.
20,11,Falamma ʼataha nudi ya musa.
20,12,ʼinni ʼana rabbuka faxlaɛ naɛlayka ʼinnaka bil-wadi al-muqaddasi ṭuwan.
20,13,Wa ʼana axtartuka fastamiɛ lima yuḥa.
20,14,ʼinnani ʼana Allahu la ʼilaha ʼilla ʼana faɛbudni wa ʼaqim aṣ-ṣalata liḏikr.
20,15,ʼinna as-saɛata ʼatiyatun ʼakadu ʼuxfiha litujza kullu nafsin bima tasɛa.
20,16,Fala yaṣuddannaka ɛanha man la yuʼminu biha wa attabaɛa hawahu fatarda.
20,17,Wa ma tilka biyaminika ya musa.
20,18,Qala hiya ɛaṣaya ʼatawakkaʼu ɛalayha wa ʼahuccu biha ɛala ɣanami wa liya fiha maʼaribu ʼuxra.
20,19,Qala ʼalqiha ya musa.
20,20,Faʼalqaha faʼiḏa hiya ḥayyatun tasɛa.
20,21,Qala xuḏ/ha wa la taxaf sanuɛiduha sirataha al-ʼula.
20,22,Wa aḍmum yadaka ʼila janaḥika taxruj bayḍaʼa min ɣayri suʼin ʼayatan ʼuxra.
20,23,Linuriyaka min ʼayatina al-kubra.
20,24,Aḏ/hab ʼila firɛawna ʼinnahu ṭaɣa.
20,25,Qala rabbi acraḥ li ṣadr.
20,26,Wa yassir li ʼamr.
20,27,Wa aḥlul ɛuqdatan min lisan.
20,28,Yafqahu qawl.
20,29,Wa ajɛal li waziran min ʼahl.
20,30,Haruna ʼax.
20,31,Acdud bihi ʼazr.
20,32,Wa ʼacrik/hu fi ʼamr.
20,33,Kay nusabbiḥaka kaṯiran.
20,34,Wa naḏkuraka kaṯiran.
20,35,ʼinnaka kunta bina baṣiran.
20,36,Qala qad ʼutita suʼlaka ya musa.
20,37,Wa laqad mananna ɛalayka marratan ʼuxra.
20,38,ʼiḏ ʼawḥayna ʼila ʼummika ma yuḥa.
20,39,ʼan aqḏifihi fi at-tabuti faqḏifihi fi al-yammi falyulqihi al-yammu bis-saḥili yaʼxuḏ/hu ɛaduwun li waɛaduwun lahu wa ʼalqaytu ɛalayka maḥabbatan minni wa lituṣnaɛa ɛala ɛayn.
20,40,ʼiḏ tamci ʼuxtuka fataqulu hal ʼadullukum ɛala man yakfuluhu farajaɛnaka ʼila ʼummika kay taqarra ɛaynuha wa la taḥzana wa qatalta nafsan fanajjaynaka mina al-ɣammi wa fatannaka futunan falabiṯta sinina fi ʼahli madyana ṯumma jiʼta ɛala qadarin ya musa.
20,41,Wa aṣṭanaɛtuka linafs.
20,42,Aḏ/hab ʼanta wa ʼaxuka biʼayati wa la taniya fi ḏikr.
20,43,Aḏ/haba ʼila firɛawna ʼinnahu ṭaɣa.
20,44,Faqula lahu qawlan layyinan laɛallahu yataḏakkaru ʼaw yaxca.
20,45,Qala rabbana ʼinnana naxafu ʼan yafruṭa ɛalayna ʼaw ʼan yaṭɣa.
20,46,Qala la taxafa ʼinnani maɛakuma ʼasmaɛu wa ʼara.
20,47,Faʼtiyahu faqula ʼinna rasula rabbika faʼarsil maɛana bani ʼisraʼila wa la tuɛaḏḏibhum qad jiʼnaka biʼayatin min rabbika wa as-salamu ɛala man attabaɛa al-huda.
20,48,ʼinna qad ʼuḥiya ʼilayna ʼanna al-ɛaḏaba ɛala man kaḏḏaba wa tawalla.
20,49,Qala faman rabbukuma ya musa.
20,50,Qala rabbuna al-laḏi ʼaɛṭa kulla cayʼin xalqahu ṯumma hada.
20,51,Qala fama balu al-quruni al-ʼula.
20,52,Qala ɛilmuha ɛinda rabbi fi kitabin la yaḍillu rabbi wa la yansa.
20,53,Al-laḏi jaɛala lakum al-ʼarḍa mahdan wa salaka lakum fiha subulan wa ʼanzala mina as-samaʼi maʼan faʼaxrajna bihi ʼazwajan min nabatin catta.
20,54,Kulu wa arɛaw ʼanɛamakum ʼinna fi ḏalika lʼayatin liʼwli an-nuha.
20,55,Minha xalaqnakum wa fiha nuɛidukum wa minha nuxrijukum taratan ʼuxra.
20,56,Wa laqad ʼaraynahu ʼayatina kullaha fakaḏḏaba wa ʼaba.
20,57,Qala ʼajiʼtana lituxrijana min ʼarḍina bisiḥrika ya musa.
20,58,Falanaʼtiyannaka bisiḥrin miṯlihi fajɛal baynana wa baynaka mawɛidan la nuxlifuhu naḥnu wa la ʼanta makanan suwan.
20,59,Qala mawɛidukum yawmu az-zinati wa ʼan yuḥcara an-nasu ḍuḥan.
20,60,Fatawalla firɛawnu fajamaɛa kaydahu ṯumma ʼata.
20,61,Qala lahum musa waylakum la taftaru ɛala Allahi kaḏiban fayusḥitakum biɛaḏabin wa qad xaba man aftara.
20,62,Fatanazaɛu ʼamrahum baynahum wa ʼasarru an-najwa.
20,63,Qalu ʼin haḏani lasaḥirani yuridani ʼan yuxrijakum min ʼarḍikum bisiḥrihima wa yaḏ/haba biṭariqatikum al-muṯla.
20,64,Faʼajmiɛu kaydakum ṯumma aʼtu ṣaffan wa qad ʼaflaḥa al-yawma man astaɛla.
20,65,Qalu ya musa ʼimma ʼan tulqiya wa ʼimma ʼan nakuna ʼawwala man ʼalqa.
20,66,Qala bal ʼalqu faʼiḏa ḥibaluhum wa ɛiṣiyuhum yuxayyalu ʼilayhi min siḥrihim ʼannaha tasɛa.
20,67,Faʼawjasa fi nafsihi xifatan musa.
20,68,Qulna la taxaf ʼinnaka ʼanta al-ʼaɛla.
20,69,Wa ʼalqi ma fi yaminika talqaf ma ṣanaɛu ʼinnama ṣanaɛu kaydu saḥirin wa la yufliḥu as-saḥiru ḥayṯu ʼata.
20,70,Faʼulqiya as-saḥaratu sujjadan qalu ʼamanna birabbi haruna wa musa.
20,71,Qala ʼamantum lahu qabla ʼan ʼaḏana lakum ʼinnahu lakabirukum al-laḏi ɛallamakum as-siḥra falaʼuqaṭṭiɛanna ʼaydiyakum wa ʼarjulakum min xilafin wa laʼuṣallibannakum fi juḏuɛi an-naxli wa lataɛlamunna ʼayyuna ʼacaddu ɛaḏaban wa ʼabqa.
20,72,Qalu lan nuʼṯiraka ɛala ma jaʼana mina al-bayyinati wa al-laḏi faṭarana faqḍi ma ʼanta qaḍin ʼinnama taqḍi haḏihi al-ḥayata ad-duny.
20,73,ʼinna ʼamanna birabbina liyaɣfira lana xaṭayana wa ma ʼakrahtana ɛalayhi mina as-siḥri wa Allahu xayrun wa ʼabqa.
20,74,ʼinnahu man yaʼti rabbahu mujriman faʼinna lahu jahannama la yamutu fiha wa la yaḥy.
20,75,Wa man yaʼtihi muʼminan qad ɛamila aṣ-ṣaliḥati faʼulaʼika lahum ad-darajatu al-ɛul.
20,76,Jannatu ɛadnin tajri min taḥtiha al-ʼanharu xalidina fiha wa ḏalika jazaʼu man tazakka.
20,77,Wa laqad ʼawḥayna ʼila musa ʼan ʼasri biɛibadi faḍrib lahum ṭariqan fi al-baḥri yabasan la taxafu darakan wa la taxca.
20,78,Faʼatbaɛahum firɛawnu bijunudihi faɣaciyahum mina al-yammi ma ɣaciyahum.
20,79,Wa ʼaḍalla firɛawnu qawmahu wa ma hada.
20,80,Ya bani ʼisraʼila qad ʼanjaynakum min ɛaduwikum wa waɛadnakum janiba aṭ-ṭuri al-ʼaymana wa nazzalna ɛalaykum al-manna wa as-salwa.
20,81,Kulu min ṭayyibati ma razaqnakum wa la taṭɣaw fihi fayaḥilla ɛalaykum ɣaḍabi wa man yaḥlil ɛalayhi ɣaḍabi faqad hawa.
20,82,Wa ʼinni laɣaffarun liman taba wa ʼamana wa ɛamila ṣaliḥan ṯumma ahtada.
20,83,Wa ma ʼaɛjalaka ɛan qawmika ya musa.
20,84,Qala hum ʼulaʼi ɛala ʼaṯari wa ɛajiltu ʼilayka rabbi litarḍa.
20,85,Qala faʼinna qad fatanna qawmaka min baɛdika wa ʼaḍallahum as-samiriy.
20,86,Farajaɛa musa ʼila qawmihi ɣaḍbana ʼasifan qala ya qawmi ʼalam yaɛidkum rabbukum waɛdan ḥasanan ʼafaṭala ɛalaykum al-ɛahdu ʼam ʼaradtum ʼan yaḥilla ɛalaykum ɣaḍabun min rabbikum faʼaxlaftum mawɛid.
20,87,Qalu ma ʼaxlafna mawɛidaka bimalkina wa lakinna ḥummilna ʼawzaran min zinati al-qawmi faqaḏafnaha fakaḏalika ʼalqa as-samiriy.
20,88,Faʼaxraja lahum ɛijlan jasadan lahu xuwarun faqalu haḏa ʼilahukum wa ʼilahu musa fanasiy.
20,89,ʼafala yarawna ʼalla yarjiɛu ʼilayhim qawlan wa la yamliku lahum ḍarran wa la nafɛan.
20,90,Wa laqad qala lahum harunu min qablu ya qawmi ʼinnama futintum bihi wa ʼinna rabbakum ar-raḥmanu fa attabiɛuni wa ʼaṭiɛu ʼamr.
20,91,Qalu lan nabraḥa ɛalayhi ɛakifina ḥatta yarjiɛa ʼilayna musa.
20,92,Qala ya harunu ma manaɛaka ʼiḏ raʼaytahum ḍall.
20,93,ʼalla tattabiɛani ʼafaɛaṣayta ʼamr.
20,94,Qala yabnaʼuumma la taʼxuḏ biliḥyati wa la biraʼsi ʼinni xacitu ʼan taqula farraqta bayna bani ʼisraʼila wa lam tarqub qawl.
20,95,Qala fama xaṭbuka ya samiriy.
20,96,Qala baṣurtu bima lam yabṣuru bihi faqabaḍtu qabḍatan min ʼaṯari ar-rasuli fanabaḏtuha wa kaḏalika sawwalat li nafs.
20,97,Qala faḏ/hab faʼinna laka fi al-ḥayati ʼan taqula la misasa wa ʼinna laka mawɛidan lan tuxlafahu wa anḏ̣ur ʼila ʼilahika al-laḏi ḏ̣alta ɛalayhi ɛakifan lanuḥarriqannahu ṯumma lanansifannahu fi al-yammi nasfan.
20,98,ʼinnama ʼilahukum Allahu al-laḏi la ʼilaha ʼilla huwa wasiɛa kulla cayʼin ɛilman.
20,99,Kaḏalika naquṣṣu ɛalayka min ʼanbaʼi ma qad sabaqa wa qad ʼataynaka min ladunna ḏikran.
20,100,Man ʼaɛraḍa ɛanhu faʼinnahu yaḥmilu yawma al-qiyamati wizran.
20,101,Xalidina fihi wa saʼa lahum yawma al-qiyamati ḥimlan.
20,102,Yawma yunfaxu fi aṣ-ṣuri wa naḥcuru al-mujrimina yawmaʼiḏin zurqan.
20,103,Yataxafatuna baynahum ʼin labiṯtum ʼilla ɛacran.
20,104,Naḥnu ʼaɛlamu bima yaquluna ʼiḏ yaqulu ʼamṯaluhum ṭariqatan ʼin labiṯtum ʼilla yawman.
20,105,Wa yasʼalunaka ɛan al-jibali faqul yansifuha rabbi nasfan.
20,106,Fayaḏaruha qaɛan ṣafṣafan.
20,107,La tara fiha ɛiwajan wa la ʼamtan.
20,108,Yawmaʼiḏin yattabiɛuna ad-daɛi la ɛiwaja lahu wa xacaɛat al-ʼaṣwatu lilrraḥmani fala tasmaɛu ʼilla hamsan.
20,109,Yawmaʼiḏin la tanfaɛu ac-cafaɛatu ʼilla man ʼaḏina lahu ar-raḥmanu wa raḍiya lahu qawlan.
20,110,Yaɛlamu ma bayna ʼaydihim wa ma xalfahum wa la yuḥiṭuna bihi ɛilman.
20,111,Wa ɛanat al-wujuhu lilḥayyi al-qayyumi wa qad xaba man ḥamala ḏ̣ulman.
20,112,Wa man yaɛmal mina aṣ-ṣaliḥati wa huwa muʼminun fala yaxafu ḏ̣ulman wa la haḍman.
20,113,Wa kaḏalika ʼanzalnahu qurʼanan ɛarabiyan wa ṣarrafna fihi mina al-waɛidi laɛallahum yattaquna ʼaw yuḥdiṯu lahum ḏikran.
20,114,Fataɛala Allahu al-maliku al-ḥaqqu wa la taɛjal bil-qurʼani min qabli ʼan yuqḍa ʼilayka waḥyuhu wa qul rabbi zidni ɛilman.
20,115,Wa laqad ɛahidna ʼila ʼadama min qablu fanasiya wa lam najid lahu ɛazman.
20,116,Wa ʼiḏ qulna lilmalaʼikati asjudu liʼdama fasajadu ʼilla ʼiblisa ʼaba.
20,117,Faqulna ya ʼadamu ʼinna haḏa ɛaduwun laka wa lizawjika fala yuxrijannakuma mina al-jannati fatacqa.
20,118,ʼinna laka ʼalla tajuɛa fiha wa la taɛra.
20,119,Wa ʼannaka la taḏ̣maʼu fiha wa la taḍḥa.
20,120,Fawaswasa ʼilayhi ac-cayṭanu qala ya ʼadamu hal ʼadulluka ɛala cajarati al-xuldi wa mulkin la yabla.
20,121,Faʼakala minha fabadat lahuma sawʼatuhuma wa ṭafiqa yaxṣifani ɛalayhima min waraqi al-jannati wa ɛaṣa ʼadamu rabbahu faɣawa.
20,122,Ṯumma ajtabahu rabbuhu fataba ɛalayhi wa hada.
20,123,Qala ahbiṭa minha jamiɛan baɛḍukum libaɛḍin ɛaduwun faʼimma yaʼtiyannakum minni hudan faman attabaɛa hudaya fala yaḍillu wa la yacqa.
20,124,Wa man ʼaɛraḍa ɛan ḏikri faʼinna lahu maɛicatan ḍankan wa naḥcuruhu yawma al-qiyamati ʼaɛma.
20,125,Qala rabbi lima ḥacartani ʼaɛma wa qad kuntu baṣiran.
20,126,Qala kaḏalika ʼatatka ʼayatuna fanasitaha wa kaḏalika al-yawma tunsa.
20,127,Wa kaḏalika najzi man ʼasrafa wa lam yuʼmin biʼayati rabbihi wa laɛaḏabu al-ʼaxirati ʼacaddu wa ʼabqa.
20,128,ʼafalam yahdi lahum kam ʼahlakna qablahum mina al-quruni yamcuna fi masakinihim ʼinna fi ḏalika lʼayatin liʼwli an-nuha.
20,129,Wa lawla kalimatun sabaqat min rabbika lakana lizaman wa ʼajalun musamman.
20,130,Faṣbir ɛala ma yaquluna wa sabbiḥ biḥamdi rabbika qabla ṭuluɛi ac-camsi wa qabla ɣurubiha wa min ʼanaʼi al-layli fasabbiḥ wa ʼaṭrafa an-nahari laɛallaka tarḍa.
20,131,Wa la tamuddanna ɛaynayka ʼila ma mattaɛna bihi ʼazwajan minhum zahrata al-ḥayati ad-dunya linaftinahum fihi wa rizqu rabbika xayrun wa ʼabqa.
20,132,Wa ʼmur ʼahlaka biṣ-ṣalati wa aṣṭabir ɛalayha la nasʼaluka rizqan naḥnu narzuquka wa al-ɛaqibatu lilttaqwa.
20,133,Wa qalu lawla yaʼtina biʼayatin min rabbihi ʼawalam taʼtihim bayyinatu ma fi aṣ-ṣuḥufi al-ʼula.
20,134,Wa law ʼanna ʼahlaknahum biɛaḏabin min qablihi laqalu rabbana lawla ʼarsalta ʼilayna rasulan fanattabiɛa ʼayatika min qabli ʼan naḏilla wa naxza.
20,135,Qul kullun mutarabbiṣun fatarabbaṣu fasataɛlamuna man ʼaṣḥabu aṣ-ṣiraṭi as-sawiyi wa man ahtada.
21,1,Aqtaraba lilnnasi ḥisabuhum wa hum fi ɣaflatin muɛriḍun.
21,2,Ma yaʼtihim min ḏikrin min rabbihim muḥdaṯin ʼilla astamaɛuhu wa hum yalɛabun.
21,3,Lahiyatan qulubuhum wa ʼasarru an-najwa al-laḏina ḏ̣alamu hal haḏa ʼilla bacarun miṯlukum ʼafataʼtuna as-siḥra wa ʼantum tubṣirun.
21,4,Qala rabbi yaɛlamu al-qawla fi as-samaʼi wa al-ʼarḍi wa huwa as-samiɛu al-ɛalim.
21,5,Bal qalu ʼaḍɣaṯu ʼaḥlamin bal aftarahu bal huwa caɛirun falyaʼtina biʼayatin kama ʼursila al-ʼawwalun.
21,6,Ma ʼamanat qablahum min qaryatin ʼahlaknaha ʼafahum yuʼminun.
21,7,Wa ma ʼarsalna qablaka ʼilla rijalan nuḥi ʼilayhim fasʼalu ʼahla aḏ-ḏikri ʼin kuntum la taɛlamun.
21,8,Wa ma jaɛalnahum jasadan la yaʼkuluna aṭ-ṭaɛama wa ma kanu xalidin.
21,9,Ṯumma ṣadaqnahum al-waɛda faʼanjaynahum wa man nacaʼu wa ʼahlakna al-musrifin.
21,10,Laqad ʼanzalna ʼilaykum kitaban fihi ḏikrukum ʼafala taɛqilun.
21,11,Wa kam qaṣamna min qaryatin kanat ḏ̣alimatan wa ʼancaʼna baɛdaha qawman ʼaxarin.
21,12,Falamma ʼaḥassu baʼsana ʼiḏa hum minha yarkuḍun.
21,13,La tarkuḍu wa arjiɛu ʼila ma ʼutriftum fihi wa masakinikum laɛallakum tusʼalun.
21,14,Qalu ya waylana ʼinna kunna ḏ̣alimina.mpʼ>(al-ʼanbya ʼ: .
21,15,Fama zalat tilka daɛwahum ḥatta jaɛalnahum ḥaṣidan xamidin.
21,16,Wa ma xalaqna as-samaʼa wa al-ʼarḍa wa ma baynahuma laɛibin.
21,17,Law ʼaradna ʼan nattaxiḏa lahwan lattaxaḏnahu min ladunna ʼin kunna faɛilin.
21,18,Bal naqḏifu bil-ḥaqqi ɛala al-baṭili fayadmaɣuhu faʼiḏa huwa zahiqun wa lakum al-waylu mimma taṣifun.
21,19,Wa lahu man fi as-samawati wa al-ʼarḍi wa man ɛindahu la yastakbiruna ɛan ɛibadatihi wa la yastaḥsirun.
21,20,Yusabbiḥuna al-layla wa an-nahara la yafturun.
21,21,ʼam attaxaḏu ʼalihatan mina al-ʼarḍi hum yuncirun.
21,22,Law kana fihima ʼalihatun ʼilla Allahu lafasadata fasubḥana Allahi rabbi al-ɛarci ɛamma yaṣifun.
21,23,La yusʼalu ɛamma yafɛalu wa hum yusʼalun.
21,24,ʼam attaxaḏu min dunihi ʼalihatan qul hatu burhanakum haḏa ḏikru man maɛiya wa ḏikru man qabli bal ʼakṯaruhum la yaɛlamuna al-ḥaqqa fahum muɛriḍun.
21,25,Wa ma ʼarsalna min qablika min rasul inʼilla nuḥi ʼilayhi ʼannahu la ʼilaha ʼilla ʼana faɛbudun.
21,26,Wa qalu attaxaḏa ar-raḥmanu waladan subḥanahu bal ɛibadun mukramun.
21,27,La yasbiqunahu bil-qawli wa hum biʼamrihi yaɛmalun.
21,28,Yaɛlamu ma bayna ʼaydihim wa ma xalfahum wa la yacfaɛuna ʼilla liman artaḍa wa hum min xacyatihi mucfiqun.
21,29,Wa man yaqul minhum ʼinni ʼilahun min dunihi faḏalika najzihi jahannama kaḏalika najzi aḏ̣-ḏ̣alimin.
21,30,ʼawalam yara al-laḏina kafaru ʼanna as-samawati wa al-ʼarḍa kanata ratqan fafataqnahuma wa jaɛalna mina al-maʼi kulla cayʼin ḥayyin ʼafala yuʼminun.
21,31,Wa jaɛalna fi al-ʼarḍi rawasiya ʼan tamida bihim wa jaɛalna fiha fijajan subulan laɛallahum yahtadun.
21,32,Wa jaɛalna as-samaʼa saqfan maḥfuḏ̣an wa hum ɛan ʼayatiha muɛriḍun.
21,33,Wa huwa al-laḏi xalaqa al-layla wa an-nahara wa ac-camsa wa al-qamara kullun fi falakin yasbaḥun.
21,34,Wa ma jaɛalna libacarin min qablika al-xulda ʼafaʼin mitta fahum al-xalidun.
21,35,Kullu nafsin ḏaʼiqatu al-mawti wa nablukum bic-carri wa al-xayri fitnatan wa ʼilayna turjaɛun.
21,36,Wa ʼiḏa raʼaka al-laḏina kafaru ʼin yattaxiḏunaka ʼilla huzuan ʼahaḏa al-laḏi yaḏkuru ʼalihatakum wa hum biḏikri ar-raḥmani hum kafirun.
21,37,Xuliqa al-ʼinsanu min ɛajalin saʼurikum ʼayati fala tastaɛjilun.
21,38,Wa yaquluna mata haḏa al-waɛdu ʼin kuntum ṣadiqin.
21,39,Law yaɛlamu al-laḏina kafaru ḥina la yakuffuna ɛan wujuhihim an-nara wa la ɛan ḏ̣uhurihim wa la hum yunṣarun.
21,40,Bal taʼtihim baɣtatan fatabhatuhum fala yastaṭiɛuna raddaha wa la hum yunḏ̣arun.
21,41,Wa laqad astuhziʼa birusulin min qablika faḥaqa bial-laḏina saxiru minhum ma kanu bihi yastahziʼun.
21,42,Qul man yaklaʼuukum bil-layli wa an-nahari mina ar-raḥmani bal hum ɛan ḏikri rabbihim muɛriḍun.
21,43,ʼam lahum ʼalihatun tamnaɛuhum min dunina la yastaṭiɛuna naṣra ʼanfusihim wa la hum minna yuṣḥabun.
21,44,Bal mattaɛna haʼuulaʼ wa ʼabaʼahum ḥatta ṭala ɛalayhim al-ɛumuru ʼafala yarawna ʼanna naʼti al-ʼarḍa nanquṣuha min ʼaṭrafiha ʼafahum al-ɣalibun.
21,45,Qul ʼinnama ʼunḏirukum bil-waḥyi wa la yasmaɛu aṣ-ṣummu ad-duɛaʼa ʼiḏa ma yunḏarun.
21,46,Wa laʼin massat/hum nafḥatun min ɛaḏabi rabbika layaqulunna ya waylana ʼinna kunna ḏ̣alimina.mpʼ>(al-ʼanbya ʼ: .
21,47,Wa naḍaɛu al-mawazina al-qisṭa liyawmi al-qiyamati fala tuḏ̣lamu nafsun cayʼan wa ʼin kana miṯqala ḥabbatin min xardalin ʼatayna biha wa kafa bina ḥasibin.
21,48,Wa laqad ʼatayna musa wa haruna al-furqana wa ḍiyaʼan wa ḏikran lilmuttaqin.
21,49,Al-laḏina yaxcawna rabbahum bil-ɣaybi wa hum mina as-saɛati mucfiqun.
21,50,Wa haḏa ḏikrun mubarakun ʼanzalnahu ʼafaʼantum lahu munkirun.
21,51,Wa laqad ʼatayna ʼibrahima rucdahu min qablu wa kunna bihi ɛalimin.
21,52,ʼiḏ qala liʼabihi wa qawmihi ma haḏihi at-tamaṯilu allati ʼantum laha ɛakifun.
21,53,Qalu wajadna ʼabaʼana laha ɛabidin.
21,54,Qala laqad kuntum ʼantum wa ʼabaʼuukum fi ḍalalin mubinin.
21,55,Qalu ʼajiʼtana bil-ḥaqqi ʼam ʼanta mina al-laɛibin.
21,56,Qala bal rabbukum rabbu as-samawati wa al-ʼarḍi al-laḏi faṭarahunna wa ʼana ɛala ḏalikum mina ac-cahidin.
21,57,Wa talllahi laʼakidanna ʼaṣnamakum baɛda ʼan tuwallu mudbirin.
21,58,Fajaɛalahum juḏaḏan ʼilla kabiran lahum laɛallahum ʼilayhi yarjiɛun.
21,59,Qalu man faɛala haḏa biʼalihatina ʼinnahu lamina aḏ̣-ḏ̣alimin.
21,60,Qalu samiɛna fatan yaḏkuruhum yuqalu lahu ʼibrahim.
21,61,Qalu faʼtu bihi ɛala ʼaɛyuni an-nasi laɛallahum yac/hadun.
21,62,Qalu ʼaʼanta faɛalta haḏa biʼalihatina ya ʼibrahimu.mpʼ>(al-ʼanbya ʼ: .
21,63,Qala bal faɛalahu kabiruhum haḏa fasʼaluhum ʼin kanu yanṭiqun.
21,64,Farajaɛu ʼila ʼanfusihim faqalu ʼinnakum ʼantum aḏ̣-ḏ̣alimun.
21,65,Ṯumma nukisu ɛala ruʼsihim laqad ɛalimta ma haʼuulaʼ yanṭiqun.
21,66,Qala ʼafataɛbuduna min duni Allahi ma la yanfaɛukum cayʼan wa la yaḍurrukum.
21,67,ʼuffin lakum wa lima taɛbuduna min duni Allahi ʼafala taɛqilun.
21,68,Qalu ḥarriquhu wa anṣuru ʼalihatakum ʼin kuntum faɛilin.
21,69,Qulna ya naru kuni bardan wa salaman ɛala ʼibrahim.
21,70,Wa ʼaradu bihi kaydan fajaɛalnahum al-ʼaxsarin.
21,71,Wa najjaynahu wa luṭan ʼila al-ʼarḍi allati barakna fiha lilɛalamin.
21,72,Wa wahabna lahu ʼisḥaqa wa yaɛquba nafilatan wa kullan jaɛalna ṣaliḥin.
21,73,Wa jaɛalnahum ʼaʼimmatan yahduna biʼamrina wa ʼawḥayna ʼilayhim fiɛla al-xayrati wa ʼiqama aṣ-ṣalati wa ʼitaʼa az-zakati wa kanu lana ɛabidin.
21,74,Wa luṭan ʼataynahu ḥukman wa ɛilman wa najjaynahu mina al-qaryati allati kanat taɛmalu al-xabaʼiṯa ʼinnahum kanu qawma sawʼin fasiqin.
21,75,Wa ʼadxalnahu fi raḥmatina ʼinnahu mina aṣ-ṣaliḥin.
21,76,Wa nuḥan ʼiḏ nada min qablu fastajabna lahu fanajjaynahu wa ʼahlahu mina al-karbi al-ɛaḏ̣im.
21,77,Wa naṣarnahu mina al-qawmi al-laḏina kaḏḏabu biʼayatina ʼinnahum kanu qawma sawʼin faʼaɣraqnahum ʼajmaɛin.
21,78,Wa dawuda wa sulaymana ʼiḏ yaḥkumani fi al-ḥarṯi ʼiḏ nafacat fihi ɣanamu al-qawmi wa kunna liḥukmihim cahidin.
21,79,Fafahhamnaha sulaymana wa kullan ʼatayna ḥukman wa ɛilman wa saxxarna maɛa dawuda al-jibala yusabbiḥna wa aṭ-ṭayra wa kunna faɛilin.
21,80,Wa ɛallamnahu ṣanɛata labusin lakum lituḥṣinakum min baʼsikum fahal ʼantum cakirun.
21,81,Wa lisulaymana ar-riḥa ɛaṣifatan tajri biʼamrihi ʼila al-ʼarḍi allati barakna fiha wa kunna bikulli cayʼin ɛalimin.
21,82,Wa mina ac-cayaṭini man yaɣuṣuna lahu wa yaɛmaluna ɛamalan duna ḏalika wa kunna lahum ḥafiḏ̣in.
21,83,Wa ʼayyuba ʼiḏ nada rabbahu ʼanni massani aḍ-ḍurru wa ʼanta ʼarḥamu ar-raḥimin.
21,84,Fastajabna lahu fakacafna ma bihi min ḍurrin wa ʼataynahu ʼahlahu wa miṯlahum maɛahum raḥmatan min ɛindina wa ḏikra lilɛabidin.
21,85,Wa ʼismaɛila wa ʼidrisa wa ḏa al-kifli kullun mina aṣ-ṣabirin.
21,86,Wa ʼadxalnahum fi raḥmatina ʼinnahum mina aṣ-ṣaliḥin.
21,87,Wa ḏa an-nuni ʼiḏ ḏahaba muɣaḍiban faḏ̣anna ʼan lan naqdira ɛalayhi fanada fi aḏ̣-ḏ̣ulumati ʼan la ʼilaha ʼilla ʼanta subḥanaka ʼinni kuntu mina aḏ̣-ḏ̣alimin.
21,88,Fastajabna lahu wa najjaynahu mina al-ɣammi wa kaḏalika nunji al-muʼminin.
21,89,Wa zakariya ʼiḏ nada rabbahu rabbi la taḏarni fardan wa ʼanta xayru al-wariṯin.
21,90,Fastajabna lahu wa wahabna lahu yaḥya wa ʼaṣlaḥna lahu zawjahu ʼinnahum kanu yusariɛuna fi al-xayrati wa yadɛunana raɣaban wa rahaban wa kanu lana xaciɛin.
21,91,Wa a-ati ʼaḥṣanat farjaha fanafaxna fiha min ruḥina wa jaɛalnaha wa abnaha ʼayatan lilɛalamin.
21,92,ʼinna haḏihi ʼummatukum ʼummatan waḥidatan wa ʼana rabbukum faɛbudun.
21,93,Wa taqaṭṭaɛu ʼamrahum baynahum kullun ʼilayna rajiɛun.
21,94,Faman yaɛmal mina aṣ-ṣaliḥati wa huwa muʼminun fala kufrana lisaɛyihi wa ʼinna lahu katibun.
21,95,Wa ḥaramun ɛala qaryatin ʼahlaknaha ʼannahum la yarjiɛun.
21,96,Ḥatta ʼiḏa futiḥat yaʼjuju wa maʼjuju wa hum min kulli ḥadabin yansilun.
21,97,Waqtaraba al-waɛdu al-ḥaqqu faʼiḏa hiya caxiṣatun ʼabṣaru al-laḏina kafaru ya waylana qad kunna fi ɣaflatin min haḏa bal kunna ḏ̣alimina.mpʼ>(al-ʼanbya ʼ: .
21,98,ʼinnakum wa ma taɛbuduna min duni Allahi ḥaṣabu jahannama ʼantum laha wa aridun.
21,99,Law kana haʼuulaʼ ʼalihatan ma waraduha wa kullun fiha xalidun.
21,100,Lahum fiha zafirun wa hum fiha la yasmaɛun.
21,101,ʼinna al-laḏina sabaqat lahum minna al-ḥusna ʼulaʼika ɛanha mubɛadun.
21,102,La yasmaɛuna ḥasisaha wa hum fi ma actahat ʼanfusuhum xalidun.
21,103,La yaḥzunuhum al-fazaɛu al-ʼakbaru wa tatalaqqahum al-malaʼikatu haḏa yawmukumu al-laḏi kuntum tuɛadun.
21,104,Yawma naṭwi as-samaʼa kaṭayyi as-sijilli lilkutubi kama badaʼna ʼawwala xalqin nuɛiduhu waɛdan ɛalayna ʼinna kunna faɛilin.
21,105,Wa laqad katabna fi az-zaburi min baɛdi aḏ-ḏikri ʼanna al-ʼarḍa yariṯuha ɛibadiya aṣ-ṣaliḥun.
21,106,ʼinna fi haḏa labalaɣan liqawmin ɛabidin.
21,107,Wa ma ʼarsalnaka ʼilla raḥmatan lilɛalamin.
21,108,Qul ʼinnama yuḥa ʼilayya ʼannama ʼilahukum ʼilahun waḥidun fahal ʼantum muslimun.
21,109,Faʼin tawallaw faqul ʼaḏantukum ɛala sawaʼin wa ʼin ʼadri ʼaqaribun ʼam baɛidun ma tuɛadun.
21,110,ʼinnahu yaɛlamu al-jahra mina al-qawli wa yaɛlamu ma taktumun.
21,111,Wa ʼin ʼadri laɛallahu fitnatun lakum wa mataɛun ʼila ḥinin.
21,112,Qala rabbi aḥkum bil-ḥaqqi wa rabbuna ar-raḥmanu al-mustaɛanu ɛala ma taṣifun.
22,1,Ya ʼayyuha an-nasu attaqu rabbakum ʼinna zalzalata as-saɛati cayʼun ɛaḏ̣imun.
22,2,Yawma tarawnaha taḏ/halu kullu murḍiɛatin ɛamma ʼarḍaɛat wa taḍaɛu kullu ḏati ḥamlin ḥamlaha wa tara an-nasa sukara wa ma hum bisukara wa lakinna ɛaḏaba Allahi cadidun.
22,3,Wa mina an-nasi man yujadilu fi Allahi biɣayri ɛilmin wa yattabiɛu kulla cayṭanin maridin.
22,4,Kutiba ɛalayhi ʼannahu man tawallahu faʼannahu yuḍilluhu wa yahdihi ʼila ɛaḏabi as-saɛir.
22,5,Ya ʼayyuha an-nasu ʼin kuntum fi raybin mina al-baɛṯi faʼinna xalaqnakum min turabin ṯumma min nuṭfatin ṯumma min ɛalaqatin ṯumma min muḍɣatin muxallaqatin wa ɣayri muxallaqatin linubayyina lakum wa nuqirru fi al-ʼarḥami ma nacaʼu ʼila ʼajalin musamman ṯumma nuxrijukum ṭiflan ṯumma litabluɣu ʼacuddakum wa minkum man yutawaffa wa minkum man yuraddu ʼila ʼarḏali al-ɛumuri likayla yaɛlama min baɛdi ɛilmin cayʼan wa tara al-ʼarḍa hamidatan faʼiḏa ʼanzalna ɛalayha al-maʼa ahtazzat wa rabat wa ʼanbatat min kulli zawjin bahijin.
22,6,Ḏalika biʼanna Allaha huwa al-ḥaqqu wa ʼannahu yuḥyi al-mawta wa ʼannahu ɛala kulli cayʼin qadirun.
22,7,Wa ʼanna as-saɛata ʼatiyatun la rayba fiha wa ʼanna Allaha yabɛaṯu man fi al-qubur.
22,8,Wa mina an-nasi man yujadilu fi Allahi biɣayri ɛilmin wa la hudan wa la kitabin munirin.
22,9,Ṯaniya ɛiṭfihi liyuḍilla ɛan sabili Allahi lahu fi ad-dunya xizyun wa nuḏiquhu yawma al-qiyamati ɛaḏaba al-ḥariq.
22,10,Ḏalika bima qaddamat yadaka wa ʼanna Allaha laysa biḏ̣allamin lilɛabid.
22,11,Wa mina an-nasi man yaɛbudu Allaha ɛala ḥarfin faʼin ʼaṣabahu xayrun aṭmaʼanna bihi wa ʼin ʼaṣabat/hu fitnatun anqalaba ɛala wajhihi xasira ad-dunya wa al-ʼaxirata ḏalika huwa al-xusranu al-mubin.
22,12,Yadɛu min duni Allahi ma la yaḍurruhu wa ma la yanfaɛuhu ḏalika huwa aḍ-ḍalalu al-baɛid.
22,13,Yadɛu laman ḍarruhu ʼaqrabu min nafɛihi labiʼsa al-mawla wa labiʼsa al-ɛacir.
22,14,ʼinna Allaha yudxilu al-laḏina ʼamanu wa ɛamilu aṣ-ṣaliḥati jannatin tajri min taḥtiha al-ʼanharu ʼinna Allaha yafɛalu ma yurid.
22,15,Man kana yaḏ̣unnu ʼan lan yanṣurahu Allahu fi ad-dunya wa al-ʼaxirati falyamdud bisababin ʼila as-samaʼi ṯumma liyaqṭaɛ falyanḏ̣ur hal yuḏ/hibanna kayduhu ma yaɣiḏ̣.
22,16,Wa kaḏalika ʼanzalnahu ʼayatin bayyinatin wa ʼanna Allaha yahdi man yurid.
22,17,ʼinna al-laḏina ʼamanu wa al-laḏina hadu wa aṣ-ṣabiʼina wa an-naṣara wa al-majusa wa al-laḏina ʼacraku ʼinna Allaha yafṣilu baynahum yawma al-qiyamati ʼinna Allaha ɛala kulli cayʼin cahidun.
22,18,ʼalam tara ʼanna Allaha yasjudu lahu man fi as-samawati wa man fi al-ʼarḍi wa ac-camsu wa al-qamaru wa an-nujumu wa al-jibalu wa ac-cajaru wa ad-dawabbu wa kaṯirun mina an-nasi wa kaṯirun ḥaqqa ɛalayhi al-ɛaḏabu wa man yuhin Allahu fama lahu min mukrimin ʼinna Allaha yafɛalu ma yacaʼ.
22,19,Haḏani xaṣmani axtaṣamu fi rabbihim fa-al-laḏina kafaru quṭṭiɛat lahum ṯiyabun min narin yuṣabbu min fawqi ruʼsihimu al-ḥamim.
22,20,Yuṣharu bihi ma fi buṭunihim wa al-julud.
22,21,Wa lahum maqamiɛu min ḥadidin.
22,22,Kullama ʼaradu ʼan yaxruju minha min ɣammin ʼuɛidu fiha wa ḏuqu ɛaḏaba al-ḥariq.
22,23,ʼinna Allaha yudxilu al-laḏina ʼamanu wa ɛamilu aṣ-ṣaliḥati jannatin tajri min taḥtiha al-ʼanharu yuḥallawna fiha min ʼasawira min ḏahabin wa luʼluʼan wa libasuhum fiha ḥarirun.
22,24,Wa hudu ʼila aṭ-ṭayyibi mina al-qawli wa hudu ʼila ṣiraṭi al-ḥamid.
22,25,ʼinna al-laḏina kafaru wa yaṣudduna ɛan sabili Allahi wa al-masjidi al-ḥarami al-laḏi jaɛalnahu lilnnasi sawaʼan al-ɛakifu fihi wa al-badi wa man yurid fihi biʼilḥadin biḏ̣ulmin nuḏiqhu min ɛaḏabin ʼalimin.
22,26,Wa ʼiḏ bawwaʼna liʼibrahima makana al-bayti ʼan la tucrik bi cayʼan wa ṭahhir baytiya lilṭṭaʼifina wa al-qaʼimina wa ar-rukkaɛi as-sujud.
22,27,Wa ʼaḏḏin fi an-nasi bil-ḥajji yaʼtuka rijalan wa ɛala kulli ḍamirin yaʼtina min kulli fajjin ɛamiqin.
22,28,Liyac/hadu manafiɛa lahum wa yaḏkuru asma Allahi fi ʼayyamin maɛlumatin ɛala ma razaqahum min bahimati al-ʼanɛam fakulu minha wa ʼaṭɛimu al-baʼisa al-faqir.
22,29,Ṯumma liyaqḍu tafaṯahum wa liufu nuḏurahum wa liaṭṭawwafu bil-bayti al-ɛatiq.
22,30,Ḏalika wa man yuɛaḏ̣ḏ̣im ḥurumati Allahi fahuwa xayrun lahu ɛinda rabbihi wa ʼuḥillat lakum al-ʼanɛam ʼilla ma yutla ɛalaykum fajtanibu ar-rijsa mina al-ʼawṯani wa ajtanibu qawla az-zur.
22,31,Ḥunafaʼa Lillahi ɣayra mucrikina bihi wa man yucrik Billahi fakaʼannama xarra mina as-samaʼi fataxṭafuhu aṭ-ṭayru ʼaw tahwi bihi ar-riḥu fi makanin saḥiqin.
22,32,Ḏalika wa man yuɛaḏ̣ḏ̣im caɛaʼira Allahi faʼinnaha min taqwa al-qulub.
22,33,Lakum fiha manafiɛu ʼila ʼajalin musamman ṯumma maḥilluha ʼila al-bayti al-ɛatiq.
22,34,Wa likulli ʼummatin jaɛalna mansakan liyaḏkuru asma Allahi ɛala ma razaqahum min bahimati al-ʼanɛam faʼilahukum ʼilahun waḥidun falahu ʼaslimu wa baccir al-muxbitin.
22,35,Al-laḏina ʼiḏa ḏukira Allahu wajilat qulubuhum wa aṣ-ṣabirina ɛala ma ʼaṣabahum wa al-muqimi aṣ-ṣalati wa mimma razaqnahum yunfiqun.
22,36,Wa al-budna jaɛalnaha lakum min caɛaʼiri Allahi lakum fiha xayrun faḏkuru asma Allahi ɛalayha ṣawaffa faʼiḏa wajabat junubuha fakulu minha wa ʼaṭɛimu al-qaniɛa wa al-muɛtarra kaḏalika saxxarnaha lakum laɛallakum tackurun.
22,37,Lan yanala Allaha luḥumuha wa la dimaʼuuha wa lakin yanaluhu at-taqwa minkum kaḏalika saxxaraha lakum litukabbiru Allaha ɛala ma hadakum wa baccir al-muḥsinin.
22,38,ʼinna Allaha yudafiɛu ɛan al-laḏina ʼamanu ʼinna Allaha la yuḥibbu kulla xawwanin kafurin.
22,39,ʼuḏina lillaḏina yuqataluna biʼannahum ḏ̣ulimu wa ʼinna Allaha ɛala naṣrihim laqadirun.
22,40,Al-laḏina ʼuxriju min diyarihim biɣayri ḥaqqin ʼilla ʼan yaqulu rabbuna Allahu wa lawla dafɛu Allahi an-nasa baɛḍahum bibaɛḍin lahuddimat ṣawamiɛu wa biyaɛun wa ṣalawatun wa masajidu yuḏkaru fiha asmu Allahi kaṯiran wa layanṣuranna Allahu man yanṣuruhu ʼinna Allaha laqawiyun ɛazizun.
22,41,Al-laḏina ʼin makkannahum fi al-ʼarḍi ʼaqamu aṣ-ṣalata wa ʼataw az-zakata wa ʼamaru bil-maɛrufi wa nahaw ɛan al-munkari wa Lillahi ɛaqibatu al-ʼumur.
22,42,Wa ʼin yukaḏḏibuka faqad kaḏḏabat qablahum qawmu nuḥin wa ɛadun wa ṯamud.
22,43,Wa qawmu ʼibrahima wa qawmu luṭin.
22,44,Wa ʼaṣḥabu madyana wa kuḏḏiba musa faʼamlaytu lilkafirina ṯumma ʼaxaḏtuhum fakayfa kana nakir.
22,45,Fakaʼayyin min qaryatin ʼahlaknaha wa hiya ḏ̣alimatun fahiya xawiyatun ɛala ɛuruciha wa biʼrin muɛaṭṭalatin wa qaṣrin macidin.
22,46,ʼafalam yasiru fi al-ʼarḍi fatakuna lahum qulubun yaɛqiluna biha ʼaw ʼaḏanun yasmaɛuna biha faʼinnaha la taɛma al-ʼabṣaru wa lakin taɛma al-qulubu allati fi aṣ-ṣudur.
22,47,Wa yastaɛjilunaka bil-ɛaḏabi wa lan yuxlifa Allahu waɛdahu wa ʼinna yawman ɛinda rabbika kaʼalfi sanatin mimma taɛuddun.
22,48,Wa kaʼayyin min qaryatin ʼamlaytu laha wa hiya ḏ̣alimatun ṯumma ʼaxaḏtuha wa ʼilayya al-maṣir.
22,49,Qul ya ʼayyuha an-nasu ʼinnama ʼana lakum naḏirun mubinun.
22,50,Fa-al-laḏina ʼamanu wa ɛamilu aṣ-ṣaliḥati lahum maɣfiratun wa rizqun karimun.
22,51,Wa al-laḏina saɛaw fi ʼayatina muɛajizina ʼulaʼika ʼaṣḥabu al-jaḥim.
22,52,Wa ma ʼarsalna min qablika min rasulin wa la nabiyin ʼilla ʼiḏa tamanna ʼalqa ac-cayṭanu fi ʼumniyatihi fayansaxu Allahu ma yulqi ac-cayṭanu ṯumma yuḥkimu Allahu ʼayatihi wa Allahu ɛalimun ḥakimun.
22,53,Liyajɛala ma yulqi ac-cayṭanu fitnatan lillaḏina fi qulubihim maraḍun wa al-qasiyati qulubuhum wa ʼinna aḏ̣-ḏ̣alimina lafi ciqaqin baɛidin.
22,54,Wa liyaɛlama al-laḏina ʼutu al-ɛilma ʼannahu al-ḥaqqu min rabbika fayuʼminu bihi fatuxbita lahu qulubuhum wa ʼinna Allaha lahadi al-laḏina ʼamanu ʼila ṣiraṭin mustaqimin.
22,55,Wa la yazalu al-laḏina kafaru fi miryatin minhu ḥatta taʼtiyahumu as-saɛatu baɣtatan ʼaw yaʼtiyahum ɛaḏabu yawmin ɛaqimin.
22,56,Al-mulku yawmaʼiḏin Lillahi yaḥkumu baynahum fa-al-laḏina ʼamanu wa ɛamilu aṣ-ṣaliḥati fi jannati an-naɛim.
22,57,Wa al-laḏina kafaru wa kaḏḏabu biʼayatina faʼulaʼika lahum ɛaḏabun muhinun.
22,58,Wa al-laḏina hajaru fi sabili Allahi ṯumma qutilu ʼaw matu layarzuqannahum Allahu rizqan ḥasanan wa ʼinna Allaha lahuwa xayru ar-raziqin.
22,59,Layudxilannahum mudxalan yarḍawnahu wa ʼinna Allaha laɛalimun ḥalimun.
22,60,Ḏalika wa man ɛaqaba bimiṯli ma ɛuqiba bihi ṯumma buɣiya ɛalayhi layanṣurannahu Allahu ʼinna Allaha laɛafuwun ɣafurun.
22,61,Ḏalika biʼanna Allaha yuliju al-layla fi an-nahari wa yuliju an-nahara fi al-layli wa ʼanna Allaha samiɛun baṣirun.
22,62,Ḏalika biʼanna Allaha huwa al-ḥaqqu wa ʼanna ma yadɛuna min dunihi huwa al-baṭilu wa ʼanna Allaha huwa al-ɛaliyu al-kabir.
22,63,ʼalam tara ʼanna Allaha ʼanzala mina as-samaʼi maʼan fatuṣbiḥu al-ʼarḍu muxḍarratan ʼinna Allaha laṭifun xabirun.
22,64,Lahu ma fi as-samawati wa ma fi al-ʼarḍi wa ʼinna Allaha lahuwa al-ɣaniyu al-ḥamid.
22,65,ʼalam tara ʼanna Allaha saxxara lakum ma fi al-ʼarḍi wa al-fulka tajri fi al-baḥri biʼamrihi wa yumsiku as-samaʼa ʼan taqaɛa ɛala al-ʼarḍi ʼilla biʼiḏnihi ʼinna Allaha bin-nasi laraʼufun raḥimun.
22,66,Wa huwa al-laḏi ʼaḥyakum ṯumma yumitukum ṯumma yuḥyikum ʼinna al-ʼinsana lakafurun.
22,67,Likulli ʼummatin jaɛalna mansakan hum nasikuhu fala yunaziɛunnaka fi al-ʼamri wa adɛu ʼila rabbika ʼinnaka laɛala hudan mustaqimin.
22,68,Wa ʼin jadaluka faqul Allahu ʼaɛlamu bima taɛmalun.
22,69,Allahu yaḥkumu baynakum yawma al-qiyamati fima kuntum fihi taxtalifun.
22,70,ʼalam taɛlam ʼanna Allaha yaɛlamu ma fi as-samaʼi wa al-ʼarḍi ʼinna ḏalika fi kitabin ʼinna ḏalika ɛala Allahi yasirun.
22,71,Wa yaɛbuduna min duni Allahi ma lam yunazzil bihi sulṭanan wa ma laysa lahum bihi ɛilmun wa ma lilḏ̣ḏ̣alimina min naṣirin.
22,72,Wa ʼiḏa tutla ɛalayhim ʼayatuna bayyinatin taɛrifu fi wujuhi al-laḏina kafaru al-munkara yakaduna yasṭuna bial-laḏina yatluna ɛalayhim ʼayatina qul ʼafaʼunabbiʼukum bicarrin min ḏalikum an-naru waɛadaha Allahu al-laḏina kafaru wa biʼsa al-maṣir.
22,73,Ya ʼayyuha an-nasu ḍuriba maṯalun fastamiɛu lahu ʼinna al-laḏina tadɛuna min duni Allahi lan yaxluqu ḏubaban wa law ajtamaɛu lahu wa ʼin yaslubhumu aḏ-ḏubabu cayʼan la yastanqiḏuhu minhu ḍaɛufa aṭ-ṭalibu wa al-maṭlub.
22,74,Ma qadaru Allaha ḥaqqa qadrihi ʼinna Allaha laqawiyun ɛazizun.
22,75,Allahu yaṣṭafi mina al-malaʼikati rusulan wa mina an-nasi ʼinna Allaha samiɛun baṣirun.
22,76,Yaɛlamu ma bayna ʼaydihim wa ma xalfahum wa ʼila Allahi turjaɛu al-ʼumur.
22,77,Ya ʼayyuha al-laḏina ʼamanu arkaɛu wa asjudu wa aɛbudu rabbakum wa afɛalu al-xayra laɛallakum tufliḥun.
22,78,Wa jahidu fi Allahi ḥaqqa jihadihi huwa ajtabakum wa ma jaɛala ɛalaykum fi ad-dini min ḥarajin millata ʼabikum ʼibrahima huwa sammakum al-muslimyna min qablu wa fi haḏa liyakuna ar-rasulu cahidan ɛalaykum wa takunu cuhadaʼa ɛala an-nasi faʼaqimu aṣ-ṣalata wa ʼatu az-zakata wa aɛtaṣimu Billahi huwa mawlakum faniɛma al-mawla wa niɛma an-naṣir.
23,1,Qad ʼaflaḥa al-muʼminun.
23,2,Al-laḏina hum fi ṣalatihim xaciɛun.
23,3,Wa al-laḏina hum ɛan al-laɣwi muɛriḍun.
23,4,Wa al-laḏina hum lilzzakati faɛilun.
23,5,Wa al-laḏina hum lifurujihim ḥafiḏ̣un.
23,6,ʼilla ɛala ʼazwajihim ʼw ma malakat ʼaymanuhum faʼinnahum ɣayru malumin.
23,7,Faman abtaɣa waraʼa ḏalika faʼulaʼika hum al-ɛadun.
23,8,Wa al-laḏina hum liʼmanatihim wa ɛahdihim raɛun.
23,9,Wa al-laḏina hum ɛala ṣalawatihim yuḥafiḏ̣un.
23,10,ʼulaʼika hum al-wariṯun.
23,11,Al-laḏina yariṯuna al-firdawsa hum fiha xalidun.
23,12,Wa laqad xalaqna al-ʼinsana min sulalatin min ṭinin.
23,13,Ṯumma jaɛalnahu nuṭfatan fi qararin makinin.
23,14,Ṯumma xalaqna an-nuṭfata ɛalaqatan faxalaqna al-ɛalaqata muḍɣatan faxalaqna al-muḍɣata ɛiḏ̣aman fakasawna al-ɛiḏ̣ama laḥman ṯumma ʼancaʼnahu xalqan ʼaxara fatabaraka Allahu ʼaḥsanu al-xaliqin.
23,15,Ṯumma ʼinnakum baɛda ḏalika lamayyitun.
23,16,Ṯumma ʼinnakum yawma al-qiyamati tubɛaṯun.
23,17,Wa laqad xalaqna fawqakum sabɛa ṭaraʼiqa wa ma kunna ɛan al-xalqi ɣafilin.
23,18,Wa ʼanzalna mina as-samaʼi maʼan biqadarin faʼaskannahu fi al-ʼarḍi wa ʼinna ɛala ḏahabin bihi laqadirun.
23,19,Faʼancaʼna lakum bihi jannatin min naxilin wa ʼaɛnabin lakum fiha fawakihu kaṯiratun wa minha taʼkulun.
23,20,Wa cajaratan taxruju min ṭuri saynaʼa tanbutu bid-duhni wa ṣibɣin lilʼakilin.
23,21,Wa ʼinna lakum fi al-ʼanɛam laɛibratan nusqikum mimma fi buṭuniha wa lakum fiha manafiɛu kaṯiratun wa minha taʼkulun.
23,22,Wa ɛalayha wa ɛala al-fulki tuḥmalun.
23,23,Wa laqad ʼarsalna nuḥan ʼila qawmihi faqala ya qawmi aɛbudu Allaha ma lakum min ʼilahin ɣayruhu ʼafala tattaqun.
23,24,Faqala al-malaʼu al-laḏina kafaru min qawmihi ma haḏa ʼilla bacarun miṯlukum yuridu ʼan yatafaḍḍala ɛalaykum wa law caʼa Allahu laʼanzala malaʼikatan ma samiɛna bihaḏa fi ʼabaʼina al-ʼawwalin.
23,25,ʼin huwa ʼilla rajulun bihi jinnatun fatarabbaṣu bihi ḥatta ḥinin.
23,26,Qala rabbi anṣurni bima kaḏḏabun.
23,27,Faʼawḥayna ʼilayhi ʼan aṣnaɛ al-fulka biʼaɛyunina wa waḥyina faʼiḏa jaʼa ʼamruna wa fara at-tannuru fasluk fiha min kullin zawjayni aṯnayni wa ʼahlaka ʼilla man sabaqa ɛalayhi al-qawlu minhum wa la tuxaṭibni fi al-laḏina ḏ̣alamu ʼinnahum muɣraqun.
23,28,Faʼiḏa astawayta ʼanta wa man maɛaka ɛala al-fulki faqul al-ḥamdu Lillahi al-laḏi najjana mina al-qawmi aḏ̣-ḏ̣alimin.
23,29,Wa qul rabbi ʼanzilni munzalan mubarakan wa ʼanta xayru al-munzilin.
23,30,ʼinna fi ḏalika lʼayatin wa ʼin kunna lamubtalin.
23,31,Ṯumma ʼancaʼna min baɛdihim qarnan ʼaxarin.
23,32,Faʼarsalna fihim rasulan minhum ʼan aɛbudu Allaha ma lakum min ʼilahin ɣayruhu ʼafala tattaqun.
23,33,Wa qala al-malaʼu min qawmihi al-laḏina kafaru wa kaḏḏabu biliqaʼi al-ʼaxirati wa ʼatrafnahum fi al-ḥayati ad-dunya ma haḏa ʼilla bacarun miṯlukum yaʼkulu mimma taʼkuluna minhu wa yacrabu mimma tacrabun.
23,34,Wa laʼin ʼaṭaɛtum bacaran miṯlakum ʼinnakum ʼiḏan laxasirun.
23,35,ʼayaɛidukum ʼannakum ʼiḏa mittum wa kuntum turaban wa ɛiḏ̣aman ʼannakum muxrajun.
23,36,Hayhata hayhata lima tuɛadun.
23,37,ʼin hiya ʼilla ḥayatuna ad-dunya namutu wa naḥya wa ma naḥnu bimabɛuṯin.
23,38,ʼin huwa ʼilla rajulun aftara ɛala Allahi kaḏiban wa ma naḥnu lahu bimuʼminin.
23,39,Qala rabbi anṣurni bima kaḏḏabun.
23,40,Qala ɛamma qalilin layuṣbiḥunna nadimin.
23,41,Faʼaxaḏat/hum aṣ-ṣayḥatu bil-ḥaqqi fajaɛalnahum ɣuṯaʼan fabuɛdan lilqawmi aḏ̣-ḏ̣alimin.
23,42,Ṯumma ʼancaʼna min baɛdihim qurunan ʼaxarin.
23,43,Ma tasbiqu min ʼummatin ʼajalaha wa ma yastaʼxirun.
23,44,Ṯumma ʼarsalna rusulana tatra kulla ma jaʼa ʼummatan rasuluha kaḏḏabuhu faʼatbaɛna baɛḍahum baɛḍan wa jaɛalnahum ʼaḥadiṯa fabuɛdan liqawmin la yuʼminun.
23,45,Ṯumma ʼarsalna musa wa ʼaxahu haruna biʼayatina wa sulṭanin mubinin.
23,46,ʼila firɛawna wa malaʼihi fastakbaru wa kanu qawman ɛalin.
23,47,Faqalu ʼanuʼminu libacarayni miṯlina wa qawmuhuma lana ɛabidun.
23,48,Fakaḏḏabuhuma fakanu mina al-muhlakin.
23,49,Wa laqad ʼatayna musa al-kitaba laɛallahum yahtadun.
23,50,Wa jaɛalna abna maryama wa ʼummahu ʼayatan wa ʼawaynahuma ʼila rabwatin ḏati qararin wa maɛinin.
23,51,Ya ʼayyuha ar-rusulu kulu mina aṭ-ṭayyibati wa aɛmalu ṣaliḥan ʼinni bima taɛmaluna ɛalimun.
23,52,Wa ʼinna haḏihi ʼummatukum ʼummatan waḥidatan wa ʼana rabbukum fa attaqun.
23,53,Fataqaṭṭaɛu ʼamrahum baynahum zuburan kullu ḥizbin bima ladayhim fariḥun.
23,54,Faḏarhum fi ɣamratihim ḥatta ḥinin.
23,55,ʼayaḥsabuna ʼannama numidduhum bihi min malin wa banin.
23,56,Nusariɛu lahum fi al-xayrati bal la yacɛurun.
23,57,ʼinna al-laḏina hum min xacyati rabbihim mucfiqun.
23,58,Wa al-laḏina hum biʼayati rabbihim yuʼminun.
23,59,Wa al-laḏina hum birabbihim la yucrikun.
23,60,Wa al-laḏina yuʼtuna ma ʼataw wa qulubuhum wa jilatun ʼannahum ʼila rabbihim rajiɛun.
23,61,ʼulaʼika yusariɛuna fi al-xayrati wa hum laha sabiqun.
23,62,Wa la nukallifu nafsan ʼilla wusɛaha wa ladayna kitabun yanṭiqu bil-ḥaqqi wa hum la yuḏ̣lamun.
23,63,Bal qulubuhum fi ɣamratin min haḏa wa lahum ʼaɛmalun min duni ḏalika hum laha ɛamilun.
23,64,Ḥatta ʼiḏa ʼaxaḏna mutrafihim bil-ɛaḏabi ʼiḏa hum yajʼarun.
23,65,La tajʼaru al-yawma ʼinnakum minna la tunṣarun.
23,66,Qad kanat ʼayati tutla ɛalaykum fakuntum ɛala ʼaɛqabikum tankiṣun.
23,67,Mustakbirina bihi samiran tahjurun.
23,68,ʼafalam yaddabbaru al-qawla ʼam jaʼahum ma lam yaʼti ʼabaʼahumu al-ʼawwalin.
23,69,ʼam lam yaɛrifu rasulahum fahum lahu munkirun.
23,70,ʼam yaquluna bihi jinnatun bal jaʼahum bil-ḥaqqi wa ʼakṯaruhum lilḥaqqi karihun.
23,71,Wa law attabaɛa al-ḥaqqu ʼahwaʼahum lafasadat as-samawatu wa al-ʼarḍu wa man fihinna bal ʼataynahum biḏikrihim fahum ɛan ḏikrihim muɛriḍun.
23,72,ʼam tasʼaluhum xarjan faxaraju rabbika xayrun wa huwa xayru ar-raziqin.
23,73,Wa ʼinnaka latadɛuhum ʼila ṣiraṭin mustaqimin.
23,74,Wa ʼinna al-laḏina la yuʼminuna bil-ʼaxirati ɛan aṣ-ṣiraṭi lanakibun.
23,75,Wa law raḥimnahum wa kacafna ma bihim min ḍurrin lalajju fi ṭuɣyanihim yaɛmahun.
23,76,Wa laqad ʼaxaḏnahum bil-ɛaḏabi fama astakanu lirabbihim wa ma yataḍarraɛun.
23,77,Ḥatta ʼiḏa fataḥna ɛalayhim baban ḏa ɛaḏabin cadidin ʼiḏa hum fihi mublisun.
23,78,Wa huwa al-laḏi ʼancaʼa lakum as-samɛa wa al-ʼabṣara wa al-ʼafʼidata qalilan ma tackurun.
23,79,Wa huwa al-laḏi ḏaraʼakum fi al-ʼarḍi wa ʼilayhi tuḥcarun.
23,80,Wa huwa al-laḏi yuḥyi wa yumitu wa lahu axtilafu al-layli wa an-nahari ʼafala taɛqilun.
23,81,Bal qalu miṯla ma qala al-ʼawwalun.
23,82,Qalu ʼaʼiḏa mitna wa kunna turaban wa ɛiḏ̣aman ʼaʼinna lamabɛuṯun.
23,83,Laqad wuɛidna naḥnu wa ʼabaʼuuna haḏa min qablu ʼin haḏa ʼilla ʼasaṭiru al-ʼawwalin.
23,84,Qul liman al-ʼarḍu wa man fiha ʼin kuntum taɛlamun.
23,85,Sayaquluna Lillahi qul ʼafala taḏakkarun.
23,86,Qul man rabbu as-samawati as-sabɛi wa rabbu al-ɛarci al-ɛaḏ̣im.
23,87,Sayaquluna Lillahi qul ʼafala tattaqun.
23,88,Qul man biyadihi malakutu kulli cayʼin wa huwa yujiru wa la yujaru ɛalayhi ʼin kuntum taɛlamun.
23,89,Sayaquluna Lillahi qul faʼanna tusḥarun.
23,90,Bal ʼataynahum bil-ḥaqqi wa ʼinnahum lakaḏibun.
23,91,Ma attaxaḏa Allahu min waladin wa ma kana maɛahu min ʼilahin ʼiḏan laḏahaba kullu ʼilahin bima xalaqa wa laɛala baɛḍuhum ɛala baɛḍin subḥana Allahi ɛamma yaṣifun.
23,92,Ɛalimi al-ɣaybi wa ac-cahadati fataɛala ɛamma yucrikun.
23,93,Qul rabbi ʼimma turiyanni ma yuɛadun.
23,94,Rabbi fala tajɛalni fi al-qawmi aḏ̣-ḏ̣alimin.
23,95,Wa ʼinna ɛala ʼan nuriyaka ma naɛiduhum laqadirun.
23,96,Adfaɛ bi-ati hiya ʼaḥsanu as-sayyiʼata naḥnu ʼaɛlamu bima yaṣifun.
23,97,Wa qul rabbi ʼaɛuḏu bika min hamazati ac-cayaṭin.
23,98,Wa ʼaɛuḏu bika rabbi ʼan yaḥḍurun.
23,99,Ḥatta ʼiḏa jaʼa ʼaḥadahum al-mawtu qala rabbi arjiɛun.
23,100,Laɛalli ʼaɛmalu ṣaliḥan fima taraktu kalla ʼinnaha kalimatun huwa qaʼiluha wa min waraʼihim barzaxun ʼila yawmi yubɛaṯun.
23,101,Faʼiḏa nufixa fi aṣ-ṣuri fala ʼansaba baynahum yawmaʼiḏin wa la yatasaʼalun.
23,102,Faman ṯaqulat mawazinuhu faʼulaʼika hum al-mufliḥun.
23,103,Wa man xaffat mawazinuhu faʼulaʼika al-laḏina xasiru ʼanfusahum fi jahannama xalidun.
23,104,Talfaḥu wujuhahum an-naru wa hum fiha kaliḥun.
23,105,ʼalam takun ʼayati tutla ɛalaykum fakuntum biha tukaḏḏibun.
23,106,Qalu rabbana ɣalabat ɛalayna ciqwatuna wa kunna qawman ḍallin.
23,107,Rabbana ʼaxrijna minha faʼin ɛudna faʼinna ḏ̣alimun.
23,108,Qala axsaʼu fiha wa la tukallimun.
23,109,ʼinnahu kana fariqun min ɛibadi yaquluna rabbana ʼamanna faɣfir lana wa arḥamna wa ʼanta xayru ar-raḥimin.
23,110,Fattaxaḏtumuhum sixriyan ḥatta ʼansawkum ḏikri wa kuntum minhum taḍḥakun.
23,111,ʼinni jazaytuhumu al-yawma bima ṣabaru ʼannahum hum al-faʼizun.
23,112,Qala kam labiṯtum fi al-ʼarḍi ɛadada sinin.
23,113,Qalu labiṯna yawman ʼaw baɛḍa yawmin fasʼali al-ɛaddin.
23,114,Qala ʼin labiṯtum ʼilla qalilan law ʼannakum kuntum taɛlamun.
23,115,ʼafaḥasibtum ʼannama xalaqnakum ɛabaṯan wa ʼannakum ʼilayna la turjaɛun.
23,116,Fataɛala Allahu al-maliku al-ḥaqqu la ʼilaha ʼilla huwa rabbu al-ɛarci al-karim.
23,117,Wa man yadɛu maɛa Allahi ʼilahan ʼaxara la burhana lahu bihi faʼinnama ḥisabuhu ɛinda rabbihi ʼinnahu la yufliḥu al-kafirun.
23,118,Wa qul rabbi aɣfir wa arḥam wa ʼanta xayru ar-raḥimin.
24,1,Suratun ʼanzalnaha wa faraḍnaha wa ʼanzalna fiha ʼayatin bayyinatin laɛallakum taḏakkarun.
24,2,Az-zaniyatu wa az-zani fajlidu kulla waḥidin minhuma miaʼata jaldatin wa la taʼxuḏkum bihima raʼfatun fi dini Allahi ʼin kuntum tuʼminuna Billahi wa al-yawmi al-ʼaxiri wa liac/had ɛaḏabahuma ṭaʼifatun mina al-muʼminin.
24,3,Az-zani la yankiḥu ʼilla zaniyatan ʼaw mucrikatan wa az-zaniyatu la yankiḥuha ʼilla zanin ʼaw mucrikun wa ḥurrima ḏalika ɛala al-muʼminin.
24,4,Wa al-laḏina yarmuna al-muḥṣanati ṯumma lam yaʼtu biʼarbaɛati cuhadaʼa fajliduhum ṯamanina jaldatan wa la taqbalu lahum cahadatan ʼabadan wa ʼulaʼika hum al-fasiqun.
24,5,ʼilla al-laḏina tabu min baɛdi ḏalika wa ʼaṣlaḥu faʼinna Allaha ɣafurun raḥimun.
24,6,Wa al-laḏina yarmuna ʼazwajahum wa lam yakun lahum cuhadaʼu ʼilla ʼanfusuhum facahadatu ʼaḥadihim ʼarbaɛu cahadatin Billahi ʼinnahu lamina aṣ-ṣadiqin.
24,7,Wa al-xamisatu ʼanna laɛnata Allahi ɛalayhi ʼin kana mina al-kaḏibin.
24,8,Wa yadraʼu ɛanha al-ɛaḏaba ʼan tac/hada ʼarbaɛa cahadatin Billahi ʼinnahu lamina al-kaḏibin.
24,9,Wa al-xamisata ʼanna ɣaḍaba Allahi ɛalayha ʼin kana mina aṣ-ṣadiqin.
24,10,Wa lawla faḍlu Allahi ɛalaykum wa raḥmatuhu wa ʼanna Allaha tawwabun ḥakimun.
24,11,ʼinna al-laḏina jaʼu bil-ʼifki ɛuṣbatun minkum la taḥsabuhu carran lakum bal huwa xayrun lakum likulli amriʼin minhum ma aktasaba mina al-ʼiṯmi wa al-laḏi tawalla kibrahu minhum lahu ɛaḏabun ɛaḏ̣imun.
24,12,Lawla ʼiḏ samiɛtumuhu ḏ̣anna al-muʼminuna wa al-muʼminatu biʼanfusihim xayran wa qalu haḏa ʼifkun mubinun.
24,13,Lawla jaʼu ɛalayhi biʼarbaɛati cuhadaʼa faʼiḏ lam yaʼtu bic-cuhadaʼi faʼulaʼika ɛinda Allahi hum al-kaḏibun.
24,14,Wa lawla faḍlu Allahi ɛalaykum wa raḥmatuhu fi ad-dunya wa al-ʼaxirati lamassakum fi ma ʼafaḍtum fihi ɛaḏabun ɛaḏ̣imun.
24,15,ʼiḏ talaqqawnahu biʼalsinatikum wa taquluna biʼafwahikum ma laysa lakum bihi ɛilmun wa taḥsabunahu hayyinan wa huwa ɛinda Allahi ɛaḏ̣imun.
24,16,Wa lawla ʼiḏ samiɛtumuhu qultum ma yakunu lana ʼan natakallama bihaḏa subḥanaka haḏa buhtanun ɛaḏ̣imun.
24,17,Yaɛiḏ̣ukum Allahu ʼan taɛudu limiṯlihi ʼabadan ʼin kuntum muʼminin.
24,18,Wa yubayyinu Allahu lakum al-ʼayati wa Allahu ɛalimun ḥakimun.
24,19,ʼinna al-laḏina yuḥibbuna ʼan taciɛa al-faḥicatu fi al-laḏina ʼamanu lahum ɛaḏabun ʼalimun fi ad-dunya wa al-ʼaxirati wa Allahu yaɛlamu wa ʼantum la taɛlamun.
24,20,Wa lawla faḍlu Allahi ɛalaykum wa raḥmatuhu wa ʼanna Allaha raʼufun raḥim.
24,21,Ya ʼayyuha al-laḏina ʼamanu la tattabiɛu xuṭuwati ac-cayṭani wa man yattabiɛ xuṭuwati ac-cayṭani faʼinnahu yaʼmuru bil-faḥcaʼi wa al-munkari wa lawla faḍlu Allahi ɛalaykum wa raḥmatuhu ma zaka minkum min ʼaḥadin ʼabadan wa lakinna Allaha yuzakki man yacaʼu wa Allahu samiɛun ɛalimun.
24,22,Wa la yaʼtali ʼulu al-faḍli minkum wa as-saɛati ʼan yuʼtu ʼuli al-qurba wa al-masakina wa al-muhajirina fi sabili Allahi wa liaɛfu wa liaṣfaḥu ʼala tuḥibbuna ʼan yaɣfira Allahu lakum wa Allahu ɣafurun raḥimun.
24,23,ʼinna al-laḏina yarmuna al-muḥṣanati al-ɣafilati al-muʼminati luɛinu fi ad-dunya wa al-ʼaxirati wa lahum ɛaḏabun ɛaḏ̣imun.
24,24,Yawma tac/hadu ɛalayhim ʼalsinatuhum wa ʼaydihim wa ʼarjuluhum bima kanu yaɛmalun.
24,25,Yawmaʼiḏin yuwaffihimu Allahu dinahum al-ḥaqqa wa yaɛlamuna ʼanna Allaha huwa al-ḥaqqu al-mubin.
24,26,Al-xabiṯatu lilxabiṯina wa al-xabiṯuna lilxabiṯati wa aṭ-ṭayyibatu lilṭṭayyibina wa aṭ-ṭayyibuna lilṭṭayyibati ʼulaʼika mubarraʼuna mimma yaquluna lahum maɣfiratun wa rizqun karimun.
24,27,Ya ʼayyuha al-laḏina ʼamanu la tadxulu buyutan ɣayra buyutikum ḥatta tastaʼnisu wa tusallimu ɛala ʼahliha ḏalikum xayrun lakum laɛallakum taḏakkarun.
24,28,Faʼin lam tajidu fiha ʼaḥadan fala tadxuluha ḥatta yuʼḏana lakum wa ʼin qila lakum arjiɛu farjiɛu huwa ʼazka lakum wa Allahu bima taɛmaluna ɛalimun.
24,29,Laysa ɛalaykum junaḥun ʼan tadxulu buyutan ɣayra maskunatin fiha mataɛun lakum wa Allahu yaɛlamu ma tubduna wa ma taktumun.
24,30,Qul lilmuʼminina yaɣuḍḍu min ʼabṣarihim wa yaḥfaḏ̣u furujahum ḏalika ʼazka lahum ʼinna Allaha xabirun bima yaṣnaɛun.
24,31,Wa qul lilmuʼminati yaɣḍuḍna min ʼabṣarihinna wa yaḥfaḏ̣na furujahunna wa la yubdina zinatahunna ʼilla ma ḏ̣ahara minha wa liaḍribna bixumurihinna ɛala juyubihinna wa la yubdina zinatahunna ʼilla libuɛulatihinna ʼaw ʼabaʼihinna ʼaw ʼabaʼi buɛulatihinna ʼaw ʼabnaʼihinna ʼaw ʼabnaʼi buɛulatihinna ʼaw ʼixwanihinna ʼaw bani ʼixwanihinna ʼaw bani ʼaxawatihinna ʼaw nisaʼihinna ʼaw ma malakat ʼaymanuhunna ʼaw at-tabiɛina ɣayri ʼuli al-ʼirbati mina ar-rijali ʼaw aṭ-ṭifli al-laḏina lam yaḏ̣haru ɛala ɛawrati an-nisaʼ wa la yaḍribna biʼarjulihinna liyuɛlama ma yuxfina min zinatihinna wa tubu ʼila Allahi jamiɛan ʼayyuha al-muʼminuna laɛallakum tufliḥun.
24,32,Wa ʼankiḥu al-ʼayama minkum wa aṣ-ṣaliḥina min ɛibadikum wa ʼimaʼikum ʼin yakunu fuqaraʼa yuɣnihim Allahu min faḍlihi wa Allahu wasiɛun ɛalimun.
24,33,Wa liastaɛfif al-laḏina la yajiduna nikaḥan ḥatta yuɣniyahum Allahu min faḍlihi wa al-laḏina yabtaɣuna al-kitaba mimma malakat ʼaymanukum fakatibuhum ʼin ɛalimtum fihim xayran wa ʼatuhum min mali Allahi al-laḏi ʼatakum wa la tukrihu fatayatikum ɛala al-biɣaʼi ʼin ʼaradna taḥaṣṣunan litabtaɣu ɛaraḍa al-ḥayati ad-dunya wa man yukrihhunna faʼinna Allaha min baɛdi ʼikrahihinna ɣafurun raḥimun.
24,34,Wa laqad ʼanzalna ʼilaykum ʼayatin mubayyinatin wa maṯalan mina al-laḏina xalaw min qablikum wa mawɛiḏ̣atan lilmuttaqin.
24,35,Allahu nuru as-samawati wa al-ʼarḍi maṯalu nurihi kamickatin fiha miṣbaḥun al-miṣbaḥu fi zujajatin az-zujajatu kaʼannaha kawkabun durriyun yuqadu min cajaratin mubarakatin zaytuniatin la carqiyatin wa la ɣarbiyatin yakadu zaytuha yuḍiʼu wa law lam tamsas/hu narun nurun ɛala nurin yahdi Allahu linurihi man yacaʼu wa yaḍribu Allahu al-ʼamṯala lilnnasi wa Allahu bikulli cayʼin ɛalimun.
24,36,Fi buyutin ʼaḏina Allahu ʼan turfaɛa wa yuḏkara fiha asmuhu yusabbiḥu lahu fiha bil-ɣuduwi wa al-ʼaṣal.
24,37,Rijalun la tulhihim tijaratun wa la bayɛun ɛan ḏikri Allahi wa ʼiqami aṣ-ṣalati wa ʼitaʼi az-zakati yaxafuna yawman tataqallabu fihi al-qulubu wa al-ʼabṣar.
24,38,Liyajziyahum Allahu ʼaḥsana ma ɛamilu wa yazidahum min faḍlihi wa Allahu yarzuqu man yacaʼu biɣayri ḥisabin.
24,39,Wa al-laḏina kafaru ʼaɛmaluhum kasarabin biqiɛatin yaḥsabuhu aḏ̣-ḏ̣amʼanu maʼan ḥatta ʼiḏa jaʼahu lam yajid/hu cayʼan wa wajada Allaha ɛindahu fawaffahu ḥisabahu wa Allahu sariɛu al-ḥisab.
24,40,ʼaw kaḏ̣ulumatin fi baḥrin lujjiyin yaɣcahu mawjun min fawqihi mawjun min fawqihi saḥabun ḏ̣ulumatun baɛḍuha fawqa baɛḍin ʼiḏa ʼaxraja yadahu lam yakad yaraha wa man lam yajɛali Allahu lahu nuran fama lahu min nurin.
24,41,ʼalam tara ʼanna Allaha yusabbiḥu lahu man fi as-samawati wa al-ʼarḍi wa aṭ-ṭayru ṣaffatin kullun qad ɛalima ṣalatahu wa tasbiḥahu wa Allahu ɛalimun bima yafɛalun.
24,42,Wa Lillahi mulku as-samawati wa al-ʼarḍi wa ʼila Allahi al-maṣir.
24,43,ʼalam tara ʼanna Allaha yuzji saḥaban ṯumma yuʼallifu baynahu ṯumma yajɛaluhu rukaman fatara al-wadqa yaxruju min xilalihi wa yunazzilu mina as-samaʼi min jibalin fiha min baradin fayuṣibu bihi man yacaʼu wa yaṣrifuhu ɛan man yacaʼu yakadu sana barqihi yaḏ/habu bil-ʼabṣar.
24,44,Yuqallibu Allahu al-layla wa an-nahara ʼinna fi ḏalika laɛibratan liʼwli al-ʼabṣar.
24,45,Wa Allahu xalaqa kulla dabbatin min maʼin faminhum man yamci ɛala baṭnihi wa minhum man yamci ɛala rijlayni wa minhum man yamci ɛala ʼarbaɛin yaxluqu Allahu ma yacaʼu ʼinna Allaha ɛala kulli cayʼin qadirun.
24,46,Laqad ʼanzalna ʼayatin mubayyinatin wa Allahu yahdi man yacaʼu ʼila ṣiraṭin mustaqimin.
24,47,Wa yaquluna ʼamanna Billahi wa bir-rasuli wa ʼaṭaɛna ṯumma yatawalla fariqun minhum min baɛdi ḏalika wa ma ʼulaʼika bil-muʼminin.
24,48,Wa ʼiḏa duɛu ʼila Allahi wa rasulihi liyaḥkuma baynahum ʼiḏa fariqun minhum muɛriḍun.
24,49,Wa ʼin yakun lahum al-ḥaqqu yaʼtu ʼilayhi muḏɛinin.
24,50,ʼafi qulubihim maraḍun ʼam artabu ʼam yaxafuna ʼan yaḥifa Allahu ɛalayhim wa rasuluhu bal ʼulaʼika hum aḏ̣-ḏ̣alimun.
24,51,ʼinnama kana qawla al-muʼminina ʼiḏa duɛu ʼila Allahi wa rasulihi liyaḥkuma baynahum ʼan yaqulu samiɛna wa ʼaṭaɛna wa ʼulaʼika hum al-mufliḥun.
24,52,Wa man yuṭiɛ Allaha wa rasulahu wa yaxca Allaha wa yattaqhi faʼulaʼika humu al-faʼizun.
24,53,Wa ʼaqsamu Billahi jahda ʼaymanihim laʼin ʼamartahum layaxrujunna qul la tuqsimu ṭaɛatun maɛrufatun ʼinna Allaha xabirun bima taɛmalun.
24,54,Qul ʼaṭiɛu Allaha wa ʼaṭiɛu ar-rasula faʼin tawallaw faʼinnama ɛalayhi ma ḥummila wa ɛalaykum ma ḥummiltum wa ʼin tuṭiɛuhu tahtadu wa ma ɛala ar-rasuli ʼilla al-balaɣu al-mubin.
24,55,Waɛada Allahu al-laḏina ʼamanu minkum wa ɛamilu aṣ-ṣaliḥati layastaxlifannahum fi al-ʼarḍi kama astaxlafa al-laḏina min qablihim wa layumakkinanna lahum dinahumu al-laḏi artaḍa lahum wa layubaddilannahum min baɛdi xawfihim ʼamnan yaɛbudunani la yucrikuna bi cayʼan wa man kafara baɛda ḏalika faʼulaʼika hum al-fasiqun.
24,56,Wa ʼaqimu aṣ-ṣalata wa ʼatu az-zakata wa ʼaṭiɛu ar-rasula laɛallakum turḥamun.
24,57,La taḥsabanna al-laḏina kafaru muɛjizina fi al-ʼarḍi wa maʼwahum an-naru wa labiʼsa al-maṣir.
24,58,Ya ʼayyuha al-laḏina ʼamanu liyastaʼḏinkum al-laḏina malakat ʼaymanukum wa al-laḏina lam yabluɣu al-ḥuluma minkum ṯalaṯa marratin min qabli ṣalati al-fajri wa ḥina taḍaɛuna ṯiya bakum mina aḏ̣-ḏ̣ahirati wa min baɛdi ṣalati al-ɛicaʼi ṯalaṯu ɛawratin lakum laysa ɛalaykum wa la ɛalayhim junaḥun baɛdahunna ṭawwafuna ɛalaykum baɛḍukum ɛala baɛḍin kaḏalika yubayyinu Allahu lakum al-ʼayati wa Allahu ɛalimun ḥakimun.
24,59,Wa ʼiḏa balaɣa al-ʼaṭfalu minkum al-ḥuluma falyastaʼḏinu kama astaʼḏana al-laḏina min qablihim kaḏalika yubayyinu Allahu lakum ʼayatihi wa Allahu ɛalimun ḥakimun.
24,60,Wa al-qawaɛidu mina an-nisaʼ al-lati la yarjuna nikaḥan falaysa ɛalayhinna junaḥun ʼan yaḍaɛna ṯiyabahunna ɣayra mutabarrijatin bizinatin wa ʼan yastaɛfifna xayrun lahunna wa Allahu samiɛun ɛalimun.
24,61,Laysa ɛala al-ʼaɛma ḥarajun wa la ɛala al-ʼaɛraji ḥarajun wa la ɛala al-mariḍi ḥarajun wa la ɛala ʼanfusikum ʼan taʼkulu min buyutikum ʼaw buyuti ʼabaʼikum ʼaw buyuti ʼummahatikum ʼaw buyuti ʼixwanikum ʼaw buyuti ʼaxawatikum ʼaw buyuti ʼaɛmamikum ʼaw buyuti ɛammatikum ʼaw buyuti ʼaxwalikum ʼaw buyuti xalatikum ʼaw ma malaktum mafatiḥahu ʼaw ṣadiqikum laysa ɛalaykum junaḥun ʼan taʼkulu jamiɛan ʼaw ʼactatan faʼiḏa daxaltum buyutan fasallimu ɛala ʼanfusikum taḥiyatan min ɛindi Allahi mubarakatan ṭayyibatan kaḏalika yubayyinu Allahu lakum al-ʼayati laɛallakum taɛqilun.
24,62,ʼinnama al-muʼminuna al-laḏina ʼamanu Billahi wa rasulihi wa ʼiḏa kanu maɛahu ɛala ʼamrin jamiɛin lam yaḏ/habu ḥatta yastaʼḏinuhu ʼinna al-laḏina yastaʼḏinunaka ʼulaʼika al-laḏina yuʼminuna Billahi wa rasulihi faʼiḏa astaʼḏanuka libaɛḍi caʼnihim faʼḏan liman ciʼta minhum wa astaɣfir lahum Allaha ʼinna Allaha ɣafurun raḥimun.
24,63,La tajɛalu duɛaʼa ar-rasuli baynakum kaduɛaʼi baɛḍikum baɛḍan qad yaɛlamu Allahu al-laḏina yatasallaluna minkum liwaḏan falyaḥḏari al-laḏina yuxalifuna ɛan ʼamrihi ʼan tuṣibahum fitnatun ʼaw yuṣibahum ɛaḏabun ʼalimun.
24,64,ʼala ʼinna Lillahi ma fi as-samawati wa al-ʼarḍi qad yaɛlamu ma ʼantum ɛalayhi wa yawma yurjaɛuna ʼilayhi fayunabbiʼuhum bima ɛamilu wa Allahu bikulli cayʼin ɛalimun.
25,1,Tabaraka al-laḏi nazzala al-furqana ɛala ɛabdihi liyakuna lilɛalamina naḏiran.
25,2,Al-laḏi lahu mulku as-samawati wa al-ʼarḍi wa lam yattaxiḏ waladan wa lam yakun lahu carikun fi al-mulki wa xalaqa kulla cayʼin faqaddarahu taqdiran.
25,3,Wa attaxaḏu min dunihi ʼalihatan la yaxluquna cayʼan wa hum yuxlaquna wa la yamlikuna liʼnfusihim ḍarran wa la nafɛan wa la yamlikuna mawtan wa la ḥayatan wa la nucuran.
25,4,Wa qala al-laḏina kafaru ʼin haḏa ʼilla ʼifkun aftarahu wa ʼaɛanahu ɛalayhi qawmun ʼaxaruna faqad jaʼu ḏ̣ulman wa zuran.
25,5,Wa qalu ʼasaṭiru al-ʼawwalina aktatabaha fahiya tumla ɛalayhi bukratan wa ʼaṣilan.
25,6,Qul ʼanzalahu al-laḏi yaɛlamu as-sirra fi as-samawati wa al-ʼarḍi ʼinnahu kana ɣafuran raḥiman.
25,7,Wa qalu mali haḏa ar-rasuli yaʼkulu aṭ-ṭaɛama wa yamci fi al-ʼaswaqi lawla ʼunzila ʼilayhi malakun fayakuna maɛahu naḏiran.
25,8,ʼaw yulqa ʼilayhi kanzun ʼaw takunu lahu jannatun yaʼkulu minha wa qala aḏ̣-ḏ̣alimuna ʼin tattabiɛuna ʼilla rajulan masḥuran.
25,9,Anḏ̣ur kayfa ḍarabu laka al-ʼamṯala faḍallu fala yastaṭiɛuna sabilan.
25,10,Tabaraka al-laḏi ʼin caʼa jaɛala laka xayran min ḏalika jannatin tajri min taḥtiha al-ʼanharu wa yajɛal laka quṣuran.
25,11,Bal kaḏḏabu bis-saɛati wa ʼaɛtadna liman kaḏḏaba bis-saɛati saɛiran.
25,12,ʼiḏa raʼat/hum min makanin baɛidin samiɛu laha taɣayyuḏ̣an wa zafiran.
25,13,Wa ʼiḏa ʼulqu minha makanan ḍayyiqan muqarranina daɛaw hunalika ṯuburan.
25,14,La tadɛu al-yawma ṯuburan waḥidan wa adɛu ṯuburan kaṯiran.
25,15,Qul ʼaḏalika xayrun ʼam jannatu al-xuldi allati wuɛida al-muttaquna kanat lahum jazaʼan wa maṣiran.
25,16,Lahum fiha ma yacaʼuna xalidina kana ɛala rabbika waɛdan masʼulan.
25,17,Wa yawma yaḥcuruhum wa ma yaɛbuduna min duni Allahi fayaqulu ʼaʼantum ʼaḍlaltum ɛibadi haʼuulaʼ ʼam hum ḍallu as-sabil.
25,18,Qalu subḥanaka ma kana yanbaɣi lana ʼan nattaxiḏa min dunika min ʼawliyaʼa wa lakin mattaɛtahum wa ʼabaʼahum ḥatta nasu aḏ-ḏikra wa kanu qawman buran.
25,19,Faqad kaḏḏabukum bima taquluna fama tastaṭiɛuna ṣarfan wa la naṣran wa man yaḏ̣lim minkum nuḏiqhu ɛaḏaban kabiran.
25,20,Wa ma ʼarsalna qablaka mina al-mursalina ʼilla ʼinnahum layaʼkuluna aṭ-ṭaɛama wa yamcuna fi al-ʼaswaqi wa jaɛalna baɛḍakum libaɛḍin fitnatan ʼataṣbiruna wa kana rabbuka baṣiran.
25,21,Wa qala al-laḏina la yarjuna liqaʼana lawla ʼunzila ɛalayna al-malaʼikatu ʼaw nara rabbana laqad astakbaru fi ʼanfusihim wa ɛataw ɛutuwan kabiran.
25,22,Yawma yarawna al-malaʼikata la bucra yawmaʼiḏin lilmujrimina wa yaquluna ḥijran maḥjuran.
25,23,Wa qadimna ʼila ma ɛamilu min ɛamalin fajaɛalnahu habaʼan manṯuran.
25,24,ʼaṣḥabu al-jannati yawmaʼiḏin xayrun mustaqarran wa ʼaḥsanu maqilan.
25,25,Wa yawma tacaqqaqu as-samaʼu bil-ɣamami wa nuzzila al-malaʼikatu tanzilan.
25,26,Al-mulku yawmaʼiḏin al-ḥaqqu lilrraḥmani wa kana yawman ɛala al-kafirina ɛasiran.
25,27,Wa yawma yaɛaḍḍu aḏ̣-ḏ̣alimu ɛala yadayhi yaqulu ya laytani attaxaḏtu maɛa ar-rasuli sabilan.
25,28,Ya waylati laytani lam ʼattaxiḏ fulanan xalilan.
25,29,Laqad ʼaḍallani ɛan aḏ-ḏikri baɛda ʼiḏ jaʼani wa kana ac-cayṭanu lilʼinsani xaḏulan.
25,30,Wa qala ar-rasulu ya rabbi ʼinna qawmi attaxaḏu haḏa al-qurʼana mahjuran.
25,31,Wa kaḏalika jaɛalna likulli nabiyin ɛaduwan mina al-mujrimina wa kafa birabbika hadian wa naṣiran.
25,32,Wa qala al-laḏina kafaru lawla nuzzila ɛalayhi al-qurʼanu jumlatan waḥidatan kaḏalika linuṯabbita bihi fuʼadaka wa rattalnahu tartilan.
25,33,Wa la yaʼtunaka bimaṯalin ʼilla jiʼnaka bil-ḥaqqi wa ʼaḥsana tafsiran.
25,34,Al-laḏina yuḥcaruna ɛala wujuhihim ʼila jahannama ʼulaʼika carrun makanan wa ʼaḍallu sabilan.
25,35,Wa laqad ʼatayna musa al-kitaba wa jaɛalna maɛahu ʼaxahu haruna waziran.
25,36,Faqulna aḏ/haba ʼila al-qawmi al-laḏina kaḏḏabu biʼayatina fadammarnahum tadmiran.
25,37,Wa qawma nuḥin lamma kaḏḏabu ar-rusula ʼaɣraqnahum wa jaɛalnahum lilnnasi ʼayatan wa ʼaɛtadna lilḏ̣ḏ̣alimina ɛaḏaban ʼaliman.
25,38,Wa ɛadan wa ṯamuda wa ʼaṣḥaba ar-rassi wa qurunan bayna ḏalika kaṯiran.
25,39,Wa kullan ḍarabna lahu al-ʼamṯala wa kullan tabbarna tatbiran.
25,40,Wa laqad ʼataw ɛala al-qaryati allati ʼumṭirat maṭara as-sawʼi ʼafalam yakunu yarawnaha bal kanu la yarjuna nucuran.
25,41,Wa ʼiḏa rʼawka ʼin yattaxiḏunaka ʼilla huzuan ʼahaḏa al-laḏi baɛaṯa Allahu rasulan.
25,42,ʼin kada layuḍilluna ɛan ʼalihatina lawla ʼan ṣabarna ɛalayha wa sawfa yaɛlamuna ḥina yarawna al-ɛaḏaba man ʼaḍallu sabilan.
25,43,ʼaraʼayta man attaxaḏa ʼilahahu hawahu ʼafaʼanta takunu ɛalayhi wa kilan.
25,44,ʼam taḥsabu ʼanna ʼakṯarahum yasmaɛuna ʼaw yaɛqiluna ʼin hum ʼilla kalʼanɛam bal hum ʼaḍallu sabilan.
25,45,ʼalam tara ʼila rabbika kayfa madda aḏ̣-ḏ̣illa wa law caʼa lajaɛalahu sakinan ṯumma jaɛalna ac-camsa ɛalayhi dalilan.
25,46,Ṯumma qabaḍnahu ʼilayna qabḍan yasiran.
25,47,Wa huwa al-laḏi jaɛala lakumu al-layla libasan wa an-nawma subatan wa jaɛala an-nahara nucuran.
25,48,Wa huwa al-laḏi ʼarsala ar-riyaḥa bucran bayna yaday raḥmatihi wa ʼanzalna mina as-samaʼi maʼan ṭahuran.
25,49,Linuḥyiya bihi baldatan maytan wa nusqiyahu mimma xalaqna ʼanɛaman wa ʼanasiya kaṯiran.
25,50,Wa laqad ṣarrafnahu baynahum liyaḏḏakkaru faʼaba ʼakṯaru an-nasi ʼilla kufuran.
25,51,Wa law ciʼna labaɛaṯna fi kulli qaryatin naḏiran.
25,52,Fala tuṭiɛ al-kafirina wa jahid/hum bihi jihadan kabiran.
25,53,Wa huwa al-laḏi maraja al-baḥrayni haḏa ɛaḏbun furatun wa haḏa milḥun ʼujajun wa jaɛala baynahuma barzaxan wa ḥijran maḥjuran.
25,54,Wa huwa al-laḏi xalaqa mina al-maʼi bacaran fajaɛalahu nasaban wa ṣihran wa kana rabbuka qadiran.
25,55,Wa yaɛbuduna min duni Allahi ma la yanfaɛuhum wa la yaḍurruhum wa kana al-kafiru ɛala rabbihi ḏ̣ahiran.
25,56,Wa ma ʼarsalnaka ʼilla mubacciran wa naḏiran.
25,57,Qul ma ʼasʼalukum ɛalayhi min ʼajrin ʼilla man caʼa ʼan yattaxiḏa ʼila rabbihi sabilan.
25,58,Wa tawakkal ɛala al-ḥayyi al-laḏi la yamutu wa sabbiḥ biḥamdihi wa kafa bihi biḏunubi ɛibadihi xabiran.
25,59,Al-laḏi xalaqa as-samawati wa al-ʼarḍa wa ma baynahuma fi sittati ʼayyamin ṯumma astawa ɛala al-ɛarci ar-raḥmanu fasʼal bihi xabiran.
25,60,Wa ʼiḏa qila lahum asjudu lilrraḥmani qalu wa ma ar-raḥmanu ʼanasjudu lima taʼmuruna wa zadahum nufuran.
25,61,Tabaraka al-laḏi jaɛala fi as-samaʼi burujan wa jaɛala fiha sirajan wa qamaran muniran.
25,62,Wa huwa al-laḏi jaɛala al-layla wa an-nahara xilfatan liman ʼarada ʼan yaḏḏakkara ʼaw ʼarada cukuran.
25,63,Wa ɛibadu ar-raḥmani al-laḏina yamcuna ɛala al-ʼarḍi hawnan wa ʼiḏa xaṭabahum al-jahiluna qalu salaman.
25,64,Wa al-laḏina yabituna lirabbihim sujjadan wa qiyaman.
25,65,Wa al-laḏina yaquluna rabbana aṣrif ɛanna ɛaḏaba jahannama ʼinna ɛaḏabaha kana ɣaraman.
25,66,ʼinnaha saʼat mustaqarran wa muqaman.
25,67,Wa al-laḏina ʼiḏa ʼanfaqu lam yusrifu wa lam yaqturu wa kana bayna ḏalika qawaman.
25,68,Wa al-laḏina la yadɛuna maɛa Allahi ʼilahan ʼaxara wa la yaqtuluna an-nafsa allati ḥarrama Allahu ʼilla bil-ḥaqqi wa la yaznuna wa man yafɛal ḏalika yalqa ʼaṯaman.
25,69,Yuḍaɛaf lahu al-ɛaḏabu yawma al-qiyamati wa yaxlud fihi muhanan.
25,70,ʼilla man taba wa ʼamana wa ɛamila ɛamalan ṣaliḥan faʼulaʼika yubaddilu Allahu sayyiʼatihim ḥasanatin wa kana Allahu ɣafuran raḥiman.
25,71,Wa man taba wa ɛamila ṣaliḥan faʼinnahu yatubu ʼila Allahi mataban.
25,72,Wa al-laḏina la yac/haduna az-zura wa ʼiḏa marru bil-laɣwi marru kiraman.
25,73,Wa al-laḏina ʼiḏa ḏukkiru biʼayati rabbihim lam yaxirru ɛalayha ṣumman wa ɛumyanan.
25,74,Wa al-laḏina yaquluna rabbana hab lana min ʼazwajina wa ḏurriyatina qurrata ʼaɛyunin wa ajɛalna lilmuttaqina ʼimaman.
25,75,ʼulaʼika yujzawna al-ɣurfata bima ṣabaru wa yulaqqawna fiha taḥiyatan wa salaman.
25,76,Xalidina fiha ḥasunat mustaqarran wa muqaman.
25,77,Qul ma yaɛbaʼu bikum rabbi lawla duɛaʼuukum faqad kaḏḏabtum fasawfa yakunu lizaman.
26,1,Ṭa-sin-mim.
26,2,Tilka ʼayatu al-kitabi al-mubin.
26,3,Laɛallaka baxiɛun nafsaka ʼalla yakunu muʼminin.
26,4,ʼin nacaʼ nunazzil ɛalayhim mina as-samaʼi ʼayatan faḏ̣allat ʼaɛnaquhum laha xaḍiɛin.
26,5,Wa ma yaʼtihim min ḏikrin mina ar-raḥmani muḥdaṯin ʼilla kanu ɛanhu muɛriḍin.
26,6,Faqad kaḏḏabu fasayaʼtihim ʼanbaʼu ma kanu bihi yastahziʼun.
26,7,ʼawalam yaraw ʼila al-ʼarḍi kam ʼanbatna fiha min kulli zawjin karimin.
26,8,ʼinna fi ḏalika laʼayatan wa ma kana ʼakṯaruhum muʼminin.
26,9,Wa ʼinna rabbaka lahuwa al-ɛazizu ar-raḥim.
26,10,Wa ʼiḏ nada rabbuka musa ʼan aʼti al-qawma aḏ̣-ḏ̣alimin.
26,11,Qawma firɛawna ʼala yattaqun.
26,12,Qala rabbi ʼinni ʼaxafu ʼan yukaḏḏibun.
26,13,Wa yaḍiqu ṣadri wa la yanṭaliqu lisani faʼarsil ʼila harun.
26,14,Wa lahum ɛalayya ḏanbun faʼaxafu ʼan yaqtulun.
26,15,Qala kalla faḏ/haba biʼayatina ʼinna maɛakum mustamiɛun.
26,16,Faʼtiya firɛawna faqula ʼinna rasulu rabbi al-ɛalamin.
26,17,ʼan ʼarsil maɛana bani ʼisraʼil.
26,18,Qala ʼalam nurabbika fina walidan wa labiṯta fina min ɛumurika sinin.
26,19,Wa faɛalta faɛlataka allati faɛalta wa ʼanta mina al-kafirin.
26,20,Qala faɛaltuha ʼiḏan wa ʼana mina aḍ-ḍallin.
26,21,Fafarartu minkum lamma xiftukum fawahaba li rabbi ḥukman wa jaɛalani mina al-mursalin.
26,22,Wa tilka niɛmatun tamunnuha ɛalayya ʼan ɛabbadta bani ʼisraʼil.
26,23,Qala firɛawnu wa ma rabbu al-ɛalamin.
26,24,Qala rabbu as-samawati wa al-ʼarḍi wa ma baynahuma ʼin kuntum muqinin.
26,25,Qala liman ḥawlahu ʼala tastamiɛun.
26,26,Qala rabbukum wa rabbu ʼabaʼikumu al-ʼawwalin.
26,27,Qala ʼinna rasulakum al-laḏi ʼursila ʼilaykum lamajnunun.
26,28,Qala rabbu al-macriqi wa al-maɣribi wa ma baynahuma ʼin kuntum taɛqilun.
26,29,Qala laʼin attaxaḏta ʼilahan ɣayri laʼajɛalannaka mina al-masjunin.
26,30,Qala ʼawalaw jiʼtuka bicayʼin mubinin.
26,31,Qala faʼti bihi ʼin kunta mina aṣ-ṣadiqin.
26,32,Faʼalqa ɛaṣahu faʼiḏa hiya ṯuɛbanun mubinun.
26,33,Wa nazaɛa yadahu faʼiḏa hiya bayḍaʼu lilnnaḏ̣irin.
26,34,Qala lilmalaʼi ḥawlahu ʼinna haḏa lasaḥirun ɛalimun.
26,35,Yuridu ʼan yuxrijakum min ʼarḍikum bisiḥrihi famaḏa taʼmurun.
26,36,Qalu ʼarjihi wa ʼaxahu wa abɛaṯ fi al-madaʼini ḥacirin.
26,37,Yaʼtuka bikulli saḥḥarin ɛalimin.
26,38,Fajumiɛa as-saḥaratu limiqati yawmin maɛlumin.
26,39,Wa qila lilnnasi hal ʼantum mujtamiɛun.
26,40,Laɛallana nattabiɛu as-saḥarata ʼin kanu hum al-ɣalibin.
26,41,Falamma jaʼa as-saḥaratu qalu lifirɛawna ʼaʼinna lana laʼajran ʼin kunna naḥnu al-ɣalibin.
26,42,Qala naɛam wa ʼinnakum ʼiḏan lamina al-muqarrabin.
26,43,Qala lahum musa ʼalqu ma ʼantum mulqun.
26,44,Faʼalqaw ḥibalahum wa ɛiṣiyahum wa qalu biɛizzati firɛawna ʼinna lanaḥnu al-ɣalibun.
26,45,Faʼalqa musa ɛaṣahu faʼiḏa hiya talqafu ma yaʼfikun.
26,46,Faʼulqiya as-saḥaratu sajidin.
26,47,Qalu ʼamanna birabbi al-ɛalamin.
26,48,Rabbi musa wa harun.
26,49,Qala ʼamantum lahu qabla ʼan ʼaḏana lakum ʼinnahu lakabirukum al-laḏi ɛallamakum as-siḥra falasawfa taɛlamuna laʼuqaṭṭiɛanna ʼaydiyakum wa ʼarjulakum min xilafin wa laʼuṣallibannakum ʼajmaɛin.
26,50,Qalu la ḍayra ʼinna ʼila rabbina munqalibun.
26,51,ʼinna naṭmaɛu ʼan yaɣfira lana rabbuna xaṭayana ʼan kunna ʼawwala al-muʼminin.
26,52,Wa ʼawḥayna ʼila musa ʼan ʼasri biɛibadi ʼinnakum muttabaɛun.
26,53,Faʼarsala firɛawnu fi al-madaʼini ḥacirin.
26,54,ʼinna haʼuulaʼ lacirḏimatun qalilun.
26,55,Wa ʼinnahum lana laɣaʼiḏ̣un.
26,56,Wa ʼinna lajamiɛun ḥaḏirun.
26,57,Faʼaxrajnahum min jannatin wa ɛuyunin.
26,58,Wa kunuzin wa maqamin karimin.
26,59,Kaḏalika wa ʼawraṯnaha bani ʼisraʼil.
26,60,Faʼatbaɛuhum mucriqin.
26,61,Falamma taraʼa al-jamɛani qala ʼaṣḥabu musa ʼinna lamudrakun.
26,62,Qala kalla ʼinna maɛiya rabbi sayahdin.
26,63,Faʼawḥayna ʼila musa ʼan aḍrib biɛaṣaka al-baḥra fanfalaqa fakana kullu firqin kalṭṭawdi al-ɛaḏ̣im.
26,64,Wa ʼazlafna ṯamma al-ʼaxarin.
26,65,Wa ʼanjayna musa wa man maɛahu ʼajmaɛin.
26,66,Ṯumma ʼaɣraqna al-ʼaxarin.
26,67,ʼinna fi ḏalika laʼayatan wa ma kana ʼakṯaruhum muʼminin.
26,68,Wa ʼinna rabbaka lahuwa al-ɛazizu ar-raḥim.
26,69,Wa atlu ɛalayhim nabaʼa ʼibrahim.
26,70,ʼiḏ qala liʼabihi wa qawmihi ma taɛbudun.
26,71,Qalu naɛbudu ʼaṣnaman fanaḏ̣allu laha ɛakifin.
26,72,Qala hal yasmaɛunakum ʼiḏ tadɛun.
26,73,ʼaw yanfaɛunakum ʼaw yaḍurrun.
26,74,Qalu bal wajadna ʼabaʼana kaḏalika yafɛalun.
26,75,Qala ʼafaraʼaytum ma kuntum taɛbudun.
26,76,ʼantum wa ʼabaʼuukumu al-ʼaqdamun.
26,77,Faʼinnahum ɛaduwun li ʼilla rabba al-ɛalamin.
26,78,Al-laḏi xalaqani fahuwa yahdin.
26,79,Wa al-laḏi huwa yuṭɛimuni wa yasqin.
26,80,Wa ʼiḏa mariḍtu fahuwa yacfin.
26,81,Wa al-laḏi yumituni ṯumma yuḥyin.
26,82,Wa al-laḏi ʼaṭmaɛu ʼan yaɣfira li xaṭiʼati yawma ad-din.
26,83,Rabbi hab li ḥukman wa ʼalḥiqni biṣ-ṣaliḥin.
26,84,Wa ajɛal li lisana ṣidqin fi al-ʼaxirin.
26,85,Wa ajɛalni min waraṯati jannati an-naɛim.
26,86,Wa aɣfir liʼabi ʼinnahu kana mina aḍ-ḍallin.
26,87,Wa la tuxzini yawma yubɛaṯun.
26,88,Yawma la yanfaɛu malun wa la banun.
26,89,ʼilla man ʼata Allaha biqalbin salimin.
26,90,Wa ʼuzlifat al-jannatu lilmuttaqin.
26,91,Wa burrizat al-jaḥimu lilɣawin.
26,92,Wa qila lahum ʼayna ma kuntum taɛbudun.
26,93,Min duni Allahi hal yanṣurunakum ʼaw yantaṣirun.
26,94,Fakubkibu fiha hum wa al-ɣawun.
26,95,Wa junudu ʼiblisa ʼajmaɛun.
26,96,Qalu wa hum fiha yaxtaṣimun.
26,97,Ta-Allahi ʼin kunna lafi ḍalalin mubinin.
26,98,ʼiḏ nusawwikum birabbi al-ɛalamin.
26,99,Wa ma ʼaḍallana ʼilla al-mujrimun.
26,100,Fama lana min cafiɛin.
26,101,Wa la ṣadiqin ḥamimin.
26,102,Falaw ʼanna lana karratan fanakuna mina al-muʼminin.
26,103,ʼinna fi ḏalika laʼayatan wa ma kana ʼakṯaruhum muʼminin.
26,104,Wa ʼinna rabbaka lahuwa al-ɛazizu ar-raḥim.
26,105,Kaḏḏabat qawmu nuḥin al-mursalin.
26,106,ʼiḏ qala lahum ʼaxuhum nuḥun ʼala tattaqun.
26,107,ʼinni lakum rasulun ʼaminun.
26,108,Fattaqu Allaha wa ʼaṭiɛun.
26,109,Wa ma ʼasʼalukum ɛalayhi min ʼajrin ʼin ʼajri ʼilla ɛala rabbi al-ɛalamin.
26,110,Fattaqu Allaha wa ʼaṭiɛun.
26,111,Qalu ʼanuʼminu laka wa attabaɛaka al-ʼarḏalun.
26,112,Qala wa ma ɛilmi bima kanu yaɛmalun.
26,113,ʼin ḥisabuhum ʼilla ɛala rabbi law tacɛurun.
26,114,Wa ma ʼana biṭaridi al-muʼminin.
26,115,ʼin ʼana ʼilla naḏirun mubinun.
26,116,Qalu laʼin lam tantahi ya nuḥu latakunanna mina al-marjumin.
26,117,Qala rabbi ʼinna qawmi kaḏḏabun.
26,118,Faftaḥ bayni wa baynahum fatḥan wa najjini wa man maɛi mina al-muʼminin.
26,119,Faʼanjaynahu wa man maɛahu fi al-fulki al-macḥun.
26,120,Ṯumma ʼaɣraqna baɛdu al-baqin.
26,121,ʼinna fi ḏalika laʼayatan wa ma kana ʼakṯaruhum muʼminin.
26,122,Wa ʼinna rabbaka lahuwa al-ɛazizu ar-raḥim.
26,123,Kaḏḏabat ɛadun al-mursalin.
26,124,ʼiḏ qala lahum ʼaxuhum hudun ʼala tattaqun.
26,125,ʼinni lakum rasulun ʼaminun.
26,126,Fattaqu Allaha wa ʼaṭiɛun.
26,127,Wa ma ʼasʼalukum ɛalayhi min ʼajrin ʼin ʼajri ʼilla ɛala rabbi al-ɛalamin.
26,128,ʼatabnuna bikulli riɛin ʼayatan taɛbaṯun.
26,129,Wa tattaxiḏuna maṣaniɛa laɛallakum taxludun.
26,130,Wa ʼiḏa baṭactum baṭactum jabbarin.
26,131,Fattaqu Allaha wa ʼaṭiɛun.
26,132,Wa attaqu al-laḏi ʼamaddakum bima taɛlamun.
26,133,ʼamaddakum biʼanɛamin wa banin.
26,134,Wa jannatin wa ɛuyunin.
26,135,ʼinni ʼaxafu ɛalaykum ɛaḏaba yawmin ɛaḏ̣imin.
26,136,Qalu sawaʼun ɛalayna ʼawaɛaḏ̣ta ʼam lam takun mina al-waɛiḏ̣in.
26,137,ʼin haḏa ʼilla xuluqu al-ʼawwalin.
26,138,Wa ma naḥnu bimuɛaḏḏabin.
26,139,Fakaḏḏabuhu faʼahlaknahum ʼinna fi ḏalika laʼayatan wa ma kana ʼakṯaruhum muʼminin.
26,140,Wa ʼinna rabbaka lahuwa al-ɛazizu ar-raḥim.
26,141,Kaḏḏabat ṯamudu al-mursalin.
26,142,ʼiḏ qala lahum ʼaxuhum ṣaliḥun ʼala tattaqun.
26,143,ʼinni lakum rasulun ʼaminun.
26,144,Fattaqu Allaha wa ʼaṭiɛun.
26,145,Wa ma ʼasʼalukum ɛalayhi min ʼajrin ʼin ʼajriya ʼilla ɛala rabbi al-ɛalamin.
26,146,ʼatutrakuna fi ma hahuna ʼaminin.
26,147,Fi jannatin wa ɛuyunin.
26,148,Wa zuruɛin wa naxlin ṭalɛuha haḍimun.
26,149,Wa tanḥituna mina al-jibali buyutan farihin.
26,150,Fattaqu Allaha wa ʼaṭiɛun.
26,151,Wa la tuṭiɛu ʼamra al-musrifin.
26,152,Al-laḏina yufsiduna fi al-ʼarḍi wa la yuṣliḥun.
26,153,Qalu ʼinnama ʼanta mina al-musaḥḥarin.
26,154,Ma ʼanta ʼilla bacarun miṯluna faʼti biʼayatin ʼin kunta mina aṣ-ṣadiqin.
26,155,Qala haḏihi naqatun laha cirbun wa lakum cirbu yawmin maɛlumin.
26,156,Wa la tamassuha bisuʼin fayaʼxuḏakum ɛaḏabu yawmin ɛaḏ̣imin.
26,157,Faɛaqaruha faʼaṣbaḥu nadimin.
26,158,Faʼaxaḏahum al-ɛaḏabu ʼinna fi ḏalika laʼayatan wa ma kana ʼakṯaruhum muʼminin.
26,159,Wa ʼinna rabbaka lahuwa al-ɛazizu ar-raḥim.
26,160,Kaḏḏabat qawmu luṭin al-mursalin.
26,161,ʼiḏ qala lahum ʼaxuhum luṭun ʼala tattaqun.
26,162,ʼinni lakum rasulun ʼaminun.
26,163,Fattaqu Allaha wa ʼaṭiɛun.
26,164,Wa ma ʼasʼalukum ɛalayhi min ʼajrin ʼin ʼajriya ʼilla ɛala rabbi al-ɛalamin.
26,165,ʼataʼtuna aḏ-ḏukrana mina al-ɛalamin.
26,166,Wa taḏaruna ma xalaqa lakum rabbukum min ʼazwajikum bal ʼantum qawmun ɛadun.
26,167,Qalu laʼin lam tantahi ya luṭu latakunanna mina al-muxrajin.
26,168,Qala ʼinni liɛamalikum mina al-qalin.
26,169,Rabbi najjini wa ʼahli mimma yaɛmalun.
26,170,Fanajjaynahu wa ʼahlahu ʼajmaɛin.
26,171,ʼilla ɛajuzan fi al-ɣabirin.
26,172,Ṯumma dammarna al-ʼaxarin.
26,173,Wa ʼamṭarna ɛalayhim maṭaran fasaʼa maṭaru al-munḏarin.
26,174,ʼinna fi ḏalika laʼayatan wa ma kana ʼakṯaruhum muʼminin.
26,175,Wa ʼinna rabbaka lahuwa al-ɛazizu ar-raḥim.
26,176,Kaḏḏaba ʼaṣḥabu al-ʼaykati al-mursalin.
26,177,ʼiḏ qala lahum cuɛaybun ʼala tattaqun.
26,178,ʼinni lakum rasulun ʼaminun.
26,179,Fattaqu Allaha wa ʼaṭiɛun.
26,180,Wa ma ʼasʼalukum ɛalayhi min ʼajrin ʼin ʼajriya ʼilla ɛala rabbi al-ɛalamin.
26,181,ʼawfu al-kayla wa la takunu mina al-muxsirin.
26,182,Wa zinu bil-qisṭasi al-mustaqim.
26,183,Wa la tabxasu an-nasa ʼacyaʼahum wa la taɛṯaw fi al-ʼarḍi mufsidin.
26,184,Wa attaqu al-laḏi xalaqakum wa al-jibillata al-ʼawwalin.
26,185,Qalu ʼinnama ʼanta mina al-musaḥḥarin.
26,186,Wa ma ʼanta ʼilla bacarun miṯluna wa ʼin naḏ̣unnuka lamina al-kaḏibin.
26,187,Faʼasqiṭ ɛalayna kisafan mina as-samaʼi ʼin kunta mina aṣ-ṣadiqin.
26,188,Qala rabbi ʼaɛlamu bima taɛmalun.
26,189,Fakaḏḏabuhu faʼaxaḏahum ɛaḏabu yawmi aḏ̣-ḏ̣ullati ʼinnahu kana ɛaḏaba yawmin ɛaḏ̣imin.
26,190,ʼinna fi ḏalika laʼayatan wa ma kana ʼakṯaruhum muʼminin.
26,191,Wa ʼinna rabbaka lahuwa al-ɛazizu ar-raḥim.
26,192,Wa ʼinnahu latanzilu rabbi al-ɛalamin.
26,193,Nazala bihi ar-ruḥu al-ʼamin.
26,194,Ɛala qalbika litakuna mina al-munḏirin.
26,195,Bilisanin ɛarabiyin mubinin.
26,196,Wa ʼinnahu lafi zuburi al-ʼawwalin.
26,197,ʼawalam yakun lahum ʼayatan ʼan yaɛlamahu ɛulamaʼu bani ʼisraʼil.
26,198,Wa law nazzalnahu ɛala baɛḍi al-ʼaɛjamin.
26,199,Faqaraʼahu ɛalayhim ma kanu bihi muʼminin.
26,200,Kaḏalika salaknahu fi qulubi al-mujrimin.
26,201,La yuʼminuna bihi ḥatta yaraw al-ɛaḏaba al-ʼalim.
26,202,Fayaʼtiyahum baɣtatan wa hum la yacɛurun.
26,203,Fayaqulu hal naḥnu munḏ̣arun.
26,204,ʼafabiɛaḏabina yastaɛjilun.
26,205,ʼafaraʼayta ʼin mattaɛnahum sinin.
26,206,Ṯumma jaʼahum ma kanu yuɛadun.
26,207,Ma ʼaɣna ɛanhum ma kanu yumattaɛun.
26,208,Wa ma ʼahlakna min qaryatin ʼilla laha munḏirun.
26,209,Ḏikra wa ma kunna ḏ̣alimin.
26,210,Wa ma tanazzalat bihi ac-cayaṭin.
26,211,Wa ma yanbaɣi lahum wa ma yastaṭiɛun.
26,212,ʼinnahum ɛan as-samɛi lamaɛzulun.
26,213,Fala tadɛu maɛa Allahi ʼilahan ʼaxara fatakuna mina al-muɛaḏḏabin.
26,214,Wa ʼanḏir ɛacirataka al-ʼaqrabin.
26,215,Wa axfiḍ janaḥaka liman attabaɛaka mina al-muʼminin.
26,216,Faʼin ɛaṣawka faqul ʼinni bariʼun mimma taɛmalun.
26,217,Wa tawakkal ɛala al-ɛazizi ar-raḥim.
26,218,Al-laḏi yaraka ḥina taqum.
26,219,Wa taqallubaka fi as-sajidin.
26,220,ʼinnahu huwa as-samiɛu al-ɛalim.
26,221,Hal ʼunabbiʼukum ɛala man tanazzalu ac-cayaṭin.
26,222,Tanazzalu ɛala kulli ʼaffakin ʼaṯimin.
26,223,Yulquna as-samɛa wa ʼakṯaruhum kaḏibun.
26,224,Wa ac-cuɛaraʼu yattabiɛuhum al-ɣawun.
26,225,ʼalam tara ʼannahum fi kulli wadin yahimun.
26,226,Wa ʼannahum yaquluna ma la yafɛalun.
26,227,ʼilla al-laḏina ʼamanu wa ɛamilu aṣ-ṣaliḥati wa ḏakaru Allaha kaṯiran wa antaṣaru min baɛdi ma ḏ̣ulimu wa sayaɛlamu al-laḏina ḏ̣alamu ʼayya munqalabin yanqalibun.
27,1,Ṭa-sin tilka ʼayatu al-qurʼani wa kitabin mubinin.mpʼ>(an-naml: .
27,2,Hudan wa bucra lilmuʼminina.mpʼ>(an-naml: .
27,3,Al-laḏina yuqimuna aṣ-ṣalata wa yuʼtuna az-zakata wa hum bil-ʼaxirati hum yuqinuna.mpʼ>(an-naml: .
27,4,ʼinna al-laḏina la yuʼminuna bil-ʼaxirati zayyanna lahum ʼaɛmalahum fahum yaɛmahuna.mpʼ>(an-naml: .
27,5,ʼulaʼika al-laḏina lahum suʼ al-ɛaḏabi wa hum fi al-ʼaxirati humu al-ʼaxsaruna.mpʼ>(an-naml: .
27,6,Wa ʼinnaka latulaqqa al-qurʼana min ladun ḥakimin ɛalimin.mpʼ>(an-naml: .
27,7,ʼiḏ qala musa liʼhlihi ʼinni ʼanastu naran saʼatikum minha bixabarin ʼaw ʼatikum bicihabin qabasin laɛallakum taṣṭaluna.mpʼ>(an-naml: .
27,8,Falamma jaʼaha nudiya ʼan burika man fi an-nari wa man ḥawlaha wa subḥana Allahi rabbi al-ɛalamina.mpʼ>(an-naml: .
27,9,Ya musa ʼinnahu ʼana Allahu al-ɛazizu al-ḥakimu.mpʼ>(an-naml: .
27,10,Wa ʼalqi ɛaṣaka falamma raʼaha tahtazzu kaʼannaha jannun walla mudbiran wa lam yuɛaqqib ya musa la taxaf ʼinni la yaxafu ladayya al-mursaluna.mpʼ>(an-naml: .
27,11,ʼilla man ḏ̣alama ṯumma baddala ḥusnan baɛda suʼin faʼinni ɣafurun raḥimun.mpʼ>(an-naml: .
27,12,Wa ʼadxil yadaka fi jaybika taxruj bayḍaʼa min ɣayri suʼin fi tisɛi ʼayatin ʼila firɛawna wa qawmihi ʼinnahum kanu qawman fasiqina.mpʼ>(an-naml: .
27,13,Falamma jaʼat/hum ʼayatuna mubṣiratan qalu haḏa siḥrun mubinun.mpʼ>(an-naml: .
27,14,Wa jaḥadu biha wa astayqanat/ha ʼanfusuhum ḏ̣ulman wa ɛuluwan fanḏ̣ur kayfa kana ɛaqibatu al-mufsidina.mpʼ>(an-naml: .
27,15,Wa laqad ʼatayna dawuda wa sulaymana ɛilman wa qala al-ḥamdu Lillahi al-laḏi faḍḍalana ɛala kaṯirin min ɛibadihi al-muʼminina.mpʼ>(an-naml: .
27,16,Wa wariṯa sulaymanu dawuda wa qala ya ʼayyuha an-nasu ɛullimna manṭiqa aṭ-ṭayri wa ʼutina min kulli cayʼin ʼinna haḏa lahuwa al-faḍlu al-mubinu.mpʼ>(an-naml: .
27,17,Wa ḥucira lisulaymana junuduhu mina al-jinni wa al-ʼinsi wa aṭ-ṭayri fahum yuzaɛuna.mpʼ>(an-naml: .
27,18,Ḥatta ʼiḏa ʼataw ɛala wadi an-namli qalat namlatun ya ʼayyuha an-namlu adxulu masakinakum la yaḥṭimannakum sulaymanu wa junuduhu wa hum la yacɛuruna.mpʼ>(an-naml: .
27,19,Fatabassama ḍaḥikan min qawliha wa qala rabbi ʼawziɛni ʼan ʼackura niɛmataka allati ʼanɛamta ɛalayya wa ɛala wa a-dayya wa ʼan ʼaɛmala ṣaliḥan tarḍahu wa ʼadxilni biraḥmatika fi ɛibadika aṣ-ṣaliḥina.mpʼ>(an-naml: .
27,20,Wa tafaqqada aṭ-ṭayra faqala ma li la ʼara al-hud/huda ʼam kana mina al-ɣaʼibina.mpʼ>(an-naml: .
27,21,Laʼuɛaḏḏibannahu ɛaḏaban cadidan ʼaw laʼaḏbaḥannahu ʼaw layaʼtiyani bisulṭanin mubinin.mpʼ>(an-naml: .
27,22,Famakaṯa ɣayra baɛidin faqala ʼaḥaṭtu bima lam tuḥiṭ bihi wa jiʼtuka min sabaʼiin binabaʼiin yaqinin.mpʼ>(an-naml: .
27,23,ʼinni wa jadttu amraʼatan tamlikuhum wa ʼutiyat min kulli cayʼin wa laha ɛarcun ɛaḏ̣imun.mpʼ>(an-naml: .
27,24,Wa jadtuha wa qawmaha yasjuduna lilccamsi min duni Allahi wa zayyana lahumu ac-cayṭanu ʼaɛmalahum faṣaddahum ɛan as-sabili fahum la yahtaduna.mpʼ>(an-naml: .
27,25,ʼalla yasjudu Lillahi al-laḏi yuxriju al-xabʼa fi as-samawati wa al-ʼarḍi wa yaɛlamu ma tuxfuna wa ma tuɛlinuna.mpʼ>(an-naml: .
27,26,Allahu la ʼilaha ʼilla huwa rabbu al-ɛarci al-ɛaḏ̣imi.mpʼ>(an-naml: .
27,27,Qala sananḏ̣uru ʼaṣadaqta ʼam kunta mina al-kaḏibina.mpʼ>(an-naml: .
27,28,Aḏ/hab bikitabi haḏa faʼalqihi ʼilayhim ṯumma tawalla ɛanhum fanḏ̣ur maḏa yarjiɛuna.mpʼ>(an-naml: .
27,29,Qalat ya ʼayyuha al-malaʼu ʼinni ʼulqiya ʼilayya kitabun karimun.mpʼ>(an-naml: .
27,30,ʼinnahu min sulaymana wa ʼinnahu bismi Allahi ar-raḥmani ar-raḥimi.mpʼ>(an-naml: .
27,31,ʼalla taɛlu ɛalayya wa ʼtuni muslimina.mpʼ>(an-naml: .
27,32,Qalat ya ʼayyuha al-malaʼu ʼaftuni fi ʼamri ma kuntu qaṭiɛatan ʼamran ḥatta tac/haduni.mpʼ>(an-naml: .
27,33,Qalu naḥnu ʼulu quwatin wa ʼulu baʼsin cadidin wa al-ʼamru ʼilayki fanḏ̣uri maḏa taʼmurina.mpʼ>(an-naml: .
27,34,Qalat ʼinna al-muluka ʼiḏa daxalu qaryatan ʼafsaduha wa jaɛalu ʼaɛizzata ʼahliha ʼaḏillatan wa kaḏalika yafɛaluna.mpʼ>(an-naml: .
27,35,Wa ʼinni mursilatun ʼilayhim bihadiyatin fanaḏ̣iratun bima yarjiɛu al-mursaluna.mpʼ>(an-naml: .
27,36,Falamma jaʼa sulaymana qala ʼatumiddunani bimalin fama ʼataniya Allahu xayrun mimma ʼatakum bal ʼantum bihadiyatikum tafraḥuna.mpʼ>(an-naml: .
27,37,Arjiɛ ʼilayhim falanaʼtiyannahum bijunudin la qibala lahum biha wa lanuxrijannahum minha ʼaḏillatan wa hum ṣaɣiruna.mpʼ>(an-naml: .
27,38,Qala ya ʼayyuha al-malaʼu ʼayyukum yaʼtini biɛarciha qabla ʼan yaʼtuni muslimina.mpʼ>(an-naml: .
27,39,Qala ɛifrytun mina al-jinni ʼana ʼatika bihi qabla ʼan taquma min maqamika wa ʼinni ɛalayhi laqawiyun ʼaminun.mpʼ>(an-naml: .
27,40,Qala al-laḏi ɛindahu ɛilmun mina al-kitabi ʼana ʼatika bihi qabla ʼan yartadda ʼilayka ṭarfuka falamma raʼahu mustaqirran ɛindahu qala haḏa min faḍli rabbi liyabluwani ʼaʼackuru ʼam ʼakfuru wa man cakara faʼinnama yackuru linafsihi wa man kafara faʼinna rabbi ɣaniyun karimun.mpʼ>(an-naml: .
27,41,Qala nakkiru laha ɛarcaha nanḏ̣ur ʼatahtadi ʼam takunu mina al-laḏina la yahtaduna.mpʼ>(an-naml: .
27,42,Falamma jaʼat qila ʼahakaḏa ɛarcuki qalat kaʼannahu huwa wa ʼutina al-ɛilma min qabliha wa kunna muslimina.mpʼ>(an-naml: .
27,43,Wa ṣaddaha ma kanat taɛbudu min duni Allahi ʼinnaha kanat min qawmin kafirina.mpʼ>(an-naml: .
27,44,Qila laha adxuli aṣ-ṣarḥa falamma raʼat/hu ḥasibat/hu lujjatan wa kacafat ɛan saqayha qala ʼinnahu ṣarḥun mumarradun min qawarira qalat rabbi ʼinni ḏ̣alamtu nafsi wa ʼaslamtu maɛa sulaymana Lillahi rabbi al-ɛalamina.mpʼ>(an-naml: .
27,45,Wa laqad ʼarsalna ʼila ṯamuda ʼaxahum ṣaliḥan ʼan aɛbudu Allaha faʼiḏa hum fariqani yaxtaṣimuna.mpʼ>(an-naml: .
27,46,Qala ya qawmi lima tastaɛjiluna bis-sayyiʼati qabla al-ḥasanati lawla tastaɣfiruna Allaha laɛallakum turḥamuna.mpʼ>(an-naml: .
27,47,Qalu aṭṭayyarna bika wa biman maɛaka qala ṭaʼirukum ɛinda Allahi bal ʼantum qawmun tuftanuna.mpʼ>(an-naml: .
27,48,Wa kana fi al-madinati tisɛatu rahṭin yufsiduna fi al-ʼarḍi wa la yuṣliḥuna.mpʼ>(an-naml: .
27,49,Qalu taqasamu Billahi lanubayyitannahu wa ʼahlahu ṯumma lanaqulanna liwaliyihi ma cahidna mahlika ʼahlihi wa ʼinna laṣadiquna.mpʼ>(an-naml: .
27,50,Wa makaru makran wa makarna makran wa hum la yacɛuruna.mpʼ>(an-naml: .
27,51,Fanḏ̣ur kayfa kana ɛaqibatu makrihim ʼanna dammarnahum wa qawmahum ʼajmaɛina.mpʼ>(an-naml: .
27,52,Fatilka buyutuhum xawiyatan bima ḏ̣alamu ʼinna fi ḏalika laʼayatan liqawmin yaɛlamuna.mpʼ>(an-naml: .
27,53,Wa ʼanjayna al-laḏina ʼamanu wa kanu yattaquna.mpʼ>(an-naml: .
27,54,Wa luṭan ʼiḏ qala liqawmihi ʼataʼtuna al-faḥicata wa ʼantum tubṣiruna.mpʼ>(an-naml: .
27,55,ʼaʼinnakum lataʼtuna ar-rijala cahwatan min duni an-nisaʼ bal ʼantum qawmun tajhaluna.mpʼ>(an-naml: .
27,56,Fama kana jawaba qawmihi ʼilla ʼan qalu ʼaxriju ʼala luṭin min qaryatikum ʼinnahum ʼunasun yataṭahharuna.mpʼ>(an-naml: .
27,57,Faʼanjaynahu wa ʼahlahu ʼilla amraʼatahu qaddarnaha mina al-ɣabirina.mpʼ>(an-naml: .
27,58,Wa ʼamṭarna ɛalayhim maṭaran fasaʼa maṭaru al-munḏarina.mpʼ>(an-naml: .
27,59,Qul al-ḥamdu Lillahi wa salamun ɛala ɛibadihi al-laḏina aṣṭafa ʼalllahu xayrun ʼamma yucrikuna.mpʼ>(an-naml: .
27,60,ʼamman xalaqa as-samawati wa al-ʼarḍa wa ʼanzala lakum mina as-samaʼi maʼan faʼanbatna bihi ḥadaʼiqa ḏata bahjatin ma kana lakum ʼan tunbitu cajaraha ʼaʼilahun maɛa Allahi bal hum qawmun yaɛdiluna.mpʼ>(an-naml: .
27,61,ʼamman jaɛala al-ʼarḍa qararan wa jaɛala xilalaha ʼanharan wa jaɛala laha rawasiya wa jaɛala bayna al-baḥrayni ḥajizan ʼaʼilahun maɛa Allahi bal ʼakṯaruhum la yaɛlamuna.mpʼ>(an-naml: .
27,62,ʼamman yujibu al-muḍṭarra ʼiḏa daɛahu wa yakcifu as-suʼa wa yajɛalukum xulafaʼa al-ʼarḍi ʼaʼilahun maɛa Allahi qalilan ma taḏakkaruna.mpʼ>(an-naml: .
27,63,ʼamman yahdikum fi ḏ̣ulumati al-barri wa al-baḥri wa man yursilu ar-riyaḥa bucran bayna yaday raḥmatihi ʼaʼilahun maɛa Allahi taɛala Allahu ɛamma yucrikuna.mpʼ>(an-naml: .
27,64,ʼamman yabdaʼu al-xalqa ṯumma yuɛiduhu wa man yarzuqukum mina as-samaʼi wa al-ʼarḍi ʼaʼilahun maɛa Allahi qul hatu burhanakum ʼin kuntum ṣadiqina.mpʼ>(an-naml: .
27,65,Qul la yaɛlamu man fi as-samawati wa al-ʼarḍi al-ɣayba ʼilla Allahu wa ma yacɛuruna ʼayyana yubɛaṯuna.mpʼ>(an-naml: .
27,66,Bal addaraka ɛilmuhum fi al-ʼaxirati bal hum fi cakkin minha bal hum minha ɛamuna.mpʼ>(an-naml: .
27,67,Wa qala al-laḏina kafaru ʼaʼiḏa kunna turaban wa ʼabaʼuuna ʼaʼinna lamuxrajun.
27,68,Laqad wuɛidna haḏa naḥnu wa ʼabaʼuuna min qablu ʼin haḏa ʼilla ʼasaṭiru al-ʼawwalin.
27,69,Qul siru fi al-ʼarḍi fanḏ̣uru kayfa kana ɛaqibatu al-mujrimin.
27,70,Wa la taḥzan ɛalayhim wa la takun fi ḍayqin mimma yamkurun.
27,71,Wa yaquluna mata haḏa al-waɛdu ʼin kuntum ṣadiqin.
27,72,Qul ɛasa ʼan yakuna radifa lakum baɛḍu al-laḏi tastaɛjilun.
27,73,Wa ʼinna rabbaka laḏu faḍlin ɛala an-nasi wa lakinna ʼakṯarahum la yackurun.
27,74,Wa ʼinna rabbaka layaɛlamu ma tukinnu ṣuduruhum wa ma yuɛlinun.
27,75,Wa ma min ɣaʼibatin fi as-samaʼi wa al-ʼarḍi ʼilla fi kitabin mubinin.
27,76,ʼinna haḏa al-qurʼana yaquṣṣu ɛala bani ʼisraʼila ʼakṯara al-laḏi hum fihi yaxtalifun.
27,77,Wa ʼinnahu lahudan wa raḥmatun lilmuʼminin.
27,78,ʼinna rabbaka yaqḍi baynahum biḥukmihi wa huwa al-ɛazizu al-ɛalim.
27,79,Fatawakkal ɛala Allahi ʼinnaka ɛala al-ḥaqqi al-mubin.
27,80,ʼinnaka la tusmiɛu al-mawta wa la tusmiɛu aṣ-ṣumma ad-duɛaʼa ʼiḏa wa llaw mudbirin.
27,81,Wa ma ʼanta bihadi al-ɛumyi ɛan ḍalalatihim ʼin tusmiɛu ʼilla man yuʼminu biʼayatina fahum muslimun.
27,82,Wa ʼiḏa waqaɛa al-qawlu ɛalayhim ʼaxrajna lahum dabbatan mina al-ʼarḍi tukallimuhum ʼanna an-nasa kanu biʼayatina la yuqinun.
27,83,Wa yawma naḥcuru min kulli ʼummatin fawjan mimman yukaḏḏibu biʼayatina fahum yuzaɛun.
27,84,Ḥatta ʼiḏa jaʼu qala ʼakaḏḏabtum biʼayati wa lam tuḥiṭu biha ɛilman ʼammaḏa kuntum taɛmalun.
27,85,Wa waqaɛa al-qawlu ɛalayhim bima ḏ̣alamu fahum la yanṭiqun.
27,86,ʼalam yaraw ʼanna jaɛalna al-layla liyaskunu fihi wa an-nahara mubṣiran ʼinna fi ḏalika lʼayatin liqawmin yuʼminun.
27,87,Wa yawma yunfaxu fi aṣ-ṣuri fafaziɛa man fi as-samawati wa man fi al-ʼarḍi ʼilla man caʼa Allahu wa kullun ʼatawhu daxirin.
27,88,Wa tara al-jibala taḥsabuha jamidatan wa hiya tamurru marra as-saḥabi ṣunɛa Allahi al-laḏi ʼatqana kulla cayʼin ʼinnahu xabirun bima tafɛalun.
27,89,Man jaʼa bil-ḥasanati falahu xayrun minha wa hum min fazaɛin yawmaʼiḏin ʼaminun.
27,90,Wa man jaʼa bis-sayyiʼati fakubbat wujuhuhum fi an-nari hal tujzawna ʼilla ma kuntum taɛmalun.
27,91,ʼinnama ʼumirtu ʼan ʼaɛbuda rabba haḏihi al-baldati al-laḏi ḥarramaha wa lahu kullu cayʼin wa ʼumirtu ʼan ʼakuna mina al-muslimin.
27,92,Wa ʼan ʼatluwa al-qurʼana famani ahtada faʼinnama yahtadi linafsihi wa man ḍalla faqul ʼinnama ʼana mina al-munḏirin.
27,93,Wa qul al-ḥamdu Lillahi sayurikum ʼayatihi fataɛrifunaha wa ma rabbuka biɣafilin ɛamma taɛmalun.
28,1,Ṭa-sin-mim.
28,2,Tilka ʼayatu al-kitabi al-mubin.
28,3,Natlu ɛalayka min nabaʼi musa wa firɛawna bil-ḥaqqi liqawmin yuʼminun.
28,4,ʼinna firɛawna ɛala fi al-ʼarḍi wa jaɛala ʼahlaha ciyaɛan yastaḍɛifu ṭaʼifatan minhum yuḏabbiḥu ʼabnaʼahum wa yastaḥyi nisaʼahum ʼinnahu kana mina al-mufsidin.
28,5,Wa nuridu ʼan namunna ɛala al-laḏina astuḍɛifu fi al-ʼarḍi wa najɛalahum ʼaʼimmatan wa najɛalahumu al-wariṯin.
28,6,Wa numakkina lahum fi al-ʼarḍi wa nuriya firɛawna wa hamana wa junudahuma minhum ma kanu yaḥḏarun.
28,7,Wa ʼawḥayna ʼila ʼummi musa ʼan ʼarḍiɛihi faʼiḏa xifti ɛalayhi faʼalqihi fi al-yammi wa la taxafi wa la taḥzani ʼinna radduhu ʼilayki wa jaɛiluhu mina al-mursalin.
28,8,Faltaqaṭahu ʼalu firɛawna liyakuna lahum ɛaduwan wa ḥazanan ʼinna firɛawna wa hamana wa junudahuma kanu xaṭiʼin.
28,9,Wa qalat amraʼatu firɛawna qurratu ɛaynin li wa laka la taqtuluhu ɛasa ʼan yanfaɛana ʼaw nattaxiḏahu waladan wa hum la yacɛurun.
28,10,Wa ʼaṣbaḥa fuʼadu ʼummi musa fariɣan ʼin kadat latubdi bihi lawla ʼan rabaṭna ɛala qalbiha litakuna mina al-muʼminin.
28,11,Wa qalat liʼxtihi quṣṣihi fabaṣurat bihi ɛan junubin wa hum la yacɛurun.
28,12,Wa ḥarramna ɛalayhi al-maraḍiɛa min qablu faqalat hal ʼadullukum ɛala ʼahli baytin yakfulunahu lakum wa hum lahu naṣiḥun.
28,13,Faradadnahu ʼila ʼummihi kay taqarra ɛaynuha wa la taḥzana wa litaɛlama ʼanna waɛda Allahi ḥaqqun wa lakinna ʼakṯarahum la yaɛlamun.
28,14,Wa lamma balaɣa ʼacuddahu wa astawa ʼataynahu ḥukman wa ɛilman wa kaḏalika najzi al-muḥsinin.
28,15,Wa daxala al-madinata ɛala ḥini ɣaflatin min ʼahliha fawajada fiha rajulayni yaqtatilani haḏa min ciɛatihi wa haḏa min ɛaduwihi fastaɣaṯahu al-laḏi min ciɛatihi ɛala al-laḏi min ɛaduwihi fawakazahu musa faqaḍa ɛalayhi qala haḏa min ɛamali ac-cayṭani ʼinnahu ɛaduwun muḍillun mubinun.
28,16,Qala rabbi ʼinni ḏ̣alamtu nafsi faɣfir li faɣafara lahu ʼinnahu huwa al-ɣafuru ar-raḥim.
28,17,Qala rabbi bima ʼanɛamta ɛalayya falan ʼakuna ḏ̣ahiran lilmujrimin.
28,18,Faʼaṣbaḥa fi al-madinati xaʼifan yataraqqabu faʼiḏa al-laḏi astanṣarahu bil-ʼamsi yastaṣrixuhu qala lahu musa ʼinnaka laɣawiyun mubinun.
28,19,Falamma ʼan ʼarada ʼan yabṭica bial-laḏi huwa ɛaduwun lahuma qala ya musa ʼaturidu ʼan taqtulani kama qatalta nafsan bil-ʼamsi ʼin turidu ʼilla ʼan takuna jabbaran fi al-ʼarḍi wa ma turidu ʼan takuna mina al-muṣliḥin.
28,20,Wa jaʼa rajulun min ʼaqṣa al-madinati yasɛa qala ya musa ʼinna al-malaʼa yaʼtamiruna bika liyaqtuluka faxruj ʼinni laka mina an-naṣiḥin.
28,21,Faxaraja minha xaʼifan yataraqqabu qala rabbi najjini mina al-qawmi aḏ̣-ḏ̣alimin.
28,22,Wa lamma tawajjaha tilqaʼa madyana qala ɛasa rabbi ʼan yahdiyani sawaʼa as-sabil.
28,23,Wa lamma warada maʼa madyana wajada ɛalayhi ʼummatan mina an-nasi yasquna wa wajada min dunihim amraʼtayni taḏudani qala ma xaṭbukuma qalata la nasqi ḥatta yuṣdira ar-riɛaʼu wa ʼabuna cayxun kabirun.
28,24,Fasaqa lahuma ṯumma tawalla ʼila aḏ̣-ḏ̣illi faqala rabbi ʼinni lima ʼanzalta ʼilayya min xayrin faqirun.
28,25,Fajaʼat/hu ʼiḥdahuma tamci ɛala astiḥyaʼin qalat ʼinna ʼabi yadɛuka liyajziyaka ʼajra ma saqayta lana falamma jaʼahu wa qaṣṣa ɛalayhi al-qaṣaṣa qala la taxaf najawta mina al-qawmi aḏ̣-ḏ̣alimin.
28,26,Qalat ʼiḥdahuma ya ʼabati astaʼjirhu ʼinna xayra mani astaʼjarta al-qawiyu al-ʼamin.
28,27,Qala ʼinni ʼuridu ʼan ʼunkiḥaka ʼiḥda abnatayya hatayni ɛala ʼan taʼjurani ṯamaniyata ḥijajin faʼin ʼatmamta ɛacran famin ɛindika wa ma ʼuridu ʼan ʼacuqqa ɛalayka satajiduni ʼin caʼa Allahu mina aṣ-ṣaliḥin.
28,28,Qala ḏalika bayni wa baynaka ʼayyama al-ʼajalayni qaḍaytu fala ɛudwana ɛalayya wa Allahu ɛala ma naqulu wa kilun.
28,29,Falamma qaḍa musa al-ʼajala wa sara biʼahlihi ʼanasa min janibi aṭ-ṭuri naran qala liʼhlihi amkuṯu ʼinni ʼanastu naran laɛalli ʼatikum minha bixabarin ʼaw jaḏwatin mina an-nari laɛallakum taṣṭalun.
28,30,Falamma ʼataha nudi min caṭiʼi al-wadi al-ʼaymani fi al-buqɛati al-mubarakati mina ac-cajarati ʼan ya musa ʼinni ʼana Allahu rabbu al-ɛalamin.
28,31,Wa ʼan ʼalqi ɛaṣaka falamma raʼaha tahtazzu kaʼannaha jannun walla mudbiran wa lam yuɛaqqib ya musa ʼaqbil wa la taxaf ʼinnaka mina al-ʼaminin.
28,32,Asluk yadaka fi jaybika taxruj bayḍaʼa min ɣayri suʼin wa aḍmum ʼilayka janaḥaka mina ar-rahbi faḏanika burhanani min rabbika ʼila firɛawna wa malaʼihi ʼinnahum kanu qawman fasiqin.
28,33,Qala rabbi ʼinni qataltu minhum nafsan faʼaxafu ʼan yaqtulun.
28,34,Wa ʼaxi harunu huwa ʼafṣaḥu minni lisanan faʼarsilhu maɛi ridʼan yuṣaddiquni ʼinni ʼaxafu ʼan yukaḏḏibun.
28,35,Qala sanacuddu ɛaḍudaka biʼaxika wa najɛalu lakuma sulṭanan fala yaṣiluna ʼilaykuma biʼayatina ʼantuma wa man attabaɛakuma al-ɣalibun.
28,36,Falamma jaʼahum musa biʼayatina bayyinatin qalu ma haḏa ʼilla siḥrun muftaran wa ma samiɛna bihaḏa fi ʼabaʼina al-ʼawwalin.
28,37,Wa qala musa rabbi ʼaɛlamu biman jaʼa bil-huda min ɛindihi wa man takunu lahu ɛaqibatu ad-dari ʼinnahu la yufliḥu aḏ̣-ḏ̣alimun.
28,38,Wa qala firɛawnu ya ʼayyuha al-malaʼu ma ɛalimtu lakum min ʼilahin ɣayri faʼawqid li ya hamanu ɛala aṭ-ṭini fajɛal li ṣarḥan laɛalli ʼaṭṭaliɛu ʼila ʼilahi musa wa ʼinni laʼaḏ̣unnuhu mina al-kaḏibin.
28,39,Wa astakbara huwa wa junuduhu fi al-ʼarḍi biɣayri al-ḥaqqi wa ḏ̣annu ʼannahum ʼilayna la yurjaɛun.
28,40,Faʼaxaḏnahu wa junudahu fanabaḏnahum fi al-yammi fanḏ̣ur kayfa kana ɛaqibatu aḏ̣-ḏ̣alimin.
28,41,Wa jaɛalnahum ʼaʼimmatan yadɛuna ʼila an-nari wa yawma al-qiyamati la yunṣarun.
28,42,Wa ʼatbaɛnahum fi haḏihi ad-dunya laɛnatan wa yawma al-qiyamati hum mina al-maqbuḥin.
28,43,Wa laqad ʼatayna musa al-kitaba min baɛdi ma ʼahlakna al-quruna al-ʼula baṣaʼira lilnnasi wa hudan wa raḥmatan laɛallahum yataḏakkarun.
28,44,Wa ma kunta bijanibi al-ɣarbiyi ʼiḏ qaḍayna ʼila musa al-ʼamra wa ma kunta mina ac-cahidin.
28,45,Wa lakinna ʼancaʼna qurunan fataṭawala ɛalayhimu al-ɛumuru wa ma kunta ṯawian fi ʼahli madyana tatlu ɛalayhim ʼayatina wa lakinna kunna mursilin.
28,46,Wa ma kunta bijanibi aṭ-ṭuri ʼiḏ nadayna wa lakin raḥmatan min rabbika litunḏira qawman ma ʼatahum min naḏirin min qablika laɛallahum yataḏakkarun.
28,47,Wa lawla ʼan tuṣibahum muṣibatun bima qaddamat ʼaydihim fayaqulu rabbana lawla ʼarsalta ʼilayna rasulan fanattabiɛa ʼayatika wa nakuna mina al-muʼminin.
28,48,Falamma jaʼahumu al-ḥaqqu min ɛindina qalu lawla ʼutiya miṯla ma ʼutiya musa ʼawalam yakfuru bima ʼutiya musa min qablu qalu siḥrani taḏ̣ahara wa qalu ʼinna bikullin kafirun.
28,49,Qul faʼtu bikitabin min ɛindi Allahi huwa ʼahda minhuma ʼattabiɛhu ʼin kuntum ṣadiqin.
28,50,Faʼin lam yastajibu laka faɛlam ʼannama yattabiɛuna ʼahwaʼahum wa man ʼaḍallu mimman attabaɛa hawahu biɣayri hudan mina Allahi ʼinna Allaha la yahdi al-qawma aḏ̣-ḏ̣alimin.
28,51,Wa laqad waṣṣalna lahumu al-qawla laɛallahum yataḏakkarun.
28,52,Al-laḏina ʼataynahumu al-kitaba min qablihi hum bihi yuʼminun.
28,53,Wa ʼiḏa yutla ɛalayhim qalu ʼamanna bihi ʼinnahu al-ḥaqqu min rabbina ʼinna kunna min qablihi muslimin.
28,54,ʼulaʼika yuʼtawna ʼajrahum marratayni bima ṣabaru wa yadraʼuna bil-ḥasanati as-sayyiʼata wa mimma razaqnahum yunfiqun.
28,55,Wa ʼiḏa samiɛu al-laɣwa ʼaɛraḍu ɛanhu wa qalu lana ʼaɛmaluna wa lakum ʼaɛmalukum salamun ɛalaykum la nabtaɣi al-jahilin.
28,56,ʼinnaka la tahdi man ʼaḥbabta wa lakinna Allaha yahdi man yacaʼu wa huwa ʼaɛlamu bil-muhtadin.
28,57,Wa qalu ʼin nattabiɛi al-huda maɛaka nutaxaṭṭaf min ʼarḍina ʼawalam numakkin lahum ḥaraman ʼaminan yujba ʼilayhi ṯamaratu kulli cayʼin rizqan min ladunna wa lakinna ʼakṯarahum la yaɛlamun.
28,58,Wa kam ʼahlakna min qaryatin baṭirat maɛicataha fatilka masakinuhum lam tuskan min baɛdihim ʼilla qalilan wa kunna naḥnu al-wariṯin.
28,59,Wa ma kana rabbuka muhlika al-qura ḥatta yabɛaṯa fi ʼummiha rasulan yatlu ɛalayhim ʼayatina wa ma kunna muhliki al-qura ʼilla wa ʼahluha ḏ̣alimun.
28,60,Wa ma ʼutitum min cayʼin famataɛu al-ḥayati ad-dunya wa zinatuha wa ma ɛinda Allahi xayrun wa ʼabqa ʼafala taɛqilun.
28,61,ʼafaman waɛadnahu waɛdan ḥasanan fahuwa laqihi kaman mattaɛnahu mataɛa al-ḥayati ad-dunya ṯumma huwa yawma al-qiyamati mina al-muḥḍarin.
28,62,Wa yawma yunadihim fayaqulu ʼayna curakaʼiya al-laḏina kuntum tazɛumun.
28,63,Qala al-laḏina ḥaqqa ɛalayhimu al-qawlu rabbana haʼuulaʼ al-laḏina ʼaɣwayna ʼaɣwaynahum kama ɣawayna tabarraʼna ʼilayka ma kanu ʼiyana yaɛbudun.
28,64,Wa qila adɛu curakaʼakum fadaɛawhum falam yastajibu lahum wa raʼaw al-ɛaḏaba law ʼannahum kanu yahtadun.
28,65,Wa yawma yunadihim fayaqulu maḏa ʼajabtumu al-mursalin.
28,66,Faɛamiyat ɛalayhimu al-ʼanbaʼu yawmaʼiḏin fahum la yatasaʼalun.
28,67,Faʼamma man taba wa ʼamana wa ɛamila ṣaliḥan faɛasa ʼan yakuna mina al-mufliḥin.
28,68,Wa rabbuka yaxluqu ma yacaʼu wa yaxtaru ma kana lahumu al-xiyaratu subḥana Allahi wa taɛala ɛamma yucrikun.
28,69,Wa rabbuka yaɛlamu ma tukinnu ṣuduruhum wa ma yuɛlinun.
28,70,Wa huwa Allahu la ʼilaha ʼilla huwa lahu al-ḥamdu fi al-ʼula wa al-ʼaxirati wa lahu al-ḥukmu wa ʼilayhi turjaɛun.
28,71,Qul ʼaraʼaytum ʼin jaɛala Allahu ɛalaykumu al-layla sarmadan ʼila yawmi al-qiyamati man ʼilahun ɣayru Allahi yaʼtikum biḍiyaʼin ʼafala tasmaɛun.
28,72,Qul ʼaraʼaytum ʼin jaɛala Allahu ɛalaykumu an-nahara sarmadan ʼila yawmi al-qiyamati man ʼilahun ɣayru Allahi yaʼtikum bilaylin taskununa fihi ʼafala tubṣirun.
28,73,Wa min raḥmatihi jaɛala lakumu al-layla wa an-nahara litaskunu fihi wa litabtaɣu min faḍlihi wa laɛallakum tackurun.
28,74,Wa yawma yunadihim fayaqulu ʼayna curakaʼiya al-laḏina kuntum tazɛumun.
28,75,Wa nazaɛna min kulli ʼummatin cahidan faqulna hatu burhanakum faɛalimu ʼanna al-ḥaqqa Lillahi wa ḍalla ɛanhum ma kanu yaftarun.
28,76,ʼinna qaruna kana min qawmi musa fabaɣa ɛalayhim wa ʼataynahu mina al-kunuzi ma ʼinna mafatiḥahu latanuʼ bil-ɛuṣbati ʼuli al-quwati ʼiḏ qala lahu qawmuhu la tafraḥ ʼinna Allaha la yuḥibbu al-fariḥin.
28,77,Wa abtaɣi fima ʼataka Allahu ad-dara al-ʼaxirata wa la tansa naṣibaka mina ad-dunya wa ʼaḥsin kama ʼaḥsana Allahu ʼilayka wa la tabɣi al-fasada fi al-ʼarḍi ʼinna Allaha la yuḥibbu al-mufsidin.
28,78,Qala ʼinnama ʼutituhu ɛala ɛilmin ɛindi ʼawalam yaɛlam ʼanna Allaha qad ʼahlaka min qablihi mina al-quruni man huwa ʼacaddu minhu quwatan wa ʼakṯaru jamɛan wa la yusʼalu ɛan ḏunubihimu al-mujrimun.
28,79,Faxaraja ɛala qawmihi fi zinatihi qala al-laḏina yuriduna al-ḥayata ad-dunya yalayta lana miṯla ma ʼutiya qarunu ʼinnahu laḏu ḥaḏ̣ḏ̣in ɛaḏ̣imin.
28,80,Wa qala al-laḏina ʼutu al-ɛilma waylakum ṯawabu Allahi xayrun liman ʼamana wa ɛamila ṣaliḥan wa la yulaqqaha ʼilla aṣ-ṣabirun.
28,81,Faxasafna bihi wa bidarihi al-ʼarḍa fama kana lahu min fiʼatin yanṣurunahu min duni Allahi wa ma kana mina al-muntaṣirin.
28,82,Wa ʼaṣbaḥa al-laḏina tamannaw makanahu bil-ʼamsi yaquluna waykaʼanna Allaha yabsuṭu ar-rizqa liman yacaʼu min ɛibadihi wa yaqdiru lawla ʼan manna Allahu ɛalayna laxasafa bina waykaʼannahu la yufliḥu al-kafirun.
28,83,Tilka ad-daru al-ʼaxiratu najɛaluha lillaḏina la yuriduna ɛuluwan fi al-ʼarḍi wa la fasadan wa al-ɛaqibatu lilmuttaqin.
28,84,Man jaʼa bil-ḥasanati falahu xayrun minha wa man jaʼa bis-sayyiʼati fala yujza al-laḏina ɛamilu as-sayyiʼati ʼilla ma kanu yaɛmalun.
28,85,ʼinna al-laḏi faraḍa ɛalayka al-qurʼana laradduka ʼila maɛadin qul rabbi ʼaɛlamu man jaʼa bil-huda wa man huwa fi ḍalalin mubinin.
28,86,Wa ma kunta tarju ʼan yulqa ʼilayka al-kitabu ʼilla raḥmatan min rabbika fala takunanna ḏ̣ahiran lilkafirin.
28,87,Wa la yaṣuddunnaka ɛan ʼayati Allahi baɛda ʼiḏ ʼunzilat ʼilayka wa adɛu ʼila rabbika wa la takunanna mina al-mucrikin.
28,88,Wa la tadɛu maɛa Allahi ʼilahan ʼaxara la ʼilaha ʼilla huwa kullu cayʼin halikun ʼilla wajhahu lahu al-ḥukmu wa ʼilayhi turjaɛun.
29,1,ʼalif-lam-mim.
29,2,ʼaḥasiba an-nasu ʼan yutraku ʼan yaqulu ʼamanna wa hum la yuftanun.
29,3,Wa laqad fatanna al-laḏina min qablihim falayaɛlamanna Allahu al-laḏina ṣadaqu wa layaɛlamanna al-kaḏibin.
29,4,ʼam ḥasiba al-laḏina yaɛmaluna as-sayyiʼati ʼan yasbiquna saʼa ma yaḥkumun.
29,5,Man kana yarju liqaʼa Allahi faʼinna ʼajala Allahi laʼatin wa huwa as-samiɛu al-ɛalim.
29,6,Wa man jahada faʼinnama yujahidu linafsihi ʼinna Allaha laɣaniyun ɛani al-ɛalamin.
29,7,Wa al-laḏina ʼamanu wa ɛamilu aṣ-ṣaliḥati lanukaffiranna ɛanhum sayyiʼatihim wa lanajziyannahum ʼaḥsana al-laḏi kanu yaɛmalun.
29,8,Wa waṣṣayna al-ʼinsana biwalidayhi ḥusnan wa ʼin jahadaka litucrika bi ma laysa laka bihi ɛilmun fala tuṭiɛhuma ʼilayya marjiɛukum faʼunabbiʼukum bima kuntum taɛmalun.
29,9,Wa al-laḏina ʼamanu wa ɛamilu aṣ-ṣaliḥati lanudxilannahum fi aṣ-ṣaliḥin.
29,10,Wa mina an-nasi man yaqulu ʼamanna Billahi faʼiḏa ʼuḏiya fi Allahi jaɛala fitnata an-nasi kaɛaḏabi Allahi wa laʼin jaʼa naṣrun min rabbika layaqulunna ʼinna kunna maɛakum ʼawalaysa Allahu biʼaɛlama bima fi ṣuduri al-ɛalamin.
29,11,Wa layaɛlamanna Allahu al-laḏina ʼamanu wa layaɛlamanna al-munafiqin.
29,12,Wa qala al-laḏina kafaru lillaḏina ʼamanu attabiɛu sabilana wa lnaḥmil xaṭayakum wa ma hum biḥamilina min xaṭayahum min cayʼin ʼinnahum lakaḏibun.
29,13,Wa layaḥmilunna ʼaṯqalahum wa ʼaṯqalan maɛa ʼaṯqalihim wa layusʼalunna yawma al-qiyamati ɛamma kanu yaftarun.
29,14,Wa laqad ʼarsalna nuḥan ʼila qawmihi falabiṯa fihim ʼalfa sanatin ʼilla xamsina ɛaman faʼaxaḏahum aṭ-ṭufanu wa hum ḏ̣alimun.
29,15,Faʼanjaynahu wa ʼaṣḥaba as-safinati wa jaɛalnaha ʼayatan lilɛalamin.
29,16,Wa ʼibrahima ʼiḏ qala liqawmihi aɛbudu Allaha wa attaquhu ḏalikum xayrun lakum ʼin kuntum taɛlamun.
29,17,ʼinnama taɛbuduna min duni Allahi ʼawṯanan wa taxluquna ʼifkan ʼinna al-laḏina taɛbuduna min duni Allahi la yamlikuna lakum rizqan fabtaɣu ɛinda Allahi ar-rizqa wa aɛbuduhu wa ackuru lahu ʼilayhi turjaɛun.
29,18,Wa ʼin tukaḏḏibu faqad kaḏḏaba ʼumamun min qablikum wa ma ɛala ar-rasuli ʼilla al-balaɣu al-mubin.
29,19,ʼawalam yaraw kayfa yubdiʼu Allahu al-xalqa ṯumma yuɛiduhu ʼinna ḏalika ɛala Allahi yasirun.
29,20,Qul siru fi al-ʼarḍi fanḏ̣uru kayfa badaʼa al-xalqa ṯumma Allahu yunciʼu an-nacʼata al-ʼaxirata ʼinna Allaha ɛala kulli cayʼin qadirun.
29,21,Yuɛaḏḏibu man yacaʼu wa yarḥamu man yacaʼu wa ʼilayhi tuqlabun.
29,22,Wa ma ʼantum bimuɛjizina fi al-ʼarḍi wa la fi as-samaʼi wa ma lakum min duni Allahi min wa liyin wa la naṣirin.
29,23,Wa al-laḏina kafaru biʼayati Allahi wa liqaʼihi ʼulaʼika yaʼisu min raḥmati wa ʼulaʼika lahum ɛaḏabun ʼalimun.
29,24,Fama kana jawaba qawmihi ʼilla ʼan qalu aqtuluhu ʼaw ḥarriquhu faʼanjahu Allahu mina an-nari ʼinna fi ḏalika lʼayatin liqawmin yuʼminun.
29,25,Wa qala ʼinnama attaxaḏtum min duni Allahi ʼawṯanan mawaddata baynikum fi al-ḥayati ad-dunya ṯumma yawma al-qiyamati yakfuru baɛḍukum bibaɛḍin wa yalɛanu baɛḍukum baɛḍan wa maʼwakumu an-naru wa ma lakum min naṣirin.
29,26,Faʼamana lahu luṭun wa qala ʼinni muhajirun ʼila rabbi ʼinnahu huwa al-ɛazizu al-ḥakim.
29,27,Wa wahabna lahu ʼisḥaqa wa yaɛquba wa jaɛalna fi ḏurriyatihi an-nubuwata wa al-kitaba wa ʼataynahu ʼajrahu fi ad-dunya wa ʼinnahu fi al-ʼaxirati lamina aṣ-ṣaliḥin.
29,28,Wa luṭan ʼiḏ qala liqawmihi ʼinnakum lataʼtuna al-faḥicata ma sabaqakum biha min ʼaḥadin mina al-ɛalamin.
29,29,ʼaʼinnakum lataʼtuna ar-rijala wa taqṭaɛuna as-sabila wa taʼtuna fi nadikum al-munkara fama kana jawaba qawmihi ʼilla ʼan qalu aʼtina biɛaḏabi Allahi ʼin kunta mina aṣ-ṣadiqin.
29,30,Qala rabbi anṣurni ɛala al-qawmi al-mufsidin.
29,31,Wa lamma jaʼat rusuluna ʼibrahima bil-bucra qalu ʼinna muhliku ʼahli haḏihi al-qaryati ʼinna ʼahlaha kanu ḏ̣alimin.
29,32,Qala ʼinna fiha luṭan qalu naḥnu ʼaɛlamu biman fiha lanunajjiyannahu wa ʼahlahu ʼilla amraʼatahu kanat mina al-ɣabirin.
29,33,Wa lamma ʼan jaʼat rusuluna luṭan siʼa bihim wa ḍaqa bihim ḏarɛan wa qalu la taxaf wa la taḥzan ʼinna munajjuka wa ʼahlaka ʼilla amraʼataka kanat mina al-ɣabirin.
29,34,ʼinna munziluna ɛala ʼahli haḏihi al-qaryati rijzan mina as-samaʼi bima kanu yafsuqun.
29,35,Wa laqad tarakna minha ʼayatan bayyinatan liqawmin yaɛqilun.
29,36,Wa ʼila madyana ʼaxahum cuɛayban faqala ya qawmi aɛbudu Allaha wa arju al-yawma al-ʼaxira wa la taɛṯaw fi al-ʼarḍi mufsidin.
29,37,Fakaḏḏabuhu faʼaxaḏat/humu ar-rajfatu faʼaṣbaḥu fi darihim jaṯimin.
29,38,Wa ɛadan wa ṯamuda wa qad tabayyana lakum min masakinihim wa zayyana lahumu ac-cayṭanu ʼaɛmalahum faṣaddahum ɛani as-sabili wa kanu mustabṣirin.
29,39,Wa qaruna wa firɛawna wa hamana wa laqad jaʼahum musa bil-bayyinati fastakbaru fi al-ʼarḍi wa ma kanu sabiqin.
29,40,Fakullan ʼaxaḏna biḏanbihi faminhum man ʼarsalna ɛalayhi ḥaṣiban wa minhum man ʼaxaḏat/hu aṣ-ṣayḥatu wa minhum man xasafna bihi al-ʼarḍa wa minhum man ʼaɣraqna wa ma kana Allahu liyaḏ̣limahum wa lakin kanu ʼanfusahum yaḏ̣limun.
29,41,Maṯalu al-laḏina attaxaḏu min duni Allahi ʼawliyaʼa kamaṯali al-ɛankabuti attaxaḏat baytan wa ʼinna ʼawhana al-buyuti labaytu al-ɛankabuti law kanu yaɛlamun.
29,42,ʼinna Allaha yaɛlamu ma yadɛuna min dunihi min cayʼin wa huwa al-ɛazizu al-ḥakim.
29,43,Wa tilka al-ʼamṯalu naḍribuha lilnnasi wa ma yaɛqiluha ʼilla al-ɛalimun.
29,44,Xalaqa Allahu as-samawati wa al-ʼarḍa bil-ḥaqqi ʼinna fi ḏalika laʼayatan lilmuʼminin.
29,45,Atlu ma ʼuḥiya ʼilayka mina al-kitabi wa ʼaqim aṣ-ṣalata ʼinna aṣ-ṣalata tanha ɛan al-faḥcaʼi wa al-munkari wa laḏikru Allahi ʼakbaru wa Allahu yaɛlamu ma taṣnaɛun.
29,46,Wa la tujadilu ʼahla al-kitabi ʼilla bi-ati hiya ʼaḥsanu ʼilla al-laḏina ḏ̣alamu minhum wa qulu ʼamanna bial-laḏi ʼunzila ʼilayna wa ʼunzila ʼilaykum wa ʼilahuna wa ʼilahukum waḥidun wa naḥnu lahu muslimun.
29,47,Wa kaḏalika ʼanzalna ʼilayka al-kitaba fa-al-laḏina ʼataynahum al-kitaba yuʼminuna bihi wa min haʼuulaʼ man yuʼminu bihi wa ma yajḥadu biʼayatina ʼilla al-kafirun.
29,48,Wa ma kunta tatlu min qablihi min kitabin wa la taxuṭṭuhu biyaminika ʼiḏan lartaba al-mubṭilun.
29,49,Bal huwa ʼayatun bayyinatun fi ṣuduri al-laḏina ʼutu al-ɛilma wa ma yajḥadu biʼayatina ʼilla aḏ̣-ḏ̣alimun.
29,50,Wa qalu lawla ʼunzila ɛalayhi ʼayatun min rabbihi qul ʼinnama al-ʼayatu ɛinda Allahi wa ʼinnama ʼana naḏirun mubinun.
29,51,ʼawalam yakfihim ʼanna ʼanzalna ɛalayka al-kitaba yutla ɛalayhim ʼinna fi ḏalika laraḥmatan wa ḏikra liqawmin yuʼminun.
29,52,Qul kafa Billahi bayni wa baynakum cahidan yaɛlamu ma fi as-samawati wa al-ʼarḍi wa al-laḏina ʼamanu bil-baṭili wa kafaru Billahi ʼulaʼika hum al-xasirun.
29,53,Wa yastaɛjilunaka bil-ɛaḏabi wa lawla ʼajalun musamman lajaʼahum al-ɛaḏabu wa layaʼtiyannahum baɣtatan wa hum la yacɛurun.
29,54,Yastaɛjilunaka bil-ɛaḏabi wa ʼinna jahannama lamuḥiṭatun bil-kafirin.
29,55,Yawma yaɣcahum al-ɛaḏabu min fawqihim wa min taḥti ʼarjulihim wa yaqulu ḏuqu ma kuntum taɛmalun.
29,56,Ya ɛibadi al-laḏina ʼamanu ʼinna ʼarḍi wasiɛatun faʼiyaya faɛbudun.
29,57,Kullu nafsin ḏaʼiqatu al-mawti ṯumma ʼilayna turjaɛun.
29,58,Wa al-laḏina ʼamanu wa ɛamilu aṣ-ṣaliḥati lanubawwiʼannahum mina al-jannati ɣurafan tajri min taḥtiha al-ʼanharu xalidina fiha niɛma ʼajru al-ɛamilin.
29,59,Al-laḏina ṣabaru wa ɛala rabbihim yatawakkalun.
29,60,Wa kaʼayyin min dabbatin la taḥmilu rizqaha Allahu yarzuquha wa ʼiyakum wa huwa as-samiɛu al-ɛalim.
29,61,Wa laʼin saʼaltahum man xalaqa as-samawati wa al-ʼarḍa wa saxxara ac-camsa wa al-qamara layaqulunna Allahu faʼanna yuʼfakun.
29,62,Allahu yabsuṭu ar-rizqa liman yacaʼu min ɛibadihi wa yaqdiru lahu ʼinna Allaha bikulli cayʼin ɛalimun.
29,63,Wa laʼin saʼaltahum man nazzala mina as-samaʼi maʼan faʼaḥya bihi al-ʼarḍa min baɛdi mawtiha layaqulunna Allahu qul al-ḥamdu Lillahi bal ʼakṯaruhum la yaɛqilun.
29,64,Wa ma haḏihi al-ḥayatu ad-dunya ʼilla lahwun wa laɛibun wa ʼinna ad-dara al-ʼaxirata lahiya al-ḥayawanu law kanu yaɛlamun.
29,65,Faʼiḏa rakibu fi al-fulki daɛaw Allaha muxliṣina lahu ad-dina falamma najjahum ʼila al-barri ʼiḏa hum yucrikun.
29,66,Liyakfuru bima ʼataynahum wa liyatamattaɛu fasawfa yaɛlamun.
29,67,ʼawalam yaraw ʼanna jaɛalna ḥaraman ʼaminan wa yutaxaṭṭafu an-nasu min ḥawlihim ʼafabialbaṭili yuʼminuna wa biniɛmati Allahi yakfurun.
29,68,Wa man ʼaḏ̣lamu mimman aftara ɛala Allahi kaḏiban ʼaw kaḏḏaba bil-ḥaqqi lamma jaʼahu ʼalaysa fi jahannama maṯwan lilkafirin.
29,69,Wa al-laḏina jahadu fina lanahdiyannahum subulana wa ʼinna Allaha lamaɛa al-muḥsinin.
30,1,ʼalif-lam-mim.
30,2,Ɣulibati ar-rum.
30,3,Fi ʼadna al-ʼarḍi wa hum min baɛdi ɣalabihim sayaɣlibun.
30,4,Fi biḍɛi sinina Lillahi al-ʼamru min qablu wa min baɛdu wa yawmaʼiḏin yafraḥu al-muʼminun.
30,5,Binaṣri Allahi yanṣuru man yacaʼu wa huwa al-ɛazizu ar-raḥim.
30,6,Waɛda Allahi la yuxlifu Allahu waɛdahu wa lakinna ʼakṯara an-nasi la yaɛlamun.
30,7,Yaɛlamuna ḏ̣ahiran mina al-ḥayati ad-dunya wa hum ɛan al-ʼaxirati hum ɣafilun.
30,8,ʼawalam yatafakkaru fi ʼanfusihim ma xalaqa Allahu as-samawati wa al-ʼarḍa wa ma baynahuma ʼilla bil-ḥaqqi wa ʼajalin musamman wa ʼinna kaṯiran mina an-nasi biliqaʼi rabbihim lakafirun.
30,9,ʼawalam yasiru fi al-ʼarḍi fayanḏ̣uru kayfa kana ɛaqibatu al-laḏina min qablihim kanu ʼacadda minhum quwatan wa ʼaṯaru al-ʼarḍa wa ɛamaruha ʼakṯara mimma ɛamaruha wa jaʼat/hum rusuluhum bil-bayyinati fama kana Allahu liyaḏ̣limahum wa lakin kanu ʼanfusahum yaḏ̣limun.
30,10,Ṯumma kana ɛaqibata al-laḏina ʼasaʼu as-suʼa ʼan kaḏḏabu biʼayati Allahi wa kanu biha yastahziʼun.
30,11,Allahu yabdaʼu al-xalqa ṯumma yuɛiduhu ṯumma ʼilayhi turjaɛun.
30,12,Wa yawma taqumu as-saɛatu yublisu al-mujrimun.
30,13,Wa lam yakun lahum min curakaʼihim cufaɛaʼu wa kanu bicurakaʼihim kafirin.
30,14,Wa yawma taqumu as-saɛatu yawmaʼiḏin yatafarraqun.
30,15,Faʼamma al-laḏina ʼamanu wa ɛamilu aṣ-ṣaliḥati fahum fi rawḍatin yuḥbarun.
30,16,Wa ʼamma al-laḏina kafaru wa kaḏḏabu biʼayatina wa liqaʼi al-ʼaxirati faʼulaʼika fi al-ɛaḏabi muḥḍarun.
30,17,Fasubḥana Allahi ḥina tumsuna wa ḥina tuṣbiḥun.
30,18,Wa lahu al-ḥamdu fi as-samawati wa al-ʼarḍi wa ɛaciyan wa ḥina tuḏ̣hirun.
30,19,Yuxriju al-ḥayya mina al-mayyiti wa yuxriju al-mayyita mina al-ḥayyi wa yuḥyi al-ʼarḍa baɛda mawtiha wa kaḏalika tuxrajun.
30,20,Wa min ʼayatihi ʼan xalaqakum min turabin ṯumma ʼiḏa ʼantum bacarun tantacirun.
30,21,Wa min ʼayatihi ʼan xalaqa lakum min ʼanfusikum ʼazwajan litaskunu ʼilayha wa jaɛala baynakum mawaddatan wa raḥmatan ʼinna fi ḏalika lʼayatin liqawmin yatafakkarun.
30,22,Wa min ʼayatihi xalqu as-samawati wa al-ʼarḍi wa axtilafu ʼalsinatikum wa ʼalwanikum ʼinna fi ḏalika lʼayatin lilɛalimin.
30,23,Wa min ʼayatihi manamukum bil-layli wa an-nahari wa abtiɣaʼuukum min faḍlihi ʼinna fi ḏalika lʼayatin liqawmin yasmaɛun.
30,24,Wa min ʼayatihi yurikum al-barqa xawfan wa ṭamaɛan wa yunazzilu mina as-samaʼi maʼan fayuḥyi bihi al-ʼarḍa baɛda mawtiha ʼinna fi ḏalika lʼayatin liqawmin yaɛqilun.
30,25,Wa min ʼayatihi ʼan taquma as-samaʼu wa al-ʼarḍu biʼamrihi ṯumma ʼiḏa daɛakum daɛwatan mina al-ʼarḍi ʼiḏa ʼantum taxrujun.
30,26,Wa lahu man fi as-samawati wa al-ʼarḍi kullun lahu qanitun.
30,27,Wa huwa al-laḏi yabdaʼu al-xalqa ṯumma yuɛiduhu wa huwa ʼahwanu ɛalayhi wa lahu al-maṯalu al-ʼaɛla fi as-samawati wa al-ʼarḍi wa huwa al-ɛazizu al-ḥakim.
30,28,Ḍaraba lakum maṯalan min ʼanfusikum hal lakum min ma malakat ʼaymanukum min curakaʼa fi ma razaqnakum faʼantum fihi sawaʼun taxafunahum kaxifatikum ʼanfusakum kaḏalika nufaṣṣilu al-ʼayati liqawmin yaɛqilun.
30,29,Bal attabaɛa al-laḏina ḏ̣alamu ʼahwaʼahum biɣayri ɛilmin faman yahdi man ʼaḍalla Allahu wa ma lahum min naṣirin.
30,30,Faʼaqim wajhaka lilddini ḥanifan fiṭrata Allahi allati faṭara an-nasa ɛalayha la tabdila lixalqi Allahi ḏalika ad-dinu al-qayyimu wa lakinna ʼakṯara an-nasi la yaɛlamun.
30,31,Munibina ʼilayhi wa attaquhu wa ʼaqimu aṣ-ṣalata wa la takunu mina al-mucrikin.
30,32,Mina al-laḏina farraqu dinahum wa kanu ciyaɛan kullu ḥizbin bima ladayhim fariḥun.
30,33,Wa ʼiḏa massa an-nasa ḍurrun daɛaw rabbahum munibina ʼilayhi ṯumma ʼiḏa ʼaḏaqahum minhu raḥmatan ʼiḏa fariqun minhum birabbihim yucrikun.
30,34,Liyakfuru bima ʼataynahum fatamattaɛu fasawfa taɛlamun.
30,35,ʼam ʼanzalna ɛalayhim sulṭanan fahuwa yatakallamu bima kanu bihi yucrikun.
30,36,Wa ʼiḏa ʼaḏaqna an-nasa raḥmatan fariḥu biha wa ʼin tuṣibhum sayyiʼatun bima qaddamat ʼaydihim ʼiḏa hum yaqnaṭun.
30,37,ʼawalam yaraw ʼanna Allaha yabsuṭu ar-rizqa liman yacaʼu wa yaqdiru ʼinna fi ḏalika lʼayatin liqawmin yuʼminun.
30,38,Faʼati ḏa al-qurba ḥaqqahu wa al-miskina wa abna as-sabili ḏalika xayrun lillaḏina yuriduna wajha Allahi wa ʼulaʼika hum al-mufliḥun.
30,39,Wa ma ʼataytum min riban liyarbuwa fi ʼamwali an-nasi fala yarbu ɛinda Allahi wa ma ʼataytum min zakatin turiduna wajha Allahi faʼulaʼika hum al-muḍɛifun.
30,40,Allahu al-laḏi xalaqakum ṯumma razaqakum ṯumma yumitukum ṯumma yuḥyikum hal min curakaʼikum man yafɛalu min ḏalikum min cayʼin subḥanahu wa taɛala ɛamma yucrikun.
30,41,Ḏ̣ahara al-fasadu fi al-barri wa al-baḥri bima kasabat ʼaydi an-nasi liyuḏiqahum baɛḍa al-laḏi ɛamilu laɛallahum yarjiɛun.
30,42,Qul siru fi al-ʼarḍi fanḏ̣uru kayfa kana ɛaqibatu al-laḏina min qablu kana ʼakṯaruhum mucrikin.
30,43,Faʼaqim wajhaka lilddini al-qayyimi min qabli ʼan yaʼtiya yawmun la maradda lahu mina Allahi yawmaʼiḏin yaṣṣaddaɛun.
30,44,Man kafara faɛalayhi kufruhu wa man ɛamila ṣaliḥan faliʼanfusihim yamhadun.
30,45,Liyajziya al-laḏina ʼamanu wa ɛamilu aṣ-ṣaliḥati min faḍlihi ʼinnahu la yuḥibbu al-kafirin.
30,46,Wa min ʼayatihi ʼan yursila ar-riyaḥa mubacciratin wa liyuḏiqakum min raḥmatihi wa litajriya al-fulku biʼamrihi wa litabtaɣu min faḍlihi wa laɛallakum tackurun.
30,47,Wa laqad ʼarsalna min qablika rusulan ʼila qawmihim fajaʼuhum bil-bayyinati fantaqamna mina al-laḏina ʼajramu wa kana ḥaqqan ɛalayna naṣru al-muʼminin.
30,48,Allahu al-laḏi yursilu ar-riyaḥa fatuṯiru saḥaban fayabsuṭuhu fi as-samaʼi kayfa yacaʼu wa yajɛaluhu kisafan fatara al-wadqa yaxruju min xilalihi faʼiḏa ʼaṣaba bihi man yacaʼu min ɛibadihi ʼiḏa hum yastabcirun.
30,49,Wa ʼin kanu min qabli ʼan yunazzala ɛalayhim min qablihi lamublisin.
30,50,Fanḏ̣ur ʼila ʼaṯari raḥmati Allahi kayfa yuḥyi al-ʼarḍa baɛda mawtiha ʼinna ḏalika lamuḥyi al-mawta wa huwa ɛala kulli cayʼin qadirun.
30,51,Wa laʼin ʼarsalna riḥan faraʼawhu muṣfarran laḏ̣allu min baɛdihi yakfurun.
30,52,Faʼinnaka la tusmiɛu al-mawta wa la tusmiɛu aṣ-ṣumma ad-duɛaʼa ʼiḏa wa llaw mudbirin.
30,53,Wa ma ʼanta bihadi al-ɛumyi ɛan ḍalalatihim ʼin tusmiɛu ʼilla man yuʼminu biʼayatina fahum muslimun.
30,54,Allahu al-laḏi xalaqakum min ḍaɛfin ṯumma jaɛala min baɛdi ḍaɛfin quwatan ṯumma jaɛala min baɛdi quwatin ḍaɛfan wa caybatan yaxluqu ma yacaʼu wa huwa al-ɛalimu al-qadir.
30,55,Wa yawma taqumu as-saɛatu yuqsimu al-mujrimuna ma labiṯu ɣayra saɛatin kaḏalika kanu yuʼfakun.
30,56,Wa qala al-laḏina ʼutu al-ɛilma wa al-ʼimana laqad labiṯtum fi kitabi Allahi ʼila yawmi al-baɛṯi fahaḏa yawmu al-baɛṯi wa lakinnakum kuntum la taɛlamun.
30,57,Fayawmaʼiḏin la yanfaɛu al-laḏina ḏ̣alamu maɛḏiratuhum wa la hum yustaɛtabun.
30,58,Wa laqad ḍarabna lilnnasi fi haḏa al-qurʼani min kulli maṯalin wa laʼin jiʼtahum biʼayatin layaqulanna al-laḏina kafaru ʼin ʼantum ʼilla mubṭilun.
30,59,Kaḏalika yaṭbaɛu Allahu ɛala qulubi al-laḏina la yaɛlamun.
30,60,Faṣbir ʼinna waɛda Allahi ḥaqqun wa la yastaxiffannaka al-laḏina la yuqinun.
31,1,ʼalif-lam-mim.
31,2,Tilka ʼayatu al-kitabi al-ḥakim.
31,3,Hudan wa raḥmatan lilmuḥsinin.
31,4,Al-laḏina yuqimuna aṣ-ṣalata wa yuʼtuna az-zakata wa hum bil-ʼaxirati hum yuqinun.
31,5,ʼulaʼika ɛala hudan min rabbihim wa ʼulaʼika hum al-mufliḥun.
31,6,Wa mina an-nasi man yactari lahwa al-ḥadiṯi liyuḍilla ɛan sabili Allahi biɣayri ɛilmin wa yattaxiḏaha huzuan ʼulaʼika lahum ɛaḏabun muhinun.
31,7,Wa ʼiḏa tutla ɛalayhi ʼayatuna walla mustakbiran kaʼan lam yasmaɛha kaʼanna fi ʼuḏunayhi waqran fabaccirhu biɛaḏabin ʼalimin.
31,8,ʼinna al-laḏina ʼamanu wa ɛamilu aṣ-ṣaliḥati lahum jannatu an-naɛim.
31,9,Xalidina fiha waɛda Allahi ḥaqqan wa huwa al-ɛazizu al-ḥakim.
31,10,Xalaqa as-samawati biɣayri ɛamadin tarawnaha wa ʼalqa fi al-ʼarḍi rawasiya ʼan tamida bikum wa baṯṯa fiha min kulli dabbatin wa ʼanzalna mina as-samaʼi maʼan faʼanbatna fiha min kulli zawjin karimin.
31,11,Haḏa xalqu Allahi faʼaruni maḏa xalaqa al-laḏina min dunihi bal aḏ̣-ḏ̣alimuna fi ḍalalin mubinin.
31,12,Wa laqad ʼatayna luqmana al-ḥikmata ʼan ackur Lillahi wa man yackur faʼinnama yackuru linafsihi wa man kafara faʼinna Allaha ɣaniyun ḥamidun.
31,13,Wa ʼiḏ qala luqmanu liabnihi wa huwa yaɛiḏ̣uhu ya bunayya la tucrik Billahi ʼinna ac-cirka laḏ̣ulmun ɛaḏ̣imun.
31,14,Wa waṣṣayna al-ʼinsana biwalidayhi ḥamalat/hu ʼummuhu wahnan ɛala wahnin wa fiṣaluhu fi ɛamayni ʼan ackur li wa liwalidayka ʼilayya al-maṣir.
31,15,Wa ʼin jahadaka ɛala ʼan tucrika bi ma laysa laka bihi ɛilmun fala tuṭiɛhuma wa ṣaḥibhuma fi ad-dunya maɛrufan wa attabiɛ sabila man ʼanaba ʼilayya ṯumma ʼilayya marjiɛukum faʼunabbiʼukum bima kuntum taɛmalun.
31,16,Ya bunayya ʼinnaha ʼin takun miṯqala ḥabbatin min xardalin fatakun fi ṣaxratin ʼaw fi as-samawati ʼaw fi al-ʼarḍi yaʼti biha Allahu ʼinna Allaha laṭifun xabirun.
31,17,Ya bunayya ʼaqim aṣ-ṣalata wa ʼmur bil-maɛrufi wa anha ɛan al-munkari wa aṣbir ɛala ma ʼaṣabaka ʼinna ḏalika min ɛazmi al-ʼumur.
31,18,Wa la tuṣaɛɛir xaddaka lilnnasi wa la tamci fi al-ʼarḍi maraḥan ʼinna Allaha la yuḥibbu kulla muxtalin faxurin.
31,19,Waqṣid fi macyika wa aɣḍuḍ min ṣawtika ʼinna ʼankara al-ʼaṣwati laṣawtu al-ḥamir.
31,20,ʼalam taraw ʼanna Allaha saxxara lakum ma fi as-samawati wa ma fi al-ʼarḍi wa ʼasbaɣa ɛalaykum niɛamahu ḏ̣ahiratan wa baṭinatan wa mina an-nasi man yujadilu fi Allahi biɣayri ɛilmin wa la hudan wa la kitabin munirin.
31,21,Wa ʼiḏa qila lahum attabiɛu ma ʼanzala Allahu qalu bal nattabiɛu ma wajadna ɛalayhi ʼabaʼana ʼawalaw kana ac-cayṭanu yadɛuhum ʼila ɛaḏabi as-saɛir.
31,22,Wa man yuslim wajhahu ʼila Allahi wa huwa muḥsinun faqadi astamsaka bil-ɛurwati al-wuṯqa wa ʼila Allahi ɛaqibatu al-ʼumur.
31,23,Wa man kafara fala yaḥzunka kufruhu ʼilayna marjiɛuhum fanunabbiʼuhum bima ɛamilu ʼinna Allaha ɛalimun biḏati aṣ-ṣudur.
31,24,Numattiɛuhum qalilan ṯumma naḍṭarruhum ʼila ɛaḏabin ɣaliḏ̣in.
31,25,Wa laʼin saʼaltahum man xalaqa as-samawati wa al-ʼarḍa layaqulunna Allahu qul al-ḥamdu Lillahi bal ʼakṯaruhum la yaɛlamun.
31,26,Lillahi ma fi as-samawati wa al-ʼarḍi ʼinna Allaha huwa al-ɣaniyu al-ḥamid.
31,27,Wa law ʼannama fi al-ʼarḍi min cajaratin ʼaqlamun wa al-baḥru yamudduhu min baɛdihi sabɛatu ʼabḥurin ma nafidat kalimatu Allahi ʼinna Allaha ɛazizun ḥakimun.
31,28,Ma xalqukum wa la baɛṯukum ʼilla kanafsin waḥidatin ʼinna Allaha samiɛun baṣirun.
31,29,ʼalam tara ʼanna Allaha yuliju al-layla fi an-nahari wa yuliju an-nahara fi al-layli wa saxxara ac-camsa wa al-qamara kullun yajri ʼila ʼajalin musamman wa ʼanna Allaha bima taɛmaluna xabirun.
31,30,Ḏalika biʼanna Allaha huwa al-ḥaqqu wa ʼanna ma yadɛuna min dunihi al-baṭilu wa ʼanna Allaha huwa al-ɛaliyu al-kabir.
31,31,ʼalam tara ʼanna al-fulka tajri fi al-baḥri biniɛmati Allahi liyuriyakum min ʼayatihi ʼinna fi ḏalika lʼayatin likulli ṣabbarin cakurin.
31,32,Wa ʼiḏa ɣaciyahum mawjun kalḏ̣ḏ̣ulali daɛaw Allaha muxliṣina lahu ad-dina falamma najjahum ʼila al-barri faminhum muqtaṣidun wa ma yajḥadu biʼayatina ʼilla kullu xattarin kafurin.
31,33,Ya ʼayyuha an-nasu attaqu rabbakum wa axcaw yawman la yajzi wa a-dun ɛan waladihi wa la mawludun huwa jazin ɛan wa a-dihi cayʼan ʼinna waɛda Allahi ḥaqqun fala taɣurrannakum al-ḥaya atu ad-dunya wa la yaɣurrannakum Billahi al-ɣarur.
31,34,ʼinna Allaha ɛindahu ɛilmu as-saɛati wa yunazzilu al-ɣayṯa wa yaɛlamu ma fi al-ʼarḥami wa ma tadri nafsun maḏa taksibu ɣadan wa ma tadri nafsun biʼayyi ʼarḍin tamutu ʼinna Allaha ɛalimun xabirun.
32,1,ʼalif-lam-mim.
32,2,Tanzilu al-kitabi la rayba fihi min rabbi al-ɛalamin.
32,3,ʼam yaquluna aftarahu bal huwa al-ḥaqqu min rabbika litunḏira qawman ma ʼatahum min naḏirin min qablika laɛallahum yahtadun.
32,4,Allahu al-laḏi xalaqa as-samawati wa al-ʼarḍa wa ma baynahuma fi sittati ʼayyamin ṯumma astawa ɛala al-ɛarci ma lakum min dunihi min wa liyin wa la cafiɛin ʼafala tataḏakkarun.
32,5,Yudabbiru al-ʼamra mina as-samaʼi ʼila al-ʼarḍi ṯumma yaɛruju ʼilayhi fi yawmin kana miqdaruhu ʼalfa sanatin mimma taɛuddun.
32,6,Ḏalika ɛalimu al-ɣaybi wa ac-cahadati al-ɛazizu ar-raḥim.
32,7,Al-laḏi ʼaḥsana kulla cayʼin xalaqahu wa badaʼa xalqa al-ʼinsani min ṭinin.
32,8,Ṯumma jaɛala naslahu min sulalatin min maʼin mahinin.
32,9,Ṯumma sawwahu wa nafaxa fihi min ruḥihi wa jaɛala lakum as-samɛa wa al-ʼabṣara wa al-ʼafʼidata qalilan ma tackurun.
32,10,Wa qalu ʼaʼiḏa ḍalalna fi al-ʼarḍi ʼaʼinna lafi xalqin jadidin bal hum biliqaʼi rabbihim kafirun.
32,11,Qul yatawaffakum malaku al-mawti al-laḏi wukkila bikum ṯumma ʼila rabbikum turjaɛun.
32,12,Wa law tara ʼiḏ al-mujrimuna nakisu ruʼsihim ɛinda rabbihim rabbana ʼabṣarna wa samiɛna farjiɛna naɛmal ṣaliḥan ʼinna muqinun.
32,13,Wa law ciʼna laʼatayna kulla nafsin hudaha wa lakin ḥaqqa al-qawlu minni laʼamlaʼanna jahannama mina al-jinnati wa an-nasi ʼajmaɛin.
32,14,Faḏuqu bima nasitum liqaʼa yawmikum haḏa ʼinna nasinakum wa ḏuqu ɛaḏaba al-xuldi bima kuntum taɛmalun.
32,15,ʼinnama yuʼminu biʼayatina al-laḏina ʼiḏa ḏukkiru biha xarru sujjadan wa sabbaḥu biḥamdi rabbihim wa hum la yastakbirun.
32,16,Tatajafa junubuhum ɛan al-maḍajiɛi yadɛuna rabbahum xawfan wa ṭamaɛan wa mimma razaqnahum yunfiqun.
32,17,Fala taɛlamu nafsun ma ʼuxfiya lahum min qurrati ʼaɛyunin jazaʼan bima kanu yaɛmalun.
32,18,ʼafaman kana muʼminan kaman kana fasiqan la yastawun.
32,19,ʼamma al-laḏina ʼamanu wa ɛamilu aṣ-ṣaliḥati falahum jannatu al-maʼwa nuzulan bima kanu yaɛmalun.
32,20,Wa ʼamma al-laḏina fasaqu famaʼwahum an-naru kullama ʼaradu ʼan yaxruju minha ʼuɛidu fiha wa qila lahum ḏuqu ɛaḏaba an-nari al-laḏi kuntum bihi tukaḏḏibun.
32,21,Wa lanuḏiqannahum mina al-ɛaḏabi al-ʼadna duna al-ɛaḏabi al-ʼakbari laɛallahum yarjiɛun.
32,22,Wa man ʼaḏ̣lamu mimman ḏukkira biʼayati rabbihi ṯumma ʼaɛraḍa ɛanha ʼinna mina al-mujrimina muntaqimun.
32,23,Wa laqad ʼatayna musa al-kitaba fala takun fi miryatin min liqaʼihi wa jaɛalnahu hudan libani ʼisraʼil.
32,24,Wa jaɛalna minhum ʼaʼimmatan yahduna biʼamrina lamma ṣabaru wa kanu biʼayatina yuqinun.
32,25,ʼinna rabbaka huwa yafṣilu baynahum yawma al-qiyamati fima kanu fihi yaxtalifun.
32,26,ʼawalam yahdi lahum kam ʼahlakna min qablihim mina al-quruni yamcuna fi masakinihim ʼinna fi ḏalika lʼayatin ʼafala yasmaɛun.
32,27,ʼawalam yaraw ʼanna nasuqu al-maʼa ʼila al-ʼarḍi al-juruzi fanuxriju bihi zarɛan taʼkulu minhu ʼanɛamuhum wa ʼanfusuhum ʼafala yubṣirun.
32,28,Wa yaquluna mata haḏa al-fatḥu ʼin kuntum ṣadiqin.
32,29,Qul yawma al-fatḥi la yanfaɛu al-laḏina kafaru ʼimanuhum wa la hum yunḏ̣arun.
32,30,Faʼaɛriḍ ɛanhum wa antaḏ̣ir ʼinnahum muntaḏ̣irun.
33,1,Ya ʼayyuha an-nabiyu attaqi Allaha wa la tuṭiɛ al-kafirina wa al-munafiqina ʼinna Allaha kana ɛaliman ḥakiman.
33,2,Wa attabiɛ ma yuḥa ʼilayka min rabbika ʼinna Allaha kana bima taɛmaluna xabiran.
33,3,Wa tawakkal ɛala Allahi wa kafa Billahi wa kilan.
33,4,Ma jaɛala Allahu lirajulin min qalbayni fi jawfihi wa ma jaɛala ʼazwajakum al-laʼi tuḏ̣ahiruna minhunna ʼummahatikum wa ma jaɛala ʼadɛiyaʼakum ʼabnaʼakum ḏalikum qawlukum biʼafwahikum wa Allahu yaqulu al-ḥaqqa wa huwa yahdi as-sabil.
33,5,Adɛuhum liʼabaʼihim huwa ʼaqsaṭu ɛinda Allahi faʼin lam taɛlamu ʼabaʼahum faʼixwanukum fi ad-dini wa mawalikum wa laysa ɛalaykum junaḥun fima ʼaxṭaʼtum bihi wa lakin ma taɛammadat qulubukum wa kana Allahu ɣafuran raḥiman.
33,6,An-nabiyu ʼawla bil-muʼminina min ʼanfusihim wa ʼazwajuhu ʼummahatuhum wa ʼulu al-ʼarḥami baɛḍuhum ʼawla bibaɛḍin fi kitabi Allahi mina al-muʼminina wa al-muhajirina ʼilla ʼan tafɛalu ʼila ʼawliyaʼikum maɛrufan kana ḏalika fi al-kitabi masṭuran.
33,7,Wa ʼiḏ ʼaxaḏna mina an-nabiyina miṯaqahum wa minka wa min nuḥin wa ʼibrahima wa musa wa ɛisa abni maryama wa ʼaxaḏna minhum miṯaqan ɣaliḏ̣an.
33,8,Liyasʼala aṣ-ṣadiqina ɛan ṣidqihim wa ʼaɛadda lilkafirina ɛaḏaban ʼaliman.
33,9,Ya ʼayyuha al-laḏina ʼamanu aḏkuru niɛmata Allahi ɛalaykum ʼiḏ jaʼatkum junudun faʼarsalna ɛalayhim riḥan wa junudan lam tarawha wa kana Allahu bima taɛmaluna baṣiran.
33,10,ʼiḏ jaʼukum min fawqikum wa min ʼasfala minkum wa ʼiḏ zaɣat al-ʼabṣaru wa balaɣat al-qulubu al-ḥanajira wa taḏ̣unnuna Billahi aḏ̣-ḏ̣unun.
33,11,Hunalika abtuliya al-muʼminuna wa zulzilu zilzalan cadidan.
33,12,Wa ʼiḏ yaqulu al-munafiquna wa al-laḏina fi qulubihim maraḍun ma waɛadana Allahu wa rasuluhu ʼilla ɣururan.
33,13,Wa ʼiḏ qalat ṭaʼifatun minhum ya ʼahla yaṯriba la muqama lakum farjiɛu wa yastaʼḏinu fariqun minhum an-nabiya yaquluna ʼinna buyutana ɛawratun wa ma hiya biɛawratin ʼin yuriduna ʼilla firaran.
33,14,Wa law duxilat ɛalayhim min ʼaqṭariha ṯumma suʼilu al-fitnata laʼatawha wa ma talabbaṯu biha ʼilla yasiran.
33,15,Wa laqad kanu ɛahadu Allaha min qablu la yuwalluna al-ʼadbara wa kana ɛahdu Allahi masʼulan.
33,16,Qul lan yanfaɛakum al-firaru ʼin farartum mina al-mawti ʼaw al-qatli wa ʼiḏan la tumattaɛuna ʼilla qalilan.
33,17,Qul man ḏa al-laḏi yaɛṣimukum mina Allahi ʼin ʼarada bikum suʼan ʼaw ʼarada bikum raḥmatan wa la yajiduna lahum min duni Allahi waliyan wa la naṣiran.
33,18,Qad yaɛlamu Allahu al-muɛawwiqina minkum wa al-qaʼilina liʼixwanihim halumma ʼilayna wa la yaʼtuna al-baʼsa ʼilla qalilan.
33,19,ʼaciḥḥatan ɛalaykum faʼiḏa jaʼa al-xawfu raʼaytahum yanḏ̣uruna ʼilayka taduru ʼaɛyunuhum kallaḏi yuɣca ɛalayhi mina al-mawti faʼiḏa ḏahaba al-xawfu salaqukum biʼalsinatin ḥidadin ʼaciḥḥatan ɛala al-xayri ʼulaʼika lam yuʼminu faʼaḥbaṭa Allahu ʼaɛmalahum wa kana ḏalika ɛala Allahi yasiran.
33,20,Yaḥsabuna al-ʼaḥzaba lam yaḏ/habu wa ʼin yaʼti al-ʼaḥzabu yawaddu law ʼannahum baduna fi al-ʼaɛrabi yasʼaluna ɛan ʼanbaʼikum wa law kanu fikum ma qatalu ʼilla qalilan.
33,21,Laqad kana lakum fi rasuli Allahi ʼuswatun ḥasanatun liman kana yarju Allaha wa al-yawma al-ʼaxira wa ḏakara Allaha kaṯiran.
33,22,Wa lamma raʼa al-muʼminuna al-ʼaḥzaba qalu haḏa ma waɛadana Allahu wa rasuluhu wa ṣadaqa Allahu wa rasuluhu wa ma zadahum ʼilla ʼimanan wa tasliman.
33,23,Mina al-muʼminina rijalun ṣadaqu ma ɛahadu Allaha ɛalayhi faminhum man qaḍa naḥbahu wa minhum man yantaḏ̣iru wa ma baddalu tabdilan.
33,24,Liyajziya Allahu aṣ-ṣadiqina biṣidqihim wa yuɛaḏḏiba al-munafiqina ʼin caʼa ʼaw yatuba ɛalayhim ʼinna Allaha kana ɣafuran raḥiman.
33,25,Waradda Allahu al-laḏina kafaru biɣayḏ̣ihim lam yanalu xayran wa kafa Allahu al-muʼminina al-qitala wa kana Allahu qawiyan ɛazizan.
33,26,Wa ʼanzala al-laḏina ḏ̣aharuhum min ʼahli al-kitabi min ṣayaṣihim wa qaḏafa fi qulubihim ar-ruɛba fariqan taqtuluna wa taʼsiruna fariqan.
33,27,Wa ʼawraṯakum ʼarḍahum wa diyarahum wa ʼamwalahum wa ʼarḍan lam taṭaʼuha wa kana Allahu ɛala kulli cayʼin qadiran.
33,28,Ya ʼayyuha an-nabiyu qul liʼzwajika ʼin kuntunna turidna al-ḥaya ata ad-dunya wa zinataha fataɛalayna ʼumattiɛkunna wa ʼusarriḥkunna saraḥan jamilan.
33,29,Wa ʼin kuntunna turidna Allaha wa rasulahu wa ad-dara al-ʼaxirata faʼinna Allaha ʼaɛadda lilmuḥsinati minkunna ʼajran ɛaḏ̣iman.
33,30,Ya nisaʼa an-nabiyi man yaʼti minkunna bifaḥicatin mubayyinatin yuḍaɛaf laha al-ɛaḏabu ḍiɛfayni wa kana ḏalika ɛala Allahi yasiran.
33,31,Wa man yaqnut minkunna Lillahi wa rasulihi wa taɛmal ṣaliḥan nuʼtiha ʼajraha marratayni wa ʼaɛtadna laha rizqan kariman.
33,32,Ya nisaʼa an-nabiyi lastunna kaʼaḥadin mina an-nisaʼ ʼin attaqaytunna fala taxḍaɛna bil-qawli fayaṭmaɛa al-laḏi fi qalbihi maraḍun wa qulna qawlan maɛrufan.
33,33,Wa qarna fi buyutikunna wa la tabarrajna tabarruja al-jahiliyati al-ʼula wa ʼaqimna aṣ-ṣalata wa ʼatina az-zakata wa ʼaṭiɛna Allaha wa rasulahu ʼinnama yuridu Allahu liyuḏ/hiba ɛankum ar-rijsa ʼahla al-bayti wa yuṭahhirakum taṭhiran.
33,34,Wa aḏkurna ma yutla fi buyutikunna min ʼayati Allahi wa al-ḥikmati ʼinna Allaha kana laṭifan xabiran.
33,35,ʼinna al-muslimina wa al-muslimati wa al-muʼminina wa al-muʼminati wa al-qanitina wa al-qanitati wa aṣ-ṣadiqina wa aṣ-ṣadiqati wa aṣ-ṣabirina wa aṣ-ṣabirati wa al-xaciɛina wa al-xaciɛati wa al-mutaṣaddiqina wa al-mutaṣaddiqati wa aṣ-ṣaʼimina wa aṣ-ṣaʼimati wa al-ḥafiḏ̣ina furujahum wa al-ḥafiḏ̣ati wa aḏ-ḏakirina Allaha kaṯiran wa aḏ-ḏakirati ʼaɛadda Allahu lahum maɣfiratan wa ʼajran ɛaḏ̣iman.
33,36,Wa ma kana limuʼminin wa la muʼminatin ʼiḏa qaḍa Allahu wa rasuluhu ʼamran ʼan yakuna lahum al-xiyaratu min ʼamrihim wa man yaɛṣi Allaha wa rasulahu faqad ḍalla ḍalalan mubinan.
33,37,Wa ʼiḏ taqulu lillaḏi ʼanɛama Allahu ɛalayhi wa ʼanɛamta ɛalayhi ʼamsik ɛalayka zawjaka wa attaqi Allaha wa tuxfi fi nafsika ma Allahu mubdihi wa taxca an-nasa wa Allahu ʼaḥaqqu ʼan taxcahu falamma qaḍa zaydun minha waṭaran zawwajnakaha likay la yakuna ɛala al-muʼminina ḥarajun fi ʼazwaji ʼadɛiyaʼihim ʼiḏa qaḍaw minhunna waṭaran wa kana ʼamru Allahi mafɛulan.
33,38,Ma kana ɛala an-nabiyi min ḥarajin fima faraḍa Allahu lahu sunnata Allahi fi al-laḏina xalaw min qablu wa kana ʼamru Allahi qadaran maqduran.
33,39,Al-laḏina yuballiɣuna risalati Allahi wa yaxcawnahu wa la yaxcawna ʼaḥadan ʼilla Allaha wa kafa Billahi ḥasiban.
33,40,Ma kana muḥammadun ʼaba ʼaḥadin min rijalikum wa lakin rasula Allahi wa xatama an-nabiyina wa kana Allahu bikulli cayʼin ɛaliman.
33,41,Ya ʼayyuha al-laḏina ʼamanu aḏkuru Allaha ḏikran kaṯiran.
33,42,Wa sabbiḥuhu bukratan wa ʼaṣilan.
33,43,Huwa al-laḏi yuṣalli ɛalaykum wa malaʼikatuhu liyuxrijakum mina aḏ̣-ḏ̣ulumati ʼila an-nur wa kana bil-muʼminina raḥiman.
33,44,Taḥiyatuhum yawma yalqawnahu salamun wa ʼaɛadda lahum ʼajran kariman.
33,45,Ya ʼayyuha an-nabiyu ʼinna ʼarsalnaka cahidan wa mubacciran wa naḏiran.
33,46,Wa daɛian ʼila Allahi biʼiḏnihi wa sirajan muniran.
33,47,Wa baccir al-muʼminina biʼanna lahum mina Allahi faḍlan kabiran.
33,48,Wa la tuṭiɛ al-kafirina wa al-munafiqina wa daɛ ʼaḏahum wa tawakkal ɛala Allahi wa kafa Billahi wa kilan.
33,49,Ya ʼayyuha al-laḏina ʼamanu ʼiḏa nakaḥtum al-muʼminati ṯumma ṭallaqtumuhunna min qabli ʼan tamassuhunna fama lakum ɛalayhinna min ɛiddatin taɛtaddunaha famattiɛuhunna wa sarriḥuhunna saraḥan jamilan.
33,50,Ya ʼayyuha an-nabiyu ʼinna ʼaḥlalna laka ʼazwajaka al-lati ʼatayta ʼujurahunna wa ma malakat yaminuka mimma ʼafaʼa Allahu ɛalayka wa banati ɛammika wa banati ɛammatika wa banati xalika wa banati xalatika al-lati hajarna maɛaka wa amraʼatan muʼminatan ʼin wahabat nafsaha lilnnabiyi ʼin ʼarada an-nabiyu ʼan yastankiḥaha xaliṣatan laka min duni al-muʼminina qad ɛalimna ma faraḍna ɛalayhim fi ʼazwajihim wa ma malakat ʼaymanuhum likayla yakuna ɛalayka ḥarajun wa kana Allahu ɣafuran raḥiman.
33,51,Turji man tacaʼu minhunna wa tuʼwi ʼilayka man tacaʼu wa man abtaɣayta mimman ɛazalta fala junaḥa ɛalayka ḏalika ʼadna ʼan taqarra ʼaɛyunuhunna wa la yaḥzanna wa yarḍayna bima ʼataytahunna kulluhunna wa Allahu yaɛlamu ma fi qulubikum wa kana Allahu ɛaliman ḥaliman.
33,52,La yaḥillu laka an-nisaʼ min baɛdu wa la ʼan tabaddala bihinna min ʼazwajin wa law ʼaɛjabaka ḥusnuhunna ʼilla ma malakat yaminuka wa kana Allahu ɛala kulli cayʼin raqiban.
33,53,Ya ʼayyuha al-laḏina ʼamanu la tadxulu buyuta an-nabiyi ʼilla ʼan yuʼḏana lakum ʼila ṭaɛamin ɣayra naḏ̣irina ʼinahu wa lakin ʼiḏa duɛitum fadxulu faʼiḏa ṭaɛimtum fantaciru wa la mustaʼnisina liḥadiṯin ʼinna ḏalikum kana yuʼḏi an-nabiya fayastaḥyi minkum wa Allahu la yastaḥyi mina al-ḥaqqi wa ʼiḏa saʼaltumuhunna mataɛan fasʼaluhunna min waraʼi ḥijabin ḏalikum ʼaṭharu liqulubikum wa qulubihinna wa ma kana lakum ʼan tuʼḏu rasula Allahi wa la ʼan tankiḥu ʼazwajahu min baɛdihi ʼabadan ʼinna ḏalikum kana ɛinda Allahi ɛaḏ̣iman.
33,54,ʼin tubdu cayʼan ʼaw tuxfuhu faʼinna Allaha kana bikulli cayʼin ɛaliman.
33,55,La junaḥa ɛalayhinna fi ʼabaʼihinna wa la ʼabnaʼihinna wa la ʼixwanihinna wa la ʼabnaʼi ʼixwanihinna wa la ʼabnaʼi ʼaxawatihinna wa la nisaʼihinna wa la ma malakat ʼaymanuhunna wa attaqina Allaha ʼinna Allaha kana ɛala kulli cayʼin cahidan.
33,56,ʼinna Allaha wa malaʼikatahu yuṣalluna ɛala an-nabiyi ya ʼayyuha al-laḏina ʼamanu ṣallu ɛalayhi wa sallimu tasliman.
33,57,ʼinna al-laḏina yuʼḏuna Allaha wa rasulahu laɛanahum Allahu fi ad-dunya wa al-ʼaxirati wa ʼaɛadda lahum ɛaḏaban muhinan.
33,58,Wa al-laḏina yuʼḏuna al-muʼminina wa al-muʼminati biɣayri ma aktasabu faqadi aḥtamalu buhtanan wa ʼiṯman mubinan.
33,59,Ya ʼayyuha an-nabiyu qul liʼzwajika wa banatika wa nisaʼi al-muʼminina yudnina ɛalayhinna min jalabibihinna ḏalika ʼadna ʼan yuɛrafna fala yuʼḏayna wa kana Allahu ɣafuran raḥiman.
33,60,Laʼin lam yantahi al-munafiquna wa al-laḏina fi qulubihim maraḍun wa al-murjifuna fi al-madinati lanuɣriyannaka bihim ṯumma la yujawirunaka fiha ʼilla qalilan.
33,61,Malɛunina ʼaynama ṯuqifu ʼuxiḏu wa quttilu taqtilan.
33,62,Sunnata Allahi fi al-laḏina xalaw min qablu wa lan tajida lisunnati Allahi tabdilan.
33,63,Yasʼaluka an-nasu ɛan as-saɛati qul ʼinnama ɛilmuha ɛinda Allahi wa ma yudrika laɛalla as-saɛata takunu qariban.
33,64,ʼinna Allaha laɛana al-kafirina wa ʼaɛadda lahum saɛiran.
33,65,Xalidina fiha ʼabadan la yajiduna waliyan wa la naṣiran.
33,66,Yawma tuqallabu wujuhuhum fi an-nari yaquluna ya laytana ʼaṭaɛna Allaha wa ʼaṭaɛna ar-rasul.
33,67,Wa qalu rabbana ʼinna ʼaṭaɛna sadatana wa kubaraʼana faʼaḍalluna as-sabil.
33,68,Rabbana ʼatihim ḍiɛfayni mina al-ɛaḏabi wa al-ɛanhum laɛnan kabiran.
33,69,Ya ʼayyuha al-laḏina ʼamanu la takunu kallaḏina ʼaḏaw musa fabarraʼahu Allahu mimma qalu wa kana ɛinda Allahi wajihan.
33,70,Ya ʼayyuha al-laḏina ʼamanu attaqu Allaha wa qulu qawlan sadidan.
33,71,Yuṣliḥ lakum ʼaɛmalakum wa yaɣfir lakum ḏunubakum wa man yuṭiɛ Allaha wa rasulahu faqad faza fawzan ɛaḏ̣iman.
33,72,ʼinna ɛaraḍna al-ʼamanata ɛala as-samawati wa al-ʼarḍi wa al-jibali faʼabayna ʼan yaḥmilnaha wa ʼacfaqna minha wa ḥamalaha al-ʼinsanu ʼinnahu kana ḏ̣aluman jahulan.
33,73,Liyuɛaḏḏiba Allahu al-munafiqina wa al-munafiqati wa al-mucrikina wa al-mucrikati wa yatuba Allahu ɛala al-muʼminina wa al-muʼminati wa kana Allahu ɣafuran raḥiman.
34,1,Al-ḥamdu Lillahi al-laḏi lahu ma fi as-samawati wa ma fi al-ʼarḍi wa lahu al-ḥamdu fi al-ʼaxirati wa huwa al-ḥakimu al-xabir.
34,2,Yaɛlamu ma yaliju fi al-ʼarḍi wa ma yaxruju minha wa ma yanzilu mina as-samaʼi wa ma yaɛruju fiha wa huwa ar-raḥimu al-ɣafur.
34,3,Wa qala al-laḏina kafaru la taʼtina as-saɛatu qul bala wa rabbi lataʼtiyannakum ɛalimi al-ɣaybi la yaɛzubu ɛanhu miṯqalu ḏarratin fi as-samawati wa la fi al-ʼarḍi wa la ʼaṣɣaru min ḏalika wa la ʼakbaru ʼilla fi kitabin mubinin.
34,4,Liyajziya al-laḏina ʼamanu wa ɛamilu aṣ-ṣaliḥati ʼulaʼika lahum maɣfiratun wa rizqun karimun.
34,5,Wa al-laḏina saɛaw fi ʼayatina muɛajizina ʼulaʼika lahum ɛaḏabun min rijzin ʼalimun.
34,6,Wa yara al-laḏina ʼutu al-ɛilma al-laḏi ʼunzila ʼilayka min rabbika huwa al-ḥaqqa wa yahdi ʼila ṣiraṭi al-ɛazizi al-ḥamid.
34,7,Wa qala al-laḏina kafaru hal nadullukum ɛala rajulin yunabbiʼukum ʼiḏa muzziqtum kulla mumazzaqin ʼinnakum lafi xalqin jadidin.
34,8,ʼaftara ɛala Allahi kaḏiban ʼam bihi jinnatun bal al-laḏina la yuʼminuna bil-ʼaxirati fi al-ɛaḏabi wa aḍ-ḍalali al-baɛid.
34,9,ʼafalam yaraw ʼila ma bayna ʼaydihim wa ma xalfahum mina as-samaʼi wa al-ʼarḍi ʼin nacaʼ naxsif bihim al-ʼarḍa ʼaw nusqiṭ ɛalayhim kisafan mina as-samaʼi ʼinna fi ḏalika laʼayatan likulli ɛabdin munibin.
34,10,Wa laqad ʼatayna dawuda minna faḍlan ya jibalu ʼawwibi maɛahu wa aṭ-ṭayra wa ʼalanna lahu al-ḥadid.
34,11,ʼan aɛmal sabiɣatin wa qaddir fi as-sardi wa aɛmalu ṣaliḥan ʼinni bima taɛmaluna baṣirun.
34,12,Wa lisulaymana ar-riḥa ɣuduwuha cahrun wa rawaḥuha cahrun wa ʼasalna lahu ɛayna al-qiṭri wa mina al-jinni man yaɛmalu bayna yadayhi biʼiḏni rabbihi wa man yaziɣ minhum ɛan ʼamrina nuḏiqhu min ɛaḏabi as-saɛir.
34,13,Yaɛmaluna lahu ma yacaʼu min maḥariba wa tamaṯila wa jifanin kaljawabi wa qudurin rasiyatin aɛmalu ʼala dawuda cukran wa qalilun min ɛibadiya ac-cakur.
34,14,Falamma qaḍayna ɛalayhi al-mawta ma dallahum ɛala mawtihi ʼilla dabbatu al-ʼarḍi taʼkulu minsaʼatahu falamma xarra tabayyanat al-jinnu ʼan law kanu yaɛlamuna al-ɣayba ma labiṯu fi al-ɛaḏabi al-muhin.
34,15,Laqad kana lisabaʼiin fi maskanihim ʼayatun jannatani ɛan yaminin wa cimalin kulu min rizqi rabbikum wa ackuru lahu baldatun ṭayyibatun wa rabbun ɣafurun.
34,16,Faʼaɛraḍu faʼarsalna ɛalayhim sayla al-ɛarimi wa baddalnahum bijannatayhim jannatayni ḏawata ʼukulin xamṭin wa ʼaṯlin wa cayʼin min sidrin qalilin.
34,17,Ḏalika jazaynahum bima kafaru wa hal nujazi ʼilla al-kafur.
34,18,Wa jaɛalna baynahum wa bayna al-qura allati barakna fiha quran ḏ̣ahiratan wa qaddarna fiha as-sayra siru fiha layaliya wa ʼayyaman ʼaminin.
34,19,Faqalu rabbana baɛid bayna ʼasfarina wa ḏ̣alamu ʼanfusahum fajaɛalnahum ʼaḥadiṯa wa mazzaqnahum kulla mumazzaqin ʼinna fi ḏalika lʼayatin likulli ṣabbarin cakurin.
34,20,Wa laqad ṣaddaqa ɛalayhim ʼiblisu ḏ̣annahu fa attabaɛuhu ʼilla fariqan mina al-muʼminin.
34,21,Wa ma kana lahu ɛalayhim min sulṭanin ʼilla linaɛlama man yuʼminu bil-ʼaxirati mimman huwa minha fi cakkin wa rabbuka ɛala kulli cayʼin ḥafiḏ̣un.
34,22,Qul adɛu al-laḏina zaɛamtum min duni Allahi la yamlikuna miṯqala ḏarratin fi as-samawati wa la fi al-ʼarḍi wa ma lahum fihima min cirkin wa ma lahu minhum min ḏ̣ahirin.
34,23,Wa la tanfaɛu ac-cafaɛatu ɛindahu ʼilla liman ʼaḏina lahu ḥatta ʼiḏa fuzziɛa ɛan qulubihim qalu maḏa qala rabbukum qalu al-ḥaqqa wa huwa al-ɛaliyu al-kabir.
34,24,Qul man yarzuqukum mina as-samawati wa al-ʼarḍi qul Allahu wa ʼinna ʼaw ʼiyakum laɛala hudan ʼaw fi ḍalalin mubinin.
34,25,Qul la tusʼaluna ɛamma ʼajramna wa la nusʼalu ɛamma taɛmalun.
34,26,Qul yajmaɛu baynana rabbuna ṯumma yaftaḥu baynana bil-ḥaqqi wa huwa al-fattaḥu al-ɛalim.
34,27,Qul ʼaruniya al-laḏina ʼalḥaqtum bihi curakaʼa kalla bal huwa Allahu al-ɛazizu al-ḥakim.
34,28,Wa ma ʼarsalnaka ʼilla kaffatan lilnnasi baciran wa naḏiran wa lakinna ʼakṯara an-nasi la yaɛlamun.
34,29,Wa yaquluna mata haḏa al-waɛdu ʼin kuntum ṣadiqin.
34,30,Qul lakum miɛadu yawmin la tastaʼxiruna ɛanhu saɛatan wa la tastaqdimun.
34,31,Wa qala al-laḏina kafaru lan nuʼmina bihaḏa al-qurʼani wa la bial-laḏi bayna yadayhi wa law tara ʼiḏ aḏ̣-ḏ̣alimuna mawqufuna ɛinda rabbihim yarjiɛu baɛḍuhum ʼila baɛḍin al-qawla yaqulu al-laḏina astuḍɛifu lillaḏina astakbaru lawla ʼantum lakunna muʼminin.
34,32,Qala al-laḏina astakbaru lillaḏina astuḍɛifu ʼanaḥnu ṣadadnakum ɛan al-huda baɛda ʼiḏ jaʼakum bal kuntum mujrimin.
34,33,Wa qala al-laḏina astuḍɛifu lillaḏina astakbaru bal makru al-layli wa an-nahari ʼiḏ taʼmurunana ʼan nakfura Billahi wa najɛala lahu ʼandadan wa ʼasarru an-nadamata lamma raʼaw al-ɛaḏaba wa jaɛalna al-ʼaɣlala fi ʼaɛnaqi al-laḏina kafaru hal yujzawna ʼilla ma kanu yaɛmalun.
34,34,Wa ma ʼarsalna fi qaryatin min naḏirin ʼilla qala mutrafuha ʼinna bima ʼursiltum bihi kafirun.
34,35,Wa qalu naḥnu ʼakṯaru ʼamwalan wa ʼawladan wa ma naḥnu bimuɛaḏḏabin.
34,36,Qul ʼinna rabbi yabsuṭu ar-rizqa liman yacaʼu wa yaqdiru wa lakinna ʼakṯara an-nasi la yaɛlamun.
34,37,Wa ma ʼamwalukum wa la ʼawladukum bi-ati tuqarribukum ɛindana zulfa ʼilla man ʼamana wa ɛamila ṣaliḥan faʼulaʼika lahum jazaʼu aḍ-ḍiɛfi bima ɛamilu wa hum fi al-ɣurufati ʼaminun.
34,38,Wa al-laḏina yasɛawna fi ʼayatina muɛajizina ʼulaʼika fi al-ɛaḏabi muḥḍarun.
34,39,Qul ʼinna rabbi yabsuṭu ar-rizqa liman yacaʼu min ɛibadihi wa yaqdiru lahu wa ma ʼanfaqtum min cayʼin fahuwa yuxlifuhu wa huwa xayru ar-raziqin.
34,40,Wa yawma yaḥcuruhum jamiɛan ṯumma yaqulu lilmalaʼikati ʼahaʼuulaʼ ʼiyakum kanu yaɛbudun.
34,41,Qalu subḥanaka ʼanta waliyuna min dunihim bal kanu yaɛbuduna al-jinna ʼakṯaruhum bihim muʼminun.
34,42,Falyawma la yamliku baɛḍukum libaɛḍin nafɛan wa la ḍarran wa naqulu lillaḏina ḏ̣alamu ḏuqu ɛaḏaba an-nari allati kuntum biha tukaḏḏibun.
34,43,Wa ʼiḏa tutla ɛalayhim ʼayatuna bayyinatin qalu ma haḏa ʼilla rajulun yuridu ʼan yaṣuddakum ɛamma kana yaɛbudu ʼabaʼuukum wa qalu ma haḏa ʼilla ʼifkun muftaran wa qala al-laḏina kafaru lilḥaqqi lamma jaʼahum ʼin haḏa ʼilla siḥrun mubinun.
34,44,Wa ma ʼataynahum min kutubin yadrusunaha wa ma ʼarsalna ʼilayhim qablaka min naḏirin.
34,45,Wa kaḏḏaba al-laḏina min qablihim wa ma balaɣu miɛcara ma ʼataynahum fakaḏḏabu rusuli fakayfa kana nakir.
34,46,Qul ʼinnama ʼaɛiḏ̣ukum biwaḥidatin ʼan taqumu Lillahi maṯna wa furada ṯumma tatafakkaru ma biṣaḥibikum min jinnatin ʼin huwa ʼilla naḏirun lakum bayna yaday ɛaḏabin cadidin.
34,47,Qul ma saʼaltukum min ʼajrin fahuwa lakum ʼin ʼajriya ʼilla ɛala Allahi wa huwa ɛala kulli cayʼin cahidun.
34,48,Qul ʼinna rabbi yaqḏifu bil-ḥaqqi ɛallamu al-ɣuyub.
34,49,Qul jaʼa al-ḥaqqu wa ma yubdiʼu al-baṭilu wa ma yuɛid.
34,50,Qul ʼin ḍalaltu faʼinnama ʼaḍillu ɛala nafsi wa ʼin ahtadaytu fabima yuḥi ʼilayya rabbi ʼinnahu samiɛun qaribun.
34,51,Wa law tara ʼiḏ faziɛu fala fawta wa ʼuxiḏu min makanin qaribin.
34,52,Wa qalu ʼamanna bihi wa ʼanna lahumu at-tanawucu min makanin baɛidin.
34,53,Wa qad kafaru bihi min qablu wa yaqḏifuna bil-ɣaybi min makanin baɛidin.
34,54,Wa ḥila baynahum wa bayna ma yactahuna kama fuɛila biʼacyaɛihim min qablu ʼinnahum kanu fi cakkin muribin.
35,1,Al-ḥamdu Lillahi faṭiri as-samawati wa al-ʼarḍi jaɛili al-malaʼikati rusulan ʼuli ʼajniḥatin maṯna wa ṯulaṯa wa rubaɛa yazidu fi al-xalqi ma yacaʼu ʼinna Allaha ɛala kulli cayʼin qadirun.
35,2,Ma yaftaḥ Allahu lilnnasi min raḥmatin fala mumsika laha wa ma yumsik fala mursila lahu min baɛdihi wa huwa al-ɛazizu al-ḥakim.
35,3,Ya ʼayyuha an-nasu aḏkuru niɛmata Allahi ɛalaykum hal min xaliqin ɣayru Allahi yarzuqukum mina as-samaʼi wa al-ʼarḍi la ʼilaha ʼilla huwa faʼanna tuʼfakun.
35,4,Wa ʼin yukaḏḏibuka faqad kuḏḏibat rusulun min qablika wa ʼila Allahi turjaɛu al-ʼumur.
35,5,Ya ʼayyuha an-nasu ʼinna waɛda Allahi ḥaqqun fala taɣurrannakumu al-ḥaya atu ad-dunya wa la yaɣurrannakum Billahi al-ɣarur.
35,6,ʼinna ac-cayṭana lakum ɛaduwun fa attaxiḏuhu ɛaduwan ʼinnama yadɛu ḥizbahu liyakunu min ʼaṣḥabi as-saɛir.
35,7,Al-laḏina kafaru lahum ɛaḏabun cadidun wa al-laḏina ʼamanu wa ɛamilu aṣ-ṣaliḥati lahum maɣfiratun wa ʼajrun kabirun.
35,8,ʼafaman zuyyina lahu suʼ ɛamalihi faraʼahu ḥasanan faʼinna Allaha yuḍillu man yacaʼu wa yahdi man yacaʼu fala taḏ/hab nafsuka ɛalayhim ḥasaratin ʼinna Allaha ɛalimun bima yaṣnaɛun.
35,9,Wa Allahu al-laḏi ʼarsala ar-riyaḥa fatuṯiru saḥaban fasuqnahu ʼila baladin mayyitin faʼaḥyayna bihi al-ʼarḍa baɛda mawtiha kaḏalika an-nucur.
35,10,Man kana yuridu al-ɛizzata falillahi al-ɛizzatu jamiɛan ʼilayhi yaṣɛadu al-kalimu aṭ-ṭayyibu wa al-ɛamalu aṣ-ṣaliḥu yarfaɛuhu wa al-laḏina yamkuruna as-sayyiʼati lahum ɛaḏabun cadidun wa makru ʼulaʼika huwa yabur.
35,11,Wa Allahu xalaqakum min turabin ṯumma min nuṭfatin ṯumma jaɛalakum ʼazwajan wa ma taḥmilu min ʼunṯa wa la taḍaɛu ʼilla biɛilmihi wa ma yuɛammaru min muɛammarin wa la yunqaṣu min ɛumurihi ʼilla fi kitabin ʼinna ḏalika ɛala Allahi yasirun.
35,12,Wa ma yastawi al-baḥrani haḏa ɛaḏbun furatun saʼiɣun carabuhu wa haḏa milḥun ʼujajun wa min kullin taʼkuluna laḥman ṭariyan wa tastaxrijuna ḥilyatan talbasunaha wa tara al-fulka fihi mawaxira litabtaɣu min faḍlihi wa laɛallakum tackurun.
35,13,Yuliju al-layla fi an-nahari wa yuliju an-nahara fi al-layli wa saxxara ac-camsa wa al-qamara kullun yajri liʼjalin musamman ḏalikum Allahu rabbukum lahu al-mulku wa al-laḏina tadɛuna min dunihi ma yamlikuna min qiṭmirin.
35,14,ʼin tadɛuhum la yasmaɛu duɛaʼakum wa law samiɛu ma astajabu lakum wa yawma al-qiyamati yakfuruna bicirkikum wa la yunabbiʼuka miṯlu xabirin.
35,15,Ya ʼayyuha an-nasu ʼantum al-fuqaraʼu ʼila Allahi wa Allahu huwa al-ɣaniyu al-ḥamid.
35,16,ʼin yacaʼ yuḏ/hibkum wa yaʼti bixalqin jadidin.
35,17,Wa ma ḏalika ɛala Allahi biɛazizin.
35,18,Wa la taziru waziratun wizra ʼuxra wa ʼin tadɛu muṯqalatun ʼila ḥimliha la yuḥmal minhu cayʼun wa law kana ḏa qurba ʼinnama tunḏiru al-laḏina yaxcawna rabbahum bil-ɣaybi wa ʼaqamu aṣ-ṣalata wa man tazakka faʼinnama yatazakka linafsihi wa ʼila Allahi al-maṣir.
35,19,Wa ma yastawi al-ʼaɛma wa al-baṣir.
35,20,Wa la aḏ̣-ḏ̣ulumatu wa la an-nur.
35,21,Wa la aḏ̣-ḏ̣illu wa la al-ḥarur.
35,22,Wa ma yastawi al-ʼaḥyaʼu wa la al-ʼamwatu ʼinna Allaha yusmiɛu man yacaʼu wa ma ʼanta bimusmiɛin man fi al-qubur.
35,23,ʼin ʼanta ʼilla naḏirun.
35,24,ʼinna ʼarsalnaka bil-ḥaqqi baciran wa naḏiran wa ʼin min ʼummatin ʼilla xala fiha naḏirun.
35,25,Wa ʼin yukaḏḏibuka faqad kaḏḏaba al-laḏina min qablihim jaʼat/hum rusuluhum bil-bayyinati wa biz-zuburi wa bil-kitabi al-munir.
35,26,Ṯumma ʼaxaḏtu al-laḏina kafaru fakayfa kana nakir.
35,27,ʼalam tara ʼanna Allaha ʼanzala mina as-samaʼi maʼan faʼaxrajna bihi ṯamaratin muxtalifan ʼalwanuha wa mina al-jibali judadun biḍun wa ḥumrun muxtalifun ʼalwanuha wa ɣarabibu sudun.
35,28,Wa mina an-nasi wa ad-dawabbi wa al-ʼanɛam muxtalifun ʼalwanuhu kaḏalika ʼinnama yaxca Allaha min ɛibadihi al-ɛulamaʼu ʼinna Allaha ɛazizun ɣafurun.
35,29,ʼinna al-laḏina yatluna kitaba Allahi wa ʼaqamu aṣ-ṣalata wa ʼanfaqu mimma razaqnahum sirran wa ɛalaniyatan yarjuna tijaratan lan tabur.
35,30,Liyuwaffiyahum ʼujurahum wa yazidahum min faḍlihi ʼinnahu ɣafurun cakurun.
35,31,Wa al-laḏi ʼawḥayna ʼilayka mina al-kitabi huwa al-ḥaqqu muṣaddiqan lima bayna yadayhi ʼinna Allaha biɛibadihi laxabirun baṣirun.
35,32,Ṯumma ʼawraṯna al-kitaba al-laḏina aṣṭafayna min ɛibadina faminhum ḏ̣alimun linafsihi wa minhum muqtaṣidun wa minhum sabiqun bil-xayrati biʼiḏni Allahi ḏalika huwa al-faḍlu al-kabir.
35,33,Jannatu ɛadnin yadxulunaha yuḥallawna fiha min ʼasawira min ḏahabin wa luʼluʼan wa libasuhum fiha ḥarirun.
35,34,Wa qalu al-ḥamdu Lillahi al-laḏi ʼaḏ/haba ɛanna al-ḥazana ʼinna rabbana laɣafurun cakurun.
35,35,Al-laḏi ʼaḥallana dara al-muqamati min faḍlihi la yamassuna fiha naṣabun wa la yamassuna fiha luɣubun.
35,36,Wa al-laḏina kafaru lahum naru jahannama la yuqḍa ɛalayhim fayamutu wa la yuxaffafu ɛanhum min ɛaḏabiha kaḏalika najzi kulla kafurin.
35,37,Wa hum yaṣṭarixuna fiha rabbana ʼaxrijna naɛmal ṣaliḥan ɣayra al-laḏi kunna naɛmalu ʼawalam nuɛammirkum ma yataḏakkaru fihi man taḏakkara wa jaʼakumu an-naḏiru faḏuqu fama lilḏ̣ḏ̣alimina min naṣir.
35,38,ʼinna Allaha ɛalimu ɣaybi as-samawati wa al-ʼarḍi ʼinnahu ɛalimun biḏati aṣ-ṣudur.
35,39,Huwa al-laḏi jaɛalakum xalaʼifa fi al-ʼarḍi faman kafara faɛalayhi kufruhu wa la yazidu al-kafirina kufruhum ɛinda rabbihim ʼilla maqtan wa la yazidu al-kafirina kufruhum ʼilla xasaran.
35,40,Qul ʼaraʼaytum curakaʼakum al-laḏina tadɛuna min duni Allahi ʼaruni maḏa xalaqu mina al-ʼarḍi ʼam lahum cirkun fi as-samawati ʼam ʼataynahum kitaban fahum ɛala bayyinatin minhu bal ʼin yaɛidu aḏ̣-ḏ̣alimuna baɛḍuhum baɛḍan ʼilla ɣururan.
35,41,ʼinna Allaha yumsiku as-samawati wa al-ʼarḍa ʼan tazula wa laʼin zalata ʼin ʼamsakahuma min ʼaḥadin min baɛdihi ʼinnahu kana ḥaliman ɣafuran.
35,42,Wa ʼaqsamu Billahi jahda ʼaymanihim laʼin jaʼahum naḏirun layakununna ʼahda min ʼiḥda al-ʼumami falamma jaʼahum naḏirun ma zadahum ʼilla nufuran.
35,43,Astikbaran fi al-ʼarḍi wa makra as-sayyiʼi wa la yaḥiqu al-makru as-sayyiʼu ʼilla biʼahlihi fahal yanḏ̣uruna ʼilla sunnata al-ʼawwalina falan tajida lisunnati Allahi tabdilan wa lan tajida lisunnati Allahi taḥwilan.
35,44,ʼawalam yasiru fi al-ʼarḍi fayanḏ̣uru kayfa kana ɛaqibatu al-laḏina min qablihim wa kanu ʼacadda minhum quwatan wa ma kana Allahu liyuɛjizahu min cayʼin fi as-samawati wa la fi al-ʼarḍi ʼinnahu kana ɛaliman qadiran.
35,45,Wa law yuʼaxiḏu Allahu an-nasa bima kasabu ma taraka ɛala ḏ̣ahriha min dabbatin wa lakin yuʼaxxiruhum ʼila ʼajalin musamman faʼiḏa jaʼa ʼajaluhum faʼinna Allaha kana biɛibadihi baṣiran.
36,1,Ya -sin.mpʼ>(ya -sin: .
36,2,Wa al-qurʼani al-ḥakim.
36,3,ʼinnaka lamina al-mursalin.
36,4,Ɛala ṣiraṭin mustaqimin.
36,5,Tanzila al-ɛazizi ar-raḥim.
36,6,Litunḏira qawman ma ʼunḏira ʼabaʼuuhum fahum ɣafilun.
36,7,Laqad ḥaqqa al-qawlu ɛala ʼakṯarihim fahum la yuʼminun.
36,8,ʼinna jaɛalna fi ʼaɛnaqihim ʼaɣlalan fahiya ʼila al-ʼaḏqani fahum muqmaḥun.
36,9,Wa jaɛalna min bayni ʼaydihim saddan wa min xalfihim saddan faʼaɣcaynahum fahum la yubṣirun.
36,10,Wa sawaʼun ɛalayhim ʼaʼanḏartahum ʼam lam tunḏirhum la yuʼminun.
36,11,ʼinnama tunḏiru man attabaɛa aḏ-ḏikra wa xaciya ar-raḥmana bil-ɣaybi fabaccirhu bimaɣfiratin wa ʼajrin karimin.
36,12,ʼinna naḥnu nuḥyi al-mawta wa naktubu ma qaddamu wa ʼaṯarahum wa kulla cayʼin ʼḥṣaynahu fi ʼimamin mubinin.
36,13,Wa aḍrib lahum maṯalan ʼaṣḥaba al-qaryati ʼiḏ jaʼaha al-mursalun.
36,14,ʼiḏ ʼarsalna ʼilayhim aṯnayni fakaḏḏabuhuma faɛazzazna biṯaliṯin faqalu ʼinna ʼilaykum mursalun.
36,15,Qalu ma ʼantum ʼilla bacarun miṯluna wa ma ʼanzala ar-raḥmanu min cayʼin ʼin ʼantum ʼilla takḏibun.
36,16,Qalu rabbuna yaɛlamu ʼinna ʼilaykum lamursalun.
36,17,Wa ma ɛalayna ʼilla al-balaɣu al-mubin.
36,18,Qalu ʼinna taṭayyarna bikum laʼin lam tantahu lanarjumannakum wa layamassannakum minna ɛaḏabun ʼalimun.
36,19,Qalu ṭaʼirukum maɛakum ʼaʼin ḏukkirtum bal ʼantum qawmun musrifun.
36,20,Wa jaʼa min ʼaqṣa al-madinati rajulun yasɛa qala ya qawmi attabiɛu al-mursalina.mpʼ>(ya -sin: .
36,21,Attabiɛu man la yasʼalukum ʼajran wa hum muhtadun.
36,22,Wa ma liya la ʼaɛbudu al-laḏi faṭarani wa ʼilayhi turjaɛun.
36,23,ʼaʼattaxiḏu min dunihi ʼalihatan ʼin yuridni ar-raḥmanu biḍurrin la tuɣni ɛanni cafaɛatuhum cayʼan wa la yunqiḏun.
36,24,ʼinni ʼiḏan lafi ḍalalin mubinin.
36,25,ʼinni ʼamantu birabbikum fasmaɛun.
36,26,Qila adxul al-jannata qala ya layta qawmi yaɛlamuna.mpʼ>(ya -sin: .
36,27,Bima ɣafara li rabbi wa jaɛalani mina al-mukramin.
36,28,Wa ma ʼanzalna ɛala qawmihi min baɛdihi min jundin mina as-samaʼi wa ma kunna munzilin.
36,29,ʼin kanat ʼilla ṣayḥatan waḥidatan faʼiḏa hum xamidun.
36,30,Ya ḥasratan ɛala al-ɛibadi ma yaʼtihim min rasulin ʼilla kanu bihi yastahziʼun.mpʼ>(ya -sin: .
36,31,ʼalam yaraw kam ʼahlakna qablahum mina al-quruni ʼannahum ʼilayhim la yarjiɛun.
36,32,Wa ʼin kullun lamma jamiɛun ladayna muḥḍarun.
36,33,Wa ʼayatun lahum al-ʼarḍu al-maytatu ʼaḥyaynaha wa ʼaxrajna minha ḥabban faminhu yaʼkulun.
36,34,Wa jaɛalna fiha jannatin min naxilin wa ʼaɛnabin wa fajjarna fiha mina al-ɛuyun.
36,35,Liyaʼkulu min ṯamarihi wa ma ɛamilat/hu ʼaydihim ʼafala yackurun.
36,36,Subḥana al-laḏi xalaqa al-ʼazwaja kullaha mimma tunbitu al-ʼarḍu wa min ʼanfusihim wa mimma la yaɛlamun.
36,37,Wa ʼayatun lahumu al-laylu naslaxu minhu an-nahara faʼiḏa hum muḏ̣limun.
36,38,Wa ac-camsu tajri limustaqarrin laha ḏalika taqdiru al-ɛazizi al-ɛalim.
36,39,Wa al-qamara qaddarnahu manazila ḥatta ɛada kalɛurjuni al-qadim.
36,40,La ac-camsu yanbaɣi laha ʼan tudrika al-qamara wa la al-laylu sabiqu an-nahari wa kullun fi falakin yasbaḥun.
36,41,Wa ʼayatun lahum ʼanna ḥamalna ḏurriyatahum fi al-fulki al-macḥun.
36,42,Wa xalaqna lahum min miṯlihi ma yarkabun.
36,43,Wa ʼin nacaʼ nuɣriqhum fala ṣarixa lahum wa la hum yunqaḏun.
36,44,ʼilla raḥmatan minna wa mataɛan ʼila ḥinin.
36,45,Wa ʼiḏa qila lahum attaqu ma bayna ʼaydikum wa ma xalfakum laɛallakum turḥamun.
36,46,Wa ma taʼtihim min ʼayatin min ʼayati rabbihim ʼilla kanu ɛanha muɛriḍin.
36,47,Wa ʼiḏa qila lahum ʼanfiqu mimma razaqakumu Allahu qala al-laḏina kafaru lillaḏina ʼamanu ʼanuṭɛimu man law yacaʼu Allahu ʼaṭɛamahu ʼin ʼantum ʼilla fi ḍalalin mubinin.
36,48,Wa yaquluna mata haḏa al-waɛdu ʼin kuntum ṣadiqin.
36,49,Ma yanḏ̣uruna ʼilla ṣayḥatan waḥidatan taʼxuḏuhum wa hum yaxiṣṣimun.
36,50,Fala yastaṭiɛuna tawṣiyatan wa la ʼila ʼahlihim yarjiɛun.
36,51,Wa nufixa fi aṣ-ṣuri faʼiḏa hum mina al-ʼajdaṯi ʼila rabbihim yansilun.
36,52,Qalu ya waylana man baɛaṯana min marqadina haḏa ma waɛada ar-raḥmanu wa ṣadaqa al-mursaluna.mpʼ>(ya -sin: .
36,53,ʼin kanat ʼilla ṣayḥatan waḥidatan faʼiḏa hum jamiɛun ladayna muḥḍarun.
36,54,Falyawma la tuḏ̣lamu nafsun cayʼan wa la tujzawna ʼilla ma kuntum taɛmalun.
36,55,ʼinna ʼaṣḥaba al-jannati al-yawma fi cuɣulin fakihun.
36,56,Hum wa ʼazwajuhum fi ḏ̣ilalin ɛala al-ʼaraʼiki muttakiʼun.
36,57,Lahum fiha fakihatun wa lahum ma yaddaɛun.
36,58,Salamun qawlan min rabbin raḥimin.
36,59,Wa amtazu al-yawma ʼayyuha al-mujrimun.
36,60,ʼalam ʼaɛhad ʼilaykum ya bani ʼadama ʼan la taɛbudu ac-cayṭana ʼinnahu lakum ɛaduwun mubinun.mpʼ>(ya -sin: .
36,61,Wa ʼan aɛbuduni haḏa ṣiraṭun mustaqimun.
36,62,Wa laqad ʼaḍalla minkum jibillan kaṯiran ʼafalam takunu taɛqilun.
36,63,Haḏihi jahannamu allati kuntum tuɛadun.
36,64,Aṣlawha al-yawma bima kuntum takfurun.
36,65,Al-yawma naxtimu ɛala ʼafwahihim wa tukallimuna ʼaydihim wa tac/hadu ʼarjuluhum bima kanu yaksibun.
36,66,Wa law nacaʼu laṭamasna ɛala ʼaɛyunihim fastabaqu aṣ-ṣiraṭa faʼanna yubṣirun.
36,67,Wa law nacaʼu lamasaxnahum ɛala makanatihim fama astaṭaɛu muḍiyan wa la yarjiɛun.
36,68,Wa man nuɛammirhu nunakkis/hu fi al-xalqi ʼafala yaɛqilun.
36,69,Wa ma ɛallamnahu ac-ciɛra wa ma yanbaɣi lahu ʼin huwa ʼilla ḏikrun wa qurʼanun mubinun.
36,70,Liyunḏira man kana ḥayyan wa yaḥiqqa al-qawlu ɛala al-kafirin.
36,71,ʼawalam yaraw ʼanna xalaqna lahum mimma ɛamilat ʼaydina ʼanɛaman fahum laha malikun.
36,72,Wa ḏallalnaha lahum faminha rakubuhum wa minha yaʼkulun.
36,73,Wa lahum fiha manafiɛu wa macaribu ʼafala yackurun.
36,74,Wa attaxaḏu min duni Allahi ʼalihatan laɛallahum yunṣarun.
36,75,La yastaṭiɛuna naṣrahum wa hum lahum jundun muḥḍarun.
36,76,Fala yaḥzunka qawluhum ʼinna naɛlamu ma yusirruna wa ma yuɛlinun.
36,77,ʼawalam yara al-ʼinsanu ʼanna xalaqnahu min nuṭfatin faʼiḏa huwa xaṣimun mubinun.
36,78,Wa ḍaraba lana maṯalan wa nasiya xalqahu qala man yuḥyi al-ɛiḏ̣ama wa hiya ramimun.
36,79,Qul yuḥyiha al-laḏi ʼancaʼaha ʼawwala marratin wa huwa bikulli xalqin ɛalimun.
36,80,Al-laḏi jaɛala lakum mina ac-cajari al-ʼaxḍari naran faʼiḏa ʼantum minhu tuqidun.
36,81,ʼawalaysa al-laḏi xalaqa as-samawati wa al-ʼarḍa biqadirin ɛala ʼan yaxluqa miṯlahum bala wa huwa al-xallaqu al-ɛalim.
36,82,ʼinnama ʼamruhu ʼiḏa ʼarada cayʼan ʼan yaqula lahu kun fayakun.
36,83,Fasubḥana al-laḏi biyadihi malakutu kulli cayʼin wa ʼilayhi turjaɛun.
37,1,Wa aṣ-ṣaffati ṣaffan.
37,2,Falzzajirati zajran.
37,3,Falttaliyati ḏikran.
37,4,ʼinna ʼilahakum lawaḥidun.
37,5,Rabbu as-samawati wa al-ʼarḍi wa ma baynahuma wa rabbu al-macariq.
37,6,ʼinna zayyanna as-samaʼa ad-dunya bizinatin al-kawakib.
37,7,Wa ḥifḏ̣an min kulli cayṭanin maridin.
37,8,La yassammaɛuna ʼila al-malaʼi al-ʼaɛla wa yuqḏafuna min kulli janibin.
37,9,Duḥuran wa lahum ɛaḏabun wa aṣibun.
37,10,ʼilla man xaṭifa al-xaṭfata faʼatbaɛahu cihabun ṯaqibun.
37,11,Fastaftihim ʼahum ʼacaddu xalqan ʼam man xalaqna ʼinna xalaqnahum min ṭinin lazibin.
37,12,Bal ɛajibta wa yasxarun.
37,13,Wa ʼiḏa ḏukkiru la yaḏkurun.
37,14,Wa ʼiḏa raʼaw ʼayatan yastasxirun.
37,15,Wa qalu ʼin haḏa ʼilla siḥrun mubinun.
37,16,ʼaʼiḏa mitna wa kunna turaban wa ɛiḏ̣aman ʼaʼinna lamabɛuṯun.
37,17,ʼawaʼabaʼuuna al-ʼawwalun.
37,18,Qul naɛam wa ʼantum daxirun.
37,19,Faʼinnama hiya zajratun waḥidatun faʼiḏa hum yanḏ̣urun.
37,20,Wa qalu ya waylana haḏa yawmu ad-din.
37,21,Haḏa yawmu al-faṣli al-laḏi kuntum bihi tukaḏḏibun.
37,22,Aḥcuru al-laḏina ḏ̣alamu wa ʼazwajahum wa ma kanu yaɛbudun.
37,23,Min duni Allahi fahduhum ʼila ṣiraṭi al-jaḥim.
37,24,Wa qifuhum ʼinnahum masʼulun.
37,25,Ma lakum la tanaṣarun.
37,26,Bal hum al-yawma mustaslimun.
37,27,Wa ʼaqbala baɛḍuhum ɛala baɛḍin yatasaʼalun.
37,28,Qalu ʼinnakum kuntum taʼtunana ɛan al-yamin.
37,29,Qalu bal lam takunu muʼminin.
37,30,Wa ma kana lana ɛalaykum min sulṭanin bal kuntum qawman ṭaɣin.
37,31,Faḥaqqa ɛalayna qawlu rabbina ʼinna laḏaʼiqun.
37,32,Faʼaɣwaynakum ʼinna kunna ɣawin.
37,33,Faʼinnahum yawmaʼiḏin fi al-ɛaḏabi muctarikun.
37,34,ʼinna kaḏalika nafɛalu bil-mujrimin.
37,35,ʼinnahum kanu ʼiḏa qila lahum la ʼilaha ʼilla Allahu yastakbirun.
37,36,Wa yaquluna ʼaʼinna latariku ʼalihatina licaɛirin majnunin.
37,37,Bal jaʼa bil-ḥaqqi wa ṣaddaqa al-mursalin.
37,38,ʼinnakum laḏaʼiqu al-ɛaḏabi al-ʼalim.
37,39,Wa ma tujzawna ʼilla ma kuntum taɛmalun.
37,40,ʼilla ɛibada Allahi al-muxlaṣin.
37,41,ʼulaʼika lahum rizqun maɛlumun.
37,42,Fawakihu wa hum mukramun.
37,43,Fi jannati an-naɛim.
37,44,Ɛala sururin mutaqabilin.
37,45,Yuṭafu ɛalayhim bikaʼsin min maɛinin.
37,46,Bayḍaʼa laḏḏatin lilccaribin.
37,47,La fiha ɣawlun wa la hum ɛanha yunzafun.
37,48,Wa ɛindahum qaṣiratu aṭ-ṭarfi ɛinun.
37,49,Kaʼannahunna bayḍun maknunun.
37,50,Faʼaqbala baɛḍuhum ɛala baɛḍin yatasaʼalun.
37,51,Qala qaʼilun minhum ʼinni kana li qarinun.
37,52,Yaqulu ʼaʼinnaka lamina al-muṣaddiqin.
37,53,ʼaʼiḏa mitna wa kunna turaban wa ɛiḏ̣aman ʼaʼinna lamadinun.
37,54,Qala hal ʼantum muṭṭaliɛun.
37,55,Faṭṭalaɛa faraʼahu fi sawaʼi al-jaḥim.
37,56,Qala ta-Allahi ʼin kidta laturdin.
37,57,Wa lawla niɛmatu rabbi lakuntu mina al-muḥḍarin.
37,58,ʼafama naḥnu bimayyitin.
37,59,ʼilla mawtatana al-ʼula wa ma naḥnu bimuɛaḏḏabin.
37,60,ʼinna haḏa lahuwa al-fawzu al-ɛaḏ̣im.
37,61,Limiṯli haḏa falyaɛmal al-ɛamilun.
37,62,ʼaḏalika xayrun nuzulan ʼam cajaratu az-zaqqum.
37,63,ʼinna jaɛalnaha fitnatan lilḏ̣ḏ̣alimin.
37,64,ʼinnaha cajaratun taxruju fi ʼaṣli al-jaḥim.
37,65,Ṭalɛuha kaʼannahu ruʼsu ac-cayaṭin.
37,66,Faʼinnahum laʼakiluna minha famaliʼuna minha al-buṭun.
37,67,Ṯumma ʼinna lahum ɛalayha lacawban min ḥamimin.
37,68,Ṯumma ʼinna marjiɛahum laʼila al-jaḥim.
37,69,ʼinnahum ʼalfaw ʼabaʼahum ḍallin.
37,70,Fahum ɛala ʼaṯarihim yuhraɛun.
37,71,Wa laqad ḍalla qablahum ʼakṯaru al-ʼawwalin.
37,72,Wa laqad ʼarsalna fihim munḏirin.
37,73,Fanḏ̣ur kayfa kana ɛaqibatu al-munḏarin.
37,74,ʼilla ɛibada Allahi al-muxlaṣin.
37,75,Wa laqad nadana nuḥun falaniɛma al-mujibun.
37,76,Wa najjaynahu wa ʼahlahu mina al-karbi al-ɛaḏ̣im.
37,77,Wa jaɛalna ḏurriyatahu humu al-baqin.
37,78,Wa tarakna ɛalayhi fi al-ʼaxirin.
37,79,Salamun ɛala nuḥin fi al-ɛalamin.
37,80,ʼinna kaḏalika najzi al-muḥsinin.
37,81,ʼinnahu min ɛibadina al-muʼminin.
37,82,Ṯumma ʼaɣraqna al-ʼaxarin.
37,83,Wa ʼinna min ciɛatihi laʼibrahim.
37,84,ʼiḏ jaʼa rabbahu biqalbin salimin.
37,85,ʼiḏ qala liʼabihi wa qawmihi maḏa taɛbudun.
37,86,ʼaʼifkan ʼalihatan duna Allahi turidun.
37,87,Fama ḏ̣annukum birabbi al-ɛalamin.
37,88,Fanaḏ̣ara naḏ̣ratan fi an-nujum.
37,89,Faqala ʼinni saqimun.
37,90,Fatawallaw ɛanhu mudbirin.
37,91,Faraɣa ʼila ʼalihatihim faqala ʼala taʼkulun.
37,92,Ma lakum la tanṭiqun.
37,93,Faraɣa ɛalayhim ḍarban bil-yamin.
37,94,Faʼaqbalu ʼilayhi yaziffun.
37,95,Qala ʼataɛbuduna ma tanḥitun.
37,96,Wa Allahu xalaqakum wa ma taɛmalun.
37,97,Qalu abnu lahu bunyanan faʼalquhu fi al-jaḥim.
37,98,Faʼaradu bihi kaydan fajaɛalnahum al-ʼasfalin.
37,99,Wa qala ʼinni ḏahibun ʼila rabbi sayahdin.
37,100,Rabbi hab li mina aṣ-ṣaliḥin.
37,101,Fabaccarnahu biɣulamin ḥalimin.
37,102,Falamma balaɣa maɛahu as-saɛya qala ya bunayya ʼinni ʼara fi al-manami ʼanni ʼaḏbaḥuka fanḏ̣ur maḏa tara qala ya ʼabati afɛal ma tuʼmaru satajiduni ʼin caʼa Allahu mina aṣ-ṣabirin.
37,103,Falamma ʼaslama wa tallahu liljabin.
37,104,Wa nadaynahu ʼan ya ʼibrahim.
37,105,Qad ṣaddaqta ar-ruʼya ʼinna kaḏalika najzi al-muḥsinin.
37,106,ʼinna haḏa lahuwa al-balaʼu al-mubin.
37,107,Wa fadaynahu biḏibḥin ɛaḏ̣imin.
37,108,Wa tarakna ɛalayhi fi al-ʼaxirin.
37,109,Salamun ɛala ʼibrahim.
37,110,Kaḏalika najzi al-muḥsinin.
37,111,ʼinnahu min ɛibadina al-muʼminin.
37,112,Wa baccarnahu biʼisḥaqa nabiyan mina aṣ-ṣaliḥin.
37,113,Wa barakna ɛalayhi wa ɛala ʼisḥaqa wa min ḏurriyatihima muḥsinun wa ḏ̣alimun linafsihi mubinun.
37,114,Wa laqad mananna ɛala musa wa harun.
37,115,Wa najjaynahuma wa qawmahuma mina al-karbi al-ɛaḏ̣im.
37,116,Wa naṣarnahum fakanu hum al-ɣalibin.
37,117,Wa ʼataynahuma al-kitaba al-mustabin.
37,118,Wa hadaynahuma aṣ-ṣiraṭa al-mustaqim.
37,119,Wa tarakna ɛalayhima fi al-ʼaxirin.
37,120,Salamun ɛala musa wa harun.
37,121,ʼinna kaḏalika najzi al-muḥsinin.
37,122,ʼinnahuma min ɛibadina al-muʼminin.
37,123,Wa ʼinna ʼilyasa lamina al-mursalin.
37,124,ʼiḏ qala liqawmihi ʼala tattaqun.
37,125,ʼatadɛuna baɛlan wa taḏaruna ʼaḥsana al-xaliqin.
37,126,Allaha rabbakum wa rabba ʼabaʼikumu al-ʼawwalin.
37,127,Fakaḏḏabuhu faʼinnahum lamuḥḍarun.
37,128,ʼilla ɛibada Allahi al-muxlaṣin.
37,129,Wa tarakna ɛalayhi fi al-ʼaxirin.
37,130,Salamun ɛala ʼil ya -sin.
37,131,ʼinna kaḏalika najzi al-muḥsinin.
37,132,ʼinnahu min ɛibadina al-muʼminin.
37,133,Wa ʼinna luṭan lamina al-mursalin.
37,134,ʼiḏ najjaynahu wa ʼahlahu ʼajmaɛin.
37,135,ʼilla ɛajuzan fi al-ɣabirin.
37,136,Ṯumma dammarna al-ʼaxarin.
37,137,Wa ʼinnakum latamurruna ɛalayhim muṣbiḥin.
37,138,Wa bil-layli ʼafala taɛqilun.
37,139,Wa ʼinna yunis lamina al-mursalin.
37,140,ʼiḏ ʼabaqa ʼila al-fulki al-macḥun.
37,141,Fasahama fakana mina al-mudḥaḍin.
37,142,Faltaqamahu al-ḥutu wa huwa mulimun.
37,143,Falawla ʼannahu kana mina al-musabbiḥin.
37,144,Lalabiṯa fi baṭnihi ʼila yawmi yubɛaṯun.
37,145,Fanabaḏnahu bil-ɛaraʼi wa huwa saqimun.
37,146,Wa ʼanbatna ɛalayhi cajaratan min yaqṭinin.
37,147,Wa ʼarsalnahu ʼila miaʼati ʼalfin ʼaw yazidun.
37,148,Faʼamanu famattaɛnahum ʼila ḥinin.
37,149,Fastaftihim ʼalirabbika al-banatu wa lahum al-banun.
37,150,ʼam xalaqna al-malaʼikata ʼinaṯan wa hum cahidun.
37,151,ʼala ʼinnahum min ʼifkihim layaqulun.
37,152,Walada Allahu wa ʼinnahum lakaḏibun.
37,153,ʼaṣṭafa al-banati ɛala al-banin.
37,154,Ma lakum kayfa taḥkumun.
37,155,ʼafala taḏakkarun.
37,156,ʼam lakum sulṭanun mubinun.
37,157,Faʼtu bikitabikum ʼin kuntum ṣadiqin.
37,158,Wa jaɛalu baynahu wa bayna al-jinnati nasaban wa laqad ɛalimat al-jinnatu ʼinnahum lamuḥḍarun.
37,159,Subḥana Allahi ɛamma yaṣifun.
37,160,ʼilla ɛibada Allahi al-muxlaṣin.
37,161,Faʼinnakum wa ma taɛbudun.
37,162,Ma ʼantum ɛalayhi bifatinin.
37,163,ʼilla man huwa ṣali al-jaḥim.
37,164,Wa ma minna ʼilla lahu maqamun maɛlumun.
37,165,Wa ʼinna lanaḥnu aṣ-ṣaffun.
37,166,Wa ʼinna lanaḥnu al-musabbiḥun.
37,167,Wa ʼin kanu layaqulun.
37,168,Law ʼanna ɛindana ḏikran mina al-ʼawwalin.
37,169,Lakunna ɛibada Allahi al-muxlaṣin.
37,170,Fakafaru bihi fasawfa yaɛlamun.
37,171,Wa laqad sabaqat kalimatuna liɛibadina al-mursalin.
37,172,ʼinnahum lahum al-manṣurun.
37,173,Wa ʼinna jundana lahum al-ɣalibun.
37,174,Fatawalla ɛanhum ḥatta ḥinin.
37,175,Wa ʼabṣirhum fasawfa yubṣirun.
37,176,ʼafabiɛaḏabina yastaɛjilun.
37,177,Faʼiḏa nazala bisaḥatihim fasaʼa ṣabaḥu al-munḏarin.
37,178,Wa tawalla ɛanhum ḥatta ḥinin.
37,179,Wa ʼabṣir fasawfa yubṣirun.
37,180,Subḥana rabbika rabbi al-ɛizzati ɛamma yaṣifun.
37,181,Wa salamun ɛala al-mursalin.
37,182,Wa al-ḥamdu Lillahi rabbi al-ɛalamin.
38,1,Ṣad wa al-qurʼani ḏi aḏ-ḏikr.
38,2,Bal al-laḏina kafaru fi ɛizzatin wa ciqaqin.
38,3,Kam ʼahlakna min qablihim min qarnin fanadaw walata ḥina manaṣin.
38,4,Wa ɛajibu ʼan jaʼahum munḏirun minhum wa qala al-kafiruna haḏa saḥirun kaḏḏabun.
38,5,ʼajaɛala al-ʼalihata ʼilahan waḥidan ʼinna haḏa lacayʼun ɛujabun.
38,6,Wa anṭalaqa al-malaʼu minhum ʼan amcu wa aṣbiru ɛala ʼalihatikum ʼinna haḏa lacayʼun yurad.
38,7,Ma samiɛna bihaḏa fi al-millati al-ʼaxirati ʼin haḏa ʼilla axtilaqun.
38,8,ʼaʼuunzila ɛalayhi aḏ-ḏikru min baynina bal hum fi cakkin min ḏikri bal lamma yaḏuqu ɛaḏab.
38,9,ʼam ɛindahum xazaʼinu raḥmati rabbika al-ɛazizi al-wahhab.
38,10,ʼam lahum mulku as-samawati wa al-ʼarḍi wa ma baynahuma falyartaqu fi al-ʼasbab.
38,11,Jundun ma hunalika mahzumun mina al-ʼaḥzab.
38,12,Kaḏḏabat qablahum qawmu nuḥin wa ɛadun wa firɛawnu ḏu al-ʼawtad.
38,13,Wa ṯamudu wa qawmu luṭin wa ʼaṣḥabu al-ʼaykati ʼulaʼika al-ʼaḥzab.
38,14,ʼin kullun ʼilla kaḏḏaba ar-rusula faḥaqqa ɛiqab.
38,15,Wa ma yanḏ̣uru haʼuulaʼ ʼilla ṣayḥatan waḥidatan ma laha min fawaqin.
38,16,Wa qalu rabbana ɛajjil lana qiṭṭana qabla yawmi al-ḥisab.
38,17,Aṣbir ɛala ma yaquluna wa aḏkur ɛabdana dawuda ḏa al-ʼaydi ʼinnahu ʼawwabun.
38,18,ʼinna saxxarna al-jibala maɛahu yusabbiḥna bil-ɛaciyi wa al-ʼicraq.
38,19,Wa aṭ-ṭayra maḥcuratan kullun lahu ʼawwabun.
38,20,Wa cadadna mulkahu wa ʼataynahu al-ḥikmata wa faṣla al-xiṭab.
38,21,Wa hal ʼataka nabaʼu al-xaṣmi ʼiḏ tasawwaru al-miḥrab.
38,22,ʼiḏ daxalu ɛala dawuda fafaziɛa minhum qalu la taxaf xaṣmani baɣa baɛḍuna ɛala baɛḍin faḥkum baynana bil-ḥaqqi wa la tucṭiṭ wa ahdina ʼila sawaʼi aṣ-ṣiraṭ.
38,23,ʼinna haḏa ʼaxi lahu tisɛun wa tisɛuna naɛjatan wa liya naɛjatun waḥidatun faqala ʼakfilniha wa ɛazzani fi al-xiṭab.
38,24,Qala laqad ḏ̣alamaka bisuʼali naɛjatika ʼila niɛajihi wa ʼinna kaṯiran mina al-xulaṭaʼi layabɣi baɛḍuhum ɛala baɛḍin ʼilla al-laḏina ʼamanu wa ɛamilu aṣ-ṣaliḥati wa qalilun ma hum wa ḏ̣anna dawudu ʼannama fatannahu fastaɣfara rabbahu wa xarra rakiɛan wa ʼanab.
38,25,Faɣafarna lahu ḏalika wa ʼinna lahu ɛindana lazulfa wa ḥusna maʼabin.
38,26,Ya dawudu ʼinna jaɛalnaka xalifatan fi al-ʼarḍi faḥkum bayna an-nasi bil-ḥaqqi wa la tattabiɛ al-hawa fayuḍillaka ɛan sabili Allahi ʼinna al-laḏina yaḍilluna ɛan sabili Allahi lahum ɛaḏabun cadidun bima nasu yawma al-ḥisab.
38,27,Wa ma xalaqna as-samaʼa wa al-ʼarḍa wa ma baynahuma baṭilan ḏalika ḏ̣annu al-laḏina kafaru fawaylun lillaḏina kafaru mina an-nar.
38,28,ʼam najɛalu al-laḏina ʼamanu wa ɛamilu aṣ-ṣaliḥati kalmufsidina fi al-ʼarḍi ʼam najɛalu al-muttaqina kalfujjar.
38,29,Kitabun ʼanzalnahu ʼilayka mubarakun liyaddabbaru ʼayatihi wa liyataḏakkara ʼulu al-ʼalbab.
38,30,Wa wahabna lidawuda sulaymana niɛma al-ɛabdu ʼinnahu ʼawwabun.
38,31,ʼiḏ ɛuriḍa ɛalayhi bil-ɛaciyi aṣ-ṣafinatu al-jiyad.
38,32,Faqala ʼinni ʼaḥbabtu ḥubba al-xayri ɛan ḏikri rabbi ḥatta tawarat bil-ḥijab.
38,33,Rudduha ɛalayya faṭafiqa masḥan bis-suqi wa al-ʼaɛnaq.
38,34,Wa laqad fatanna sulaymana wa ʼalqayna ɛala kursiyihi jasadan ṯumma ʼanab.
38,35,Qala rabbi aɣfir li wa hab li mulkan la yanbaɣi liʼḥadin min baɛdi ʼinnaka ʼanta al-wahhab.
38,36,Fasaxxarna lahu ar-riḥa tajri biʼamrihi ruxaʼan ḥayṯu ʼaṣab.
38,37,Wa ac-cayaṭina kulla bannaʼin wa ɣawwaṣin.
38,38,Wa ʼaxarina muqarranina fi al-ʼaṣfad.
38,39,Haḏa ɛaṭaʼuuna famnun ʼaw ʼamsik biɣayri ḥisabin.
38,40,Wa ʼinna lahu ɛindana lazulfa wa ḥusna maʼabin.
38,41,Wa aḏkur ɛabdana ʼayyuba ʼiḏ nada rabbahu ʼanni massani ac-cayṭanu binuṣbin wa ɛaḏabin.
38,42,Arkuḍ birijlika haḏa muɣtasalun baridun wa carabun.
38,43,Wa wahabna lahu ʼahlahu wa miṯlahum maɛahum raḥmatan minna wa ḏikra liʼwli al-ʼalbab.
38,44,Wa xuḏ biyadika ḍiɣṯan faḍrib bihi wa la taḥnaṯ ʼinna wa jadnahu ṣabiran niɛma al-ɛabdu ʼinnahu ʼawwabun.
38,45,Wa aḏkur ɛibadana ʼibrahima wa ʼisḥaqa wa yaɛquba ʼuli al-ʼaydi wa al-ʼabṣar.
38,46,ʼinna ʼaxlaṣnahum bixaliṣatin ḏikra ad-dar.
38,47,Wa ʼinnahum ɛindana lamina al-muṣṭafayna al-ʼaxyar.
38,48,Wa aḏkur ʼismaɛila wa al-yasaɛa wa ḏa al-kifli wa kullun mina al-ʼaxyar.
38,49,Haḏa ḏikrun wa ʼinna lilmuttaqina laḥusna maʼabin.
38,50,Jannati ɛadnin mufattaḥatan lahumu al-ʼabwab.
38,51,Muttakiʼina fiha yadɛuna fiha bifakihatin kaṯiratin wa carabin.
38,52,Wa ɛindahum qaṣiratu aṭ-ṭarfi ʼatrabun.
38,53,Haḏa ma tuɛaduna liyawmi al-ḥisab.
38,54,ʼinna haḏa larizquna ma lahu min nafadin.
38,55,Haḏa wa ʼinna lilṭṭaɣina lacarra maʼabin.
38,56,Jahannama yaṣlawnaha fabiʼsa al-mihad.
38,57,Haḏa falyaḏuquhu ḥamimun wa ɣassaqun.
38,58,Wa ʼaxaru min caklihi ʼazwajun.
38,59,Haḏa fawjun muqtaḥimun maɛakum la marḥaban bihim ʼinnahum ṣalu an-nar.
38,60,Qalu bal ʼantum la marḥaban bikum ʼantum qaddamtumuhu lana fabiʼsa al-qarar.
38,61,Qalu rabbana man qaddama lana haḏa fazid/hu ɛaḏaban ḍiɛfan fi an-nar.
38,62,Wa qalu ma lana la nara rijalan kunna naɛudduhum mina al-ʼacrar.
38,63,ʼattaxaḏnahum sixriyan ʼam zaɣat ɛanhum al-ʼabṣar.
38,64,ʼinna ḏalika laḥaqqun taxaṣumu ʼahli an-nar.
38,65,Qul ʼinnama ʼana munḏirun wa ma min ʼilahin ʼilla Allahu al-waḥidu al-qahhar.
38,66,Rabbu as-samawati wa al-ʼarḍi wa ma baynahuma al-ɛazizu al-ɣaffar.
38,67,Qul huwa nabaʼun ɛaḏ̣imun.
38,68,ʼantum ɛanhu muɛriḍun.
38,69,Ma kana liya min ɛilmin bil-malaʼi al-ʼaɛla ʼiḏ yaxtaṣimun.
38,70,ʼin yuḥa ʼilayya ʼilla ʼannama ʼana naḏirun mubinun.
38,71,ʼiḏ qala rabbuka lilmalaʼikati ʼinni xaliqun bacaran min ṭinin.
38,72,Faʼiḏa sawwaytuhu wa nafaxtu fihi min ruḥi faqaɛu lahu sajidin.
38,73,Fasajada al-malaʼikatu kulluhum ʼajmaɛun.
38,74,ʼilla ʼiblisa astakbara wa kana mina al-kafirin.
38,75,Qala ya ʼiblisu ma manaɛaka ʼan tasjuda lima xalaqtu biyadayya ʼastakbarta ʼam kunta mina al-ɛalin.
38,76,Qala ʼana xayrun minhu xalaqtani min narin wa xalaqtahu min ṭinin.
38,77,Qala faxruj minha faʼinnaka rajimun.
38,78,Wa ʼinna ɛalayka laɛnati ʼila yawmi ad-din.
38,79,Qala rabbi faʼanḏ̣irni ʼila yawmi yubɛaṯun.
38,80,Qala faʼinnaka mina al-munḏ̣arin.
38,81,ʼila yawmi al-waqti al-maɛlum.
38,82,Qala fabiɛizzatika laʼuɣwiyannahum ʼajmaɛin.
38,83,ʼilla ɛibadaka minhum al-muxlaṣin.
38,84,Qala falḥaqqu wa al-ḥaqqa ʼaqul.
38,85,Laʼamlaʼanna jahannama minka wa mimman tabiɛaka minhum ʼajmaɛin.
38,86,Qul ma ʼasʼalukum ɛalayhi min ʼajrin wa ma ʼana mina al-mutakallifin.
38,87,ʼin huwa ʼilla ḏikrun lilɛalamin.
38,88,Wa lataɛlamunna nabaʼahu baɛda ḥinin.
39,1,Tanzilu al-kitabi mina Allahi al-ɛazizi al-ḥakim.
39,2,ʼinna ʼanzalna ʼilayka al-kitaba bil-ḥaqqi faɛbud Allaha muxliṣan lahu ad-din.
39,3,ʼala Lillahi ad-dinu al-xaliṣu wa al-laḏina attaxaḏu min dunihi ʼawliyaʼa ma naɛbuduhum ʼilla liyuqarribuna ʼila Allahi zulfa ʼinna Allaha yaḥkumu baynahum fi ma hum fihi yaxtalifuna ʼinna Allaha la yahdi man huwa kaḏibun kaffarun.
39,4,Law ʼarada Allahu ʼan yattaxiḏa waladan laṣṭafa mimma yaxluqu ma yacaʼu subḥanahu huwa Allahu al-waḥidu al-qahhar.
39,5,Xalaqa as-samawati wa al-ʼarḍa bil-ḥaqqi yukawwiru al-layla ɛala an-nahari wa yukawwiru an-nahara ɛala al-layli wa saxxara ac-camsa wa al-qamara kullun yajri liʼjalin musamman ʼala huwa al-ɛazizu al-ɣaffar.
39,6,Xalaqakum min nafsin waḥidatin ṯumma jaɛala minha zawjaha wa ʼanzala lakum mina al-ʼanɛam ṯamaniyata ʼazwajin yaxluqukum fi buṭuni ʼummahatikum xalqan min baɛdi xalqin fi ḏ̣ulumatin ṯalaṯin ḏalikumu Allahu rabbukum lahu al-mulku la ʼilaha ʼilla huwa faʼanna tuṣrafun.
39,7,ʼin takfuru faʼinna Allaha ɣaniyun ɛankum wa la yarḍa liɛibadihi al-kufra wa ʼin tackuru yarḍahu lakum wa la taziru waziratun wizra ʼuxra ṯumma ʼila rabbikum marjiɛukum fayunabbiʼukum bima kuntum taɛmaluna ʼinnahu ɛalimun biḏati aṣ-ṣudur.
39,8,Wa ʼiḏa massa al-ʼinsana ḍurrun daɛa rabbahu muniban ʼilayhi ṯumma ʼiḏa xawwalahu niɛmatan minhu nasiya ma kana yadɛu ʼilayhi min qablu wa jaɛala Lillahi ʼandadan liyuḍilla ɛan sabilihi qul tamattaɛ bikufrika qalilan ʼinnaka min ʼaṣḥabi an-nar.
39,9,ʼamman huwa qanitun ʼanaʼa al-layli sajidan wa qaʼiman yaḥḏaru al-ʼaxirata wa yarju raḥmata rabbihi qul hal yastawi al-laḏina yaɛlamuna wa al-laḏina la yaɛlamuna ʼinnama yataḏakkaru ʼulu al-ʼalbab.
39,10,Qul ya ɛibadi al-laḏina ʼamanu attaqu rabbakum lillaḏina ʼaḥsanu fi haḏihi ad-dunya ḥasanatun wa ʼarḍu Allahi wasiɛatun ʼinnama yuwaffa aṣ-ṣabiruna ʼajrahum biɣayri ḥisabin.
39,11,Qul ʼinni ʼumirtu ʼan ʼaɛbuda Allaha muxliṣan lahu ad-din.
39,12,Wa ʼumirtu liʼn ʼakuna ʼawwala al-muslimin.
39,13,Qul ʼinni ʼaxafu ʼin ɛaṣaytu rabbi ɛaḏaba yawmin ɛaḏ̣imin.
39,14,Quli Allaha ʼaɛbudu muxliṣan lahu din.
39,15,Faɛbudu ma ciʼtum min dunihi qul ʼinna al-xasirina al-laḏina xasiru ʼanfusahum wa ʼahlihim yawma al-qiyamati ʼala ḏalika huwa al-xusranu al-mubin.
39,16,Lahum min fawqihim ḏ̣ulalun mina an-nari wa min taḥtihim ḏ̣ulalun ḏalika yuxawwifu Allahu bihi ɛibadahu ya ɛibadi fa attaqun.
39,17,Wa al-laḏina ajtanabu aṭ-ṭaɣuta ʼan yaɛbuduha wa ʼanabu ʼila Allahi lahum al-bucra fabaccir ɛibad.
39,18,Al-laḏina yastamiɛuna al-qawla fayattabiɛuna ʼaḥsanahu ʼulaʼika al-laḏina hadahumu Allahu wa ʼulaʼika hum ʼulu al-ʼalbab.
39,19,ʼafaman ḥaqqa ɛalayhi kalimatu al-ɛaḏabi ʼafaʼanta tunqiḏu man fi an-nar.
39,20,Lakin al-laḏina attaqaw rabbahum lahum ɣurafun min fawqiha ɣurafun mabniyatun tajri min taḥtiha al-ʼanharu waɛda Allahi la yuxlifu Allahu al-miɛad.
39,21,ʼalam tara ʼanna Allaha ʼanzala mina as-samaʼi maʼan fasalakahu yanabiɛa fi al-ʼarḍi ṯumma yuxriju bihi zarɛan muxtalifan ʼalwanuhu ṯumma yahiju fatarahu muṣfarran ṯumma yajɛaluhu ḥuṭaman ʼinna fi ḏalika laḏikra liʼwli al-ʼalbab.
39,22,ʼafaman caraḥa Allahu ṣadrahu lilʼislami fahuwa ɛala nurin min rabbihi fawaylun lilqasiyati qulubuhum min ḏikri Allahi ʼulaʼika fi ḍalalin mubinin.
39,23,Allahu nazzala ʼaḥsana al-ḥadiṯi kitaban mutacabihan maṯaniya taqcaɛirru minhu juludu al-laḏina yaxcawna rabbahum ṯumma talinu juluduhum wa qulubuhum ʼila ḏikri Allahi ḏalika huda Allahi yahdi bihi man yacaʼu wa man yuḍlili Allahu fama lahu min hadin.
39,24,ʼafaman yattaqi biwajhihi suʼa al-ɛaḏabi yawma al-qiyamati wa qila lilḏ̣ḏ̣alimina ḏuqu ma kuntum taksibun.
39,25,Kaḏḏaba al-laḏina min qablihim faʼatahum al-ɛaḏabu min ḥayṯu la yacɛurun.
39,26,Faʼaḏaqahum Allahu al-xizya fi al-ḥayati ad-dunya wa laɛaḏabu al-ʼaxirati ʼakbaru law kanu yaɛlamun.
39,27,Wa laqad ḍarabna lilnnasi fi haḏa al-qurʼani min kulli maṯalin laɛallahum yataḏakkarun.
39,28,Qurʼanan ɛarabiyan ɣayra ḏi ɛiwajin laɛallahum yattaqun.
39,29,Ḍaraba Allahu maṯalan rajulan fihi curakaʼu mutacakisuna wa rajulan salaman lirajulin hal yastawiyani maṯalan al-ḥamdu Lillahi bal ʼakṯaruhum la yaɛlamun.
39,30,ʼinnaka mayyitun wa ʼinnahum mayyitun.
39,31,Ṯumma ʼinnakum yawma al-qiyamati ɛinda rabbikum taxtaṣimun.
39,32,Faman ʼaḏ̣lamu mimman kaḏaba ɛala Allahi wa kaḏḏaba biṣ-ṣidqi ʼiḏ jaʼahu ʼalaysa fi jahannama maṯwan lilkafirin.
39,33,Wa al-laḏi jaʼa biṣ-ṣidqi wa ṣaddaqa bihi ʼulaʼika humu al-muttaqun.
39,34,Lahum ma yacaʼuna ɛinda rabbihim ḏalika jazaʼu al-muḥsinin.
39,35,Liyukaffira Allahu ɛanhum ʼaswaʼa al-laḏi ɛamilu wa yajziyahum ʼajrahum biʼaḥsani al-laḏi kanu yaɛmalun.
39,36,ʼalaysa Allahu bikafin ɛabdahu wa yuxawwifunaka bial-laḏina min dunihi wa man yuḍlil Allahu fama lahu min hadin.
39,37,Wa man yahdi Allahu fama lahu min muḍillin ʼalaysa Allahu biɛazizin ḏi antiqamin.
39,38,Wa laʼin saʼaltahum man xalaqa as-samawati wa al-ʼarḍa layaqulunna Allahu qul ʼafaraʼaytum ma tadɛuna min duni Allahi ʼin ʼaradaniya Allahu biḍurrin hal hunna kacifatu ḍurrihi ʼaw ʼaradani biraḥmatin hal hunna mumsikatu raḥmatihi qul ḥasbiya Allahu ɛalayhi yatawakkalu al-mutawakkilun.
39,39,Qul ya qawmi aɛmalu ɛala makanatikum ʼinni ɛamilun fasawfa taɛlamun.
39,40,Man yaʼtihi ɛaḏabun yuxzihi wa yaḥillu ɛalayhi ɛaḏabun muqimun.
39,41,ʼinna ʼanzalna ɛalayka al-kitaba lilnnasi bil-ḥaqqi famani ahtada falinafsihi wa man ḍalla faʼinnama yaḍillu ɛalayha wa ma ʼanta ɛalayhim biwakilin.
39,42,Allahu yatawaffa al-ʼanfusa ḥina mawtiha wa a-ati lam tamut fi manamiha fayumsiku allati qaḍa ɛalayha al-mawta wa yursilu al-ʼuxra ʼila ʼajalin musamman ʼinna fi ḏalika lʼayatin liqawmin yatafakkarun.
39,43,ʼami attaxaḏu min duni Allahi cufaɛaʼa qul ʼawalaw kanu la yamlikuna cayʼan wa la yaɛqilun.
39,44,Qul Lillahi ac-cafaɛatu jamiɛan lahu mulku as-samawati wa al-ʼarḍi ṯumma ʼilayhi turjaɛun.
39,45,Wa ʼiḏa ḏukira Allahu waḥdahu acmaʼazzat qulubu al-laḏina la yuʼminuna bil-ʼaxirati wa ʼiḏa ḏukira al-laḏina min dunihi ʼiḏa hum yastabcirun.
39,46,Qul al-lahumma faṭira as-samawati wa al-ʼarḍi ɛalima al-ɣaybi wa ac-cahadati ʼanta taḥkumu bayna ɛibadika fi ma kanu fihi yaxtalifun.
39,47,Wa law ʼanna lillaḏina ḏ̣alamu ma fi al-ʼarḍi jamiɛan wa miṯlahu maɛahu laftadaw bihi min suʼi al-ɛaḏabi yawma al-qiyamati wa bada lahum mina Allahi ma lam yakunu yaḥtasibun.
39,48,Wa bada lahum sayyiʼatu ma kasabu wa ḥaqa bihim ma kanu bihi yastahziʼun.
39,49,Faʼiḏa massa al-ʼinsana ḍurrun daɛana ṯumma ʼiḏa xawwalnahu niɛmatan minna qala ʼinnama ʼutituhu ɛala ɛilmin bal hiya fitnatun wa lakinna ʼakṯarahum la yaɛlamun.
39,50,Qad qalaha al-laḏina min qablihim fama ʼaɣna ɛanhum ma kanu yaksibun.
39,51,Faʼaṣabahum sayyiʼatu ma kasabu wa al-laḏina ḏ̣alamu min haʼuulaʼ sayuṣibuhum sayyiʼatu ma kasabu wa ma hum bimuɛjizin.
39,52,ʼawalam yaɛlamu ʼanna Allaha yabsuṭu ar-rizqa liman yacaʼu wa yaqdiru ʼinna fi ḏalika lʼayatin liqawmin yuʼminun.
39,53,Qul ya ɛibadi al-laḏina ʼasrafu ɛala ʼanfusihim la taqnaṭu min raḥmati Allahi ʼinna Allaha yaɣfiru aḏ-ḏunuba jamiɛan ʼinnahu huwa al-ɣafuru ar-raḥim.
39,54,Wa ʼanibu ʼila rabbikum wa ʼaslimu lahu min qabli ʼan yaʼtiyakumu al-ɛaḏabu ṯumma la tunṣarun.
39,55,Wa attabiɛu ʼaḥsana ma ʼunzila ʼilaykum min rabbikum min qabli ʼan yaʼtiyakumu al-ɛaḏabu baɣtatan wa ʼantum la tacɛurun.
39,56,ʼan taqula nafsun ya ḥasrata ɛala ma farraṭtu fi janbi Allahi wa ʼin kuntu lamina as-saxirin.
39,57,ʼaw taqula law ʼanna Allaha hadani lakuntu mina al-muttaqin.
39,58,ʼaw taqula ḥina tara al-ɛaḏaba law ʼanna li karratan faʼakuna mina al-muḥsinin.
39,59,Bala qad jaʼatka ʼayati fakaḏḏabta biha wa astakbarta wa kunta mina al-kafirin.
39,60,Wa yawma al-qiyamati tara al-laḏina kaḏabu ɛala Allahi wujuhuhum muswaddatun ʼalaysa fi jahannama maṯwan lilmutakabbirin.
39,61,Wa yunajji Allahu al-laḏina attaqaw bimafazatihim la yamassuhumu as-suʼ wa la hum yaḥzanun.
39,62,Allahu xaliqu kulli cayʼin wa huwa ɛala kulli cayʼin wa kilun.
39,63,Lahu maqalidu as-samawati wa al-ʼarḍi wa al-laḏina kafaru biʼayati Allahi ʼulaʼika humu al-xasirun.
39,64,Qul ʼafaɣayra Allahi taʼmurunni ʼaɛbudu ʼayyuha al-jahilun.
39,65,Wa laqad ʼuḥiya ʼilayka wa ʼila al-laḏina min qablika laʼin ʼacrakta layaḥbaṭanna ɛamaluka wa latakunanna mina al-xasirin.
39,66,Bal Allaha faɛbud wa kun mina ac-cakirin.
39,67,Wa ma qadaru Allaha ḥaqqa qadrihi wa al-ʼarḍu jamiɛan qabḍatuhu yawma al-qiyamati wa as-samawatu maṭwiyatun biyaminihi subḥanahu wa taɛala ɛamma yucrikun.
39,68,Wa nufixa fi aṣ-ṣuri faṣaɛiqa man fi as-samawati wa man fi al-ʼarḍi ʼilla man caʼa Allahu ṯumma nufixa fihi ʼuxra faʼiḏa hum qiyamun yanḏ̣urun.
39,69,Wa ʼacraqati al-ʼarḍu binuri rabbiha wa wuḍiɛa al-kitabu wa jiʼa bin-nabiyina wa ac-cuhadaʼi wa quḍiya baynahum bil-ḥaqqi wa hum la yuḏ̣lamun.
39,70,Wa wuffiyat kullu nafsin ma ɛamilat wa huwa ʼaɛlamu bima yafɛalun.
39,71,Wa siqa al-laḏina kafaru ʼila jahannama zumaran ḥatta ʼiḏa jaʼuha futiḥat ʼabwabuha wa qala lahum xazanatuha ʼalam yaʼtikum rusulun minkum yatluna ɛalaykum ʼayati rabbikum wa yunḏirunakum liqaʼa yawmikum haḏa qalu bala wa lakin ḥaqqat kalimatu al-ɛaḏabi ɛala al-kafirin.
39,72,Qila adxulu ʼabwaba jahannama xalidina fiha fabiʼsa maṯwa al-mutakabbirin.
39,73,Wa siqa al-laḏina attaqaw rabbahum ʼila al-jannati zumaran ḥatta ʼiḏa jaʼuha wa futiḥat ʼabwabuha wa qala lahum xazanatuha salamun ɛalaykum ṭibtum fadxuluha xalidin.
39,74,Wa qalu al-ḥamdu Lillahi al-laḏi ṣadaqana waɛdahu wa ʼawraṯana al-ʼarḍa natabawwaʼu mina al-jannati ḥayṯu nacaʼu faniɛma ʼajru al-ɛamilin.
39,75,Wa tara al-malaʼikata ḥaffina min ḥawli al-ɛarci yusabbiḥuna biḥamdi rabbihim wa quḍiya baynahum bil-ḥaqqi wa qila al-ḥamdu Lillahi rabbi al-ɛalamin.
40,1,Ḥa-mim.
40,2,Tanzilu al-kitabi mina Allahi al-ɛazizi al-ɛalim.
40,3,Ɣafiri aḏ-ḏanbi wa qabili at-tawbi cadidi al-ɛiqabi ḏi aṭ-ṭawli la ʼilaha ʼilla huwa ʼilayhi al-maṣir.
40,4,Ma yujadilu fi ʼayati Allahi ʼilla al-laḏina kafaru fala yaɣrurka taqallubuhum fi al-bilad.
40,5,Kaḏḏabat qablahum qawmu nuḥin wa al-ʼaḥzabu min baɛdihim wa hammat kullu ʼummatin birasulihim liyaʼxuḏuhu wa jadalu bil-baṭili liyudḥiḍu bihi al-ḥaqqa faʼaxaḏtuhum fakayfa kana ɛiqab.
40,6,Wa kaḏalika ḥaqqat kalimatu rabbika ɛala al-laḏina kafaru ʼannahum ʼaṣḥabu an-nar.
40,7,Al-laḏina yaḥmiluna al-ɛarca wa man ḥawlahu yusabbiḥuna biḥamdi rabbihim wa yuʼminuna bihi wa yastaɣfiruna lillaḏina ʼamanu rabbana wasiɛta kulla cayʼin raḥmatan wa ɛilman faɣfir lillaḏina tabu wa attabaɛu sabilaka wa qihim ɛaḏaba al-jaḥim.
40,8,Rabbana wa ʼadxilhum jannati ɛadnin allati waɛadtahum wa man ṣalaḥa min ʼabaʼihim wa ʼazwajihim wa ḏurriyatihim ʼinnaka ʼanta al-ɛazizu al-ḥakim.
40,9,Wa qihimu as-sayyiʼati wa man taqi as-sayyiʼati yawmaʼiḏin faqad raḥimtahu wa ḏalika huwa al-fawzu al-ɛaḏ̣im.
40,10,ʼinna al-laḏina kafaru yunadawna lamaqtu Allahi ʼakbaru min maqtikum ʼanfusakum ʼiḏ tudɛawna ʼila al-ʼimani fatakfurun.
40,11,Qalu rabbana ʼamattana aṯnatayni wa ʼaḥyaytana aṯnatayni faɛtarafna biḏunubina fahal ʼila xurujin min sabilin.
40,12,Ḏalikum biʼannahu ʼiḏa duɛiya Allahu waḥdahu kafartum wa ʼin yucrak bihi tuʼminu falḥukmu Lillahi al-ɛaliyi al-kabir.
40,13,Huwa al-laḏi yurikum ʼayatihi wa yunazzilu lakum mina as-samaʼi rizqan wa ma yataḏakkaru ʼilla man yunib.
40,14,Fadɛu Allaha muxliṣina lahu ad-dina wa law kariha al-kafirun.
40,15,Rafiɛu ad-darajati ḏu al-ɛarci yulqi ar-ruḥa min ʼamrihi ɛala man yacaʼu min ɛibadihi liyunḏira yawma at-talaq.
40,16,Yawma hum barizuna la yaxfa ɛala Allahi minhum cayʼun liman al-mulku al-yawma Lillahi al-waḥidi al-qahhar.
40,17,Al-yawma tujza kullu nafsin bima kasabat la ḏ̣ulma al-yawma ʼinna Allaha sariɛu al-ḥisab.
40,18,Wa ʼanḏirhum yawma al-ʼazifati ʼiḏi al-qulubu lada al-ḥanajiri kaḏ̣imina ma lilḏ̣ḏ̣alimina min ḥamimin wa la cafiɛin yuṭaɛ.
40,19,Yaɛlamu xaʼinata al-ʼaɛyuni wa ma tuxfi aṣ-ṣudur.
40,20,Wa Allahu yaqḍi bil-ḥaqqi wa al-laḏina yadɛuna min dunihi la yaqḍuna bicayʼin ʼinna Allaha huwa as-samiɛu al-baṣir.
40,21,ʼawa lam yasiru fi al-ʼarḍi fayanḏ̣uru kayfa kana ɛaqibatu al-laḏina kanu min qablihim kanu hum ʼacadda minhum quwatan wa ʼaṯaran fi al-ʼarḍi faʼaxaḏahumu Allahu biḏunubihim wa ma kana lahum mini Allahi min waqin.
40,22,Ḏalika biʼannahum kanat taʼtihim rusuluhum bil-bayyinati fakafaru faʼaxaḏahumu Allahu ʼinnahu qawiyun cadidu al-ɛiqab.
40,23,Wa laqad ʼarsalna musa biʼayatina wa sulṭanin mubinin.
40,24,ʼila firɛawna wa hamana wa qaruna faqalu saḥirun kaḏḏabun.
40,25,Falamma jaʼahum bil-ḥaqqi min ɛindina qalu aqtulu ʼabnaʼa al-laḏina ʼamanu maɛahu wa astaḥyu nisaʼahum wa ma kaydu al-kafirina ʼilla fi ḍalalin.
40,26,Wa qala firɛawnu ḏaruni ʼaqtul musa wa liadɛu rabbahu ʼinni ʼaxafu ʼan yubaddila dinakum ʼaw ʼan yuḏ̣hira fi al-ʼarḍi al-fasad.
40,27,Wa qala musa ʼinni ɛuḏtu birabbi wa rabbikum min kulli mutakabbirin la yuʼminu biyawmi al-ḥisab.
40,28,Wa qala rajulun muʼminun min ʼali firɛawna yaktumu ʼimanahu ʼataqtuluna rajulan ʼan yaqula rabbiya Allahu wa qad jaʼakum bil-bayyinati min rabbikum wa ʼin yaku kaḏiban faɛalayhi kaḏibuhu wa ʼin yaku ṣadiqan yuṣibkum baɛḍu al-laḏi yaɛidukum ʼinna Allaha la yahdi man huwa musrifun kaḏḏabun.
40,29,Ya qawmi lakumu al-mulku al-yawma ḏ̣ahirina fi al-ʼarḍi faman yanṣuruna min baʼsi Allahi ʼin jaʼana qala firɛawnu ma ʼurikum ʼilla ma ʼara wa ma ʼahdikum ʼilla sabila ar-racad.
40,30,Wa qala al-laḏi ʼamana ya qawmi ʼinni ʼaxafu ɛalaykum miṯla yawmi al-ʼaḥzab.
40,31,Miṯla daʼbi qawmi nuḥin wa ɛadin wa ṯamuda wa al-laḏina min baɛdihim wa ma Allahu yuridu ḏ̣ulman lilɛibad.
40,32,Wa yaqawmi ʼinni ʼaxafu ɛalaykum yawma at-tanad.
40,33,Yawma tuwalluna mudbirina ma lakum mina Allahi min ɛaṣimin wa man yuḍlili Allahu fama lahu min hadin.
40,34,Wa laqad jaʼakum yusufu min qablu bil-bayyinati fama ziltum fi cakkin mimma jaʼakum bihi ḥatta ʼiḏa halaka qultum lan yabɛaṯa Allahu min baɛdihi rasulan kaḏalika yuḍillu Allahu man huwa musrifun murtabun.
40,35,Al-laḏina yujadiluna fi ʼayati Allahi biɣayri sulṭanin ʼatahum kabura maqtan ɛinda Allahi wa ɛinda al-laḏina ʼamanu kaḏalika yaṭbaɛu Allahu ɛala kulli qalbi mutakabbirin jabbarin.
40,36,Wa qala firɛawnu ya hamanu abni li ṣarḥan laɛalli ʼabluɣu al-ʼasbab.
40,37,ʼasbaba as-samawati faʼaṭṭaliɛa ʼila ʼilahi musa wa ʼinni laʼaḏ̣unnuhu kaḏiban wa kaḏalika zuyyina lifirɛawna suʼ ɛamalihi wa ṣudda ɛani as-sabili wa ma kaydu firɛawna ʼilla fi tababin.
40,38,Wa qala al-laḏi ʼamana ya qawmi attabiɛuni ʼahdikum sabila ar-racad.
40,39,Ya qawmi ʼinnama haḏihi al-ḥaya atu ad-dunya mataɛun wa ʼinna al-ʼaxirata hiya daru al-qarar.
40,40,Man ɛamila sayyiʼatan fala yujza ʼilla miṯlaha wa man ɛamila ṣaliḥan min ḏakarin ʼaw ʼunṯa wa huwa muʼminun faʼulaʼika yadxuluna al-jannata yurzaquna fiha biɣayri ḥisabin.
40,41,Wa yaqawmi ma li ʼadɛukum ʼila an-najati wa tadɛunani ʼila an-nar.
40,42,Tadɛunani liʼkfura Billahi wa ʼucrika bihi ma laysa li bihi ɛilmun wa ʼana ʼadɛukum ʼila al-ɛazizi al-ɣaffar.
40,43,La jarama ʼannama tadɛunani ʼilayhi laysa lahu daɛwatun fi ad-dunya wa la fi al-ʼaxirati wa ʼanna maraddana ʼila Allahi wa ʼanna al-musrifina hum ʼaṣḥabu an-nar.
40,44,Fasataḏkuruna ma ʼaqulu lakum wa ʼufawwiḍu ʼamri ʼila Allahi ʼinna Allaha baṣirun bil-ɛibad.
40,45,Fawaqahu Allahu sayyiʼati ma makaru wa ḥaqa biʼali firɛawna suʼ al-ɛaḏab.
40,46,An-naru yuɛraḍuna ɛalayha ɣuduwan wa ɛaciyan wa yawma taqumu as-saɛatu ʼadxilu ʼala firɛawna ʼacadda al-ɛaḏab.
40,47,Wa ʼiḏ yataḥajjuna fi an-nari fayaqulu aḍ-ḍuɛafaʼu lillaḏina astakbaru ʼinna kunna lakum tabaɛan fahal ʼantum muɣnuna ɛanna naṣiban mina an-nar.
40,48,Qala al-laḏina astakbaru ʼinna kullun fiha ʼinna Allaha qad ḥakama bayna al-ɛibad.
40,49,Wa qala al-laḏina fi an-nari lixazanati jahannama adɛu rabbakum yuxaffif ɛanna yawman mina al-ɛaḏab.
40,50,Qalu ʼawa lam taku taʼtikum rusulukum bil-bayyinati qalu bala qalu fadɛu wa ma duɛaʼu al-kafirina ʼilla fi ḍalalin.
40,51,ʼinna lananṣuru rusulana wa al-laḏina ʼamanu fi al-ḥayati ad-dunya wa yawma yaqumu al-ʼac/had.
40,52,Yawma la yanfaɛu aḏ̣-ḏ̣alimina maɛḏiratuhum wa lahumu al-laɛnatu wa lahum suʼ ad-dar.
40,53,Wa laqad ʼatayna musa al-huda wa ʼawraṯna bani ʼisraʼila al-kitab.
40,54,Hudan wa ḏikra liʼwli al-ʼalbab.
40,55,Faṣbir ʼinna waɛda Allahi ḥaqqun wa astaɣfir liḏanbika wa sabbiḥ biḥamdi rabbika bil-ɛaciyi wa al-ʼibkar.
40,56,ʼinna al-laḏina yujadiluna fi ʼayati Allahi biɣayri sulṭanin ʼatahum ʼin fi ṣudurihim ʼilla kibrun ma hum bibaliɣihi fastaɛiḏ Billahi ʼinnahu huwa as-samiɛu al-baṣir.
40,57,Laxalqu as-samawati wa al-ʼarḍi ʼakbaru min xalqi an-nasi wa lakinna ʼakṯara an-nasi la yaɛlamun.
40,58,Wa ma yastawi al-ʼaɛma wa al-baṣiru wa al-laḏina ʼamanu wa ɛamilu aṣ-ṣaliḥati wa la al-musiʼu qalilan ma tataḏakkarun.
40,59,ʼinna as-saɛata laʼatiyatun la rayba fiha wa lakinna ʼakṯara an-nasi la yuʼminun.
40,60,Wa qala rabbukum adɛuni ʼastajib lakum ʼinna al-laḏina yastakbiruna ɛan ɛibadati sayadxuluna jahannama daxirin.
40,61,Allahu al-laḏi jaɛala lakumu al-layla litaskunu fihi wa an-nahara mubṣiran ʼinna Allaha laḏu faḍlin ɛala an-nasi wa lakinna ʼakṯara an-nasi la yackurun.
40,62,Ḏalikumu Allahu rabbukum xaliqu kulli cayʼin la ʼilaha ʼilla huwa faʼanna tuʼfakun.
40,63,Kaḏalika yuʼfaku al-laḏina kanu biʼayati Allahi yajḥadun.
40,64,Allahu al-laḏi jaɛala lakumu al-ʼarḍa qararan wa as-samaʼa binaʼan wa ṣawwarakum faʼaḥsana ṣuwarakum wa razaqakum mina aṭ-ṭayyibati ḏalikumu Allahu rabbukum fatabaraka Allahu rabbu al-ɛalamin.
40,65,Huwa al-ḥayyu la ʼilaha ʼilla huwa fadɛuhu muxliṣina lahu ad-dina al-ḥamdu Lillahi rabbi al-ɛalamin.
40,66,Qul ʼinni nuhitu ʼan ʼaɛbuda al-laḏina tadɛuna min duni Allahi lamma jaʼaniya al-bayyinatu min rabbi wa ʼumirtu ʼan ʼuslima lirabbi al-ɛalamin.
40,67,Huwa al-laḏi xalaqakum min turabin ṯumma min nuṭfatin ṯumma min ɛalaqatin ṯumma yuxrijukum ṭiflan ṯumma litabluɣu ʼacuddakum ṯumma litakunu cuyuxan wa minkum man yutawaffa min qablu wa litabluɣu ʼajalan musamman wa laɛallakum taɛqilun.
40,68,Huwa al-laḏi yuḥyi wa yumitu faʼiḏa qaḍa ʼamran faʼinnama yaqulu lahu kun fayakun.
40,69,ʼalam tara ʼila al-laḏina yujadiluna fi ʼayati Allahi ʼanna yuṣrafun.
40,70,Al-laḏina kaḏḏabu bil-kitabi wa bima ʼarsalna bihi rusulana fasawfa yaɛlamun.
40,71,ʼiḏi al-ʼaɣlalu fi ʼaɛnaqihim wa as-salasilu yusḥabun.
40,72,Fi al-ḥamimi ṯumma fi an-nari yusjarun.
40,73,Ṯumma qila lahum ʼayna ma kuntum tucrikun.
40,74,Min duni Allahi qalu ḍallu ɛanna bal lam nakun nadɛu min qablu cayʼan kaḏalika yuḍillu Allahu al-kafirin.
40,75,Ḏalikum bima kuntum tafraḥuna fi al-ʼarḍi biɣayri al-ḥaqqi wa bima kuntum tamraḥun.
40,76,Adxulu ʼabwaba jahannama xalidina fiha fabiʼsa maṯwa al-mutakabbirin.
40,77,Faṣbir ʼinna waɛda Allahi ḥaqqun faʼimma nuriyannaka baɛḍa al-laḏi naɛiduhum ʼaw natawaffayannaka faʼilayna yurjaɛun.
40,78,Wa laqad ʼarsalna rusulan min qablika minhum man qaṣaṣna ɛalayka wa minhum man lam naqṣuṣ ɛalayka wa ma kana lirasulin ʼan yaʼtiya biʼayatin ʼilla biʼiḏni Allahi faʼiḏa jaʼa ʼamru Allahi quḍiya bil-ḥaqqi wa xasira hunalika al-mubṭilun.
40,79,Allahu al-laḏi jaɛala lakumu al-ʼanɛam litarkabu minha wa minha taʼkulun.
40,80,Wa lakum fiha manafiɛu wa litabluɣu ɛalayha ḥajatan fi ṣudurikum wa ɛalayha wa ɛala al-fulki tuḥmalun.
40,81,Wa yurikum ʼayatihi faʼayya ʼayati Allahi tunkirun.
40,82,ʼafalam yasiru fi al-ʼarḍi fayanḏ̣uru kayfa kana ɛaqibatu al-laḏina min qablihim kanu ʼakṯara minhum wa ʼacadda quwatan wa ʼaṯaran fi al-ʼarḍi fama ʼaɣna ɛanhum ma kanu yaksibun.
40,83,Falamma jaʼat/hum rusuluhum bil-bayyinati fariḥu bima ɛindahum mina al-ɛilmi wa ḥaqa bihim ma kanu bihi yastahziʼun.
40,84,Falamma raʼaw baʼsana qalu ʼamanna Billahi waḥdahu wa kafarna bima kunna bihi mucrikin.
40,85,Falam yaku yanfaɛuhum ʼimanuhum lamma raʼaw baʼsana sunnata Allahi allati qad xalat fi ɛibadihi wa xasira hunalika al-kafirun.
41,1,Ḥa-mim.
41,2,Tanzilun mina ar-raḥmani ar-raḥim.
41,3,Kitabun fuṣṣilat ʼayatuhu qurʼanan ɛarabiyan liqawmin yaɛlamun.
41,4,Baciran wa naḏiran faʼaɛraḍa ʼakṯaruhum fahum la yasmaɛun.
41,5,Wa qalu qulubuna fi ʼakinnatin mimma tadɛuna ʼilayhi wa fi ʼaḏanina waqrun wa min baynina wa baynika ḥijabun faɛmal ʼinnana ɛamilun.
41,6,Qul ʼinnama ʼana bacarun miṯlukum yuḥa ʼilayya ʼannama ʼilahukum ʼilahun waḥidun fastaqimu ʼilayhi wa astaɣfiruhu wa waylun lilmucrikin.
41,7,Al-laḏina la yuʼtuna az-zakata wa hum bil-ʼaxirati hum kafirun.
41,8,ʼinna al-laḏina ʼamanu wa ɛamilu aṣ-ṣaliḥati lahum ʼajrun ɣayru mamnunin.
41,9,Qul ʼaʼinnakum latakfuruna bial-laḏi xalaqa al-ʼarḍa fi yawmayni wa tajɛaluna lahu ʼandadan ḏalika rabbu al-ɛalamin.
41,10,Wa jaɛala fiha rawasiya min fawqiha wa baraka fiha wa qaddara fiha ʼaqwataha fi ʼarbaɛati ʼayyamin sawaʼan lilssaʼilin.
41,11,Ṯumma astawa ʼila as-samaʼi wa hiya duxanun faqala laha wa lilʼarḍi aiʼtiya ṭawɛan ʼaw karhan qalata ʼatayna ṭaʼiɛin.
41,12,Faqaḍahunna sabɛa samawatin fi yawmayni wa ʼawḥa fi kulli samaʼin ʼamraha wa zayyanna as-samaʼa ad-dunya bimaṣabiḥa wa ḥifḏ̣an ḏalika taqdiru al-ɛazizi al-ɛalim.
41,13,Faʼin ʼaɛraḍu faqul ʼanḏartukum ṣaɛiqatan miṯla ṣaɛiqati ɛadin wa ṯamud.
41,14,ʼiḏ jaʼat/humu ar-rusulu min bayni ʼaydihim wa min xalfihim ʼalla taɛbudu ʼilla Allaha qalu law caʼa rabbuna laʼanzala malaʼikatan faʼinna bima ʼursiltum bihi kafirun.
41,15,Faʼamma ɛadun fastakbaru fi al-ʼarḍi biɣayri al-ḥaqqi wa qalu man ʼacaddu minna quwatan ʼawalam yaraw ʼanna Allaha al-laḏi xalaqahum huwa ʼacaddu minhum quwatan wa kanu biʼayatina yajḥadun.
41,16,Faʼarsalna ɛalayhim riḥan ṣarṣaran fi ʼayyamin naḥisatin linuḏiqahum ɛaḏaba al-xizyi fi al-ḥayati ad-dunya wa laɛaḏabu al-ʼaxirati ʼaxza wa hum la yunṣarun.
41,17,Wa ʼamma ṯamudu fahadaynahum fastaḥabbu al-ɛama ɛala al-huda faʼaxaḏat/hum ṣaɛiqatu al-ɛaḏabi al-huni bima kanu yaksibun.
41,18,Wa najjayna al-laḏina ʼamanu wa kanu yattaqun.
41,19,Wa yawma yuḥcaru ʼaɛdaʼu Allahi ʼila an-nari fahum yuzaɛun.
41,20,Ḥatta ʼiḏa ma jaʼuha cahida ɛalayhim samɛuhum wa ʼabṣaruhum wa juluduhum bima kanu yaɛmalun.
41,21,Wa qalu lijuludihim lima cahidtum ɛalayna qalu ʼanṭaqana Allahu al-laḏi ʼanṭaqa kulla cayʼin wa huwa xalaqakum ʼawwala marratin wa ʼilayhi turjaɛun.
41,22,Wa ma kuntum tastatiruna ʼan yac/hada ɛalaykum samɛukum wa la ʼabṣarukum wa la juludukum wa lakin ḏ̣anantum ʼanna Allaha la yaɛlamu kaṯiran mimma taɛmalun.
41,23,Wa ḏalikum ḏ̣annukumu al-laḏi ḏ̣anantum birabbikum ʼardakum faʼaṣbaḥtum mina al-xasirin.
41,24,Faʼin yaṣbiru falnnaru maṯwan lahum wa ʼin yastaɛtibu fama hum mina al-muɛtabin.
41,25,Wa qayyaḍna lahum quranaʼa fazayyanu lahum ma bayna ʼaydihim wa ma xalfahum wa ḥaqqa ɛalayhimu al-qawlu fi ʼumamin qad xalat min qablihim mina al-jinni wa al-ʼinsi ʼinnahum kanu xasirin.
41,26,Wa qala al-laḏina kafaru la tasmaɛu lihaḏa al-qurʼani wa al-ɣaw fihi laɛallakum taɣlibun.
41,27,Falanuḏiqanna al-laḏina kafaru ɛaḏaban cadidan wa lanajziyannahum ʼaswaʼa al-laḏi kanu yaɛmalun.
41,28,Ḏalika jazaʼu ʼaɛdaʼi Allahi an-naru lahum fiha daru al-xuldi jazaʼan bima kanu biʼayatina yajḥadun.
41,29,Wa qala al-laḏina kafaru rabbana ʼarina al-laḏayni ʼaḍallana mina al-jinni wa al-ʼinsi najɛalhuma taḥta ʼaqdamina liyakuna mina al-ʼasfalin.
41,30,ʼinna al-laḏina qalu rabbuna Allahu ṯumma astaqamu tatanazzalu ɛalayhimu al-malaʼikatu ʼalla taxafu wa la taḥzanu wa ʼabciru bil-jannati allati kuntum tuɛadun.
41,31,Naḥnu ʼawliyaʼuukum fi al-ḥayati ad-dunya wa fi al-ʼaxirati wa lakum fiha ma tactahi ʼanfusukum wa lakum fiha ma taddaɛun.
41,32,Nuzulan min ɣafurin raḥimin.
41,33,Wa man ʼaḥsanu qawlan mimman daɛa ʼila Allahi wa ɛamila ṣaliḥan wa qala ʼinnani mina al-muslimin.
41,34,Wa la tastawi al-ḥasanatu wa la as-sayyiʼatu adfaɛ bi-ati hiya ʼaḥsanu faʼiḏa al-laḏi baynaka wa baynahu ɛadawatun kaʼannahu wa liyun ḥamimun.
41,35,Wa ma yulaqqaha ʼilla al-laḏina ṣabaru wa ma yulaqqaha ʼilla ḏu ḥaḏ̣ḏ̣in ɛaḏ̣imin.
41,36,Wa ʼimma yanzaɣannaka mina ac-cayṭani nazɣun fastaɛiḏ Billahi ʼinnahu huwa as-samiɛu al-ɛalim.
41,37,Wa min ʼayatihi al-laylu wa an-naharu wa ac-camsu wa al-qamaru la tasjudu lilccamsi wa la lilqamari wa asjudu Lillahi al-laḏi xalaqahunna ʼin kuntum ʼiyahu taɛbudun.
41,38,Faʼin astakbaru fa-al-laḏina ɛinda rabbika yusabbiḥuna lahu bil-layli wa an-nahari wa hum la yasʼamun.
41,39,Wa min ʼayatihi ʼannaka tara al-ʼarḍa xaciɛatan faʼiḏa ʼanzalna ɛalayha al-maʼa ahtazzat wa rabat ʼinna al-laḏi ʼaḥyaha lamuḥyi al-mawta ʼinnahu ɛala kulli cayʼin qadirun.
41,40,ʼinna al-laḏina yulḥiduna fi ʼayatina la yaxfawna ɛalayna ʼafaman yulqa fi an-nari xayrun ʼam man yaʼti ʼaminan yawma al-qiyamati aɛmalu ma ciʼtum ʼinnahu bima taɛmaluna baṣirun.
41,41,ʼinna al-laḏina kafaru biḏ-ḏikri lamma jaʼahum wa ʼinnahu lakitabun ɛazizun.
41,42,La yaʼtihi al-baṭilu min bayni yadayhi wa la min xalfihi tanzilun min ḥakimin ḥamidin.
41,43,Ma yuqalu laka ʼilla ma qad qila lilrrusuli min qablika ʼinna rabbaka laḏu maɣfiratin wa ḏu ɛiqabin ʼalimin.
41,44,Wa law jaɛalnahu qurʼanan ʼaɛjamiyan laqalu lawla fuṣṣilat ʼayatuhu ʼaʼaɛjamiyun wa ɛarabiyun qul huwa lillaḏina ʼamanu hudan wa cifaʼun wa al-laḏina la yuʼminuna fi ʼaḏanihim waqrun wa huwa ɛalayhim ɛaman ʼulaʼika yunadawna min makanin baɛidin.
41,45,Wa laqad ʼatayna musa al-kitaba faxtulifa fihi wa lawla kalimatun sabaqat min rabbika laquḍiya baynahum wa ʼinnahum lafi cakkin minhu muribin.
41,46,Man ɛamila ṣaliḥan falinafsihi wa man ʼasaʼa faɛalayha wa ma rabbuka biḏ̣allamin lilɛabid.
41,47,ʼilayhi yuraddu ɛilmu as-saɛati wa ma taxruju min ṯamaratin min ʼakmamiha wa ma taḥmilu min ʼunṯa wa la taḍaɛu ʼilla biɛilmihi wa yawma yunadihim ʼayna curakaʼi qalu ʼaḏannaka ma minna min cahidin.
41,48,Wa ḍalla ɛanhum ma kanu yadɛuna min qablu wa ḏ̣annu ma lahum min maḥiṣin.
41,49,La yasʼamu al-ʼinsanu min duɛaʼi al-xayri wa ʼin massahu ac-carru fayaʼusun qanuṭun.
41,50,Wa laʼin ʼaḏaqnahu raḥmatan minna min baɛdi ḍarraʼa massat/hu layaqulanna haḏa li wa ma ʼaḏ̣unnu as-saɛata qaʼimatan wa laʼin rujiɛtu ʼila rabbi ʼinna li ɛindahu lalḥusna falanunabbiʼanna al-laḏina kafaru bima ɛamilu wa lanuḏiqannahum min ɛaḏabin ɣaliḏ̣in.
41,51,Wa ʼiḏa ʼanɛamna ɛala al-ʼinsani ʼaɛraḍa wa naʼa bijanibihi wa ʼiḏa massahu ac-carru faḏu duɛaʼin ɛariḍin.
41,52,Qul ʼaraʼaytum ʼin kana min ɛindi Allahi ṯumma kafartum bihi man ʼaḍallu mimman huwa fi ciqaqin baɛidin.
41,53,Sanurihim ʼayatina fi al-ʼafaqi wa fi ʼanfusihim ḥatta yatabayyana lahum ʼannahu al-ḥaqqu ʼawalam yakfi birabbika ʼannahu ɛala kulli cayʼin cahidun.
41,54,ʼala ʼinnahum fi miryatin min liqaʼi rabbihim ʼala ʼinnahu bikulli cayʼin muḥiṭun.
42,1,Ḥa-mim.
42,2,Ɛsq.
42,3,Kaḏalika yuḥi ʼilayka wa ʼila al-laḏina min qablika Allahu al-ɛazizu al-ḥakim.
42,4,Lahu ma fi as-samawati wa ma fi al-ʼarḍi wa huwa al-ɛaliyu al-ɛaḏ̣im.
42,5,Takadu as-samawatu yatafaṭṭarna min fawqihinna wa al-malaʼikatu yusabbiḥuna biḥamdi rabbihim wa yastaɣfiruna liman fi al-ʼarḍi ʼala ʼinna Allaha huwa al-ɣafuru ar-raḥim.
42,6,Wa al-laḏina attaxaḏu min dunihi ʼawliyaʼa Allahu ḥafiḏ̣un ɛalayhim wa ma ʼanta ɛalayhim biwakilin.
42,7,Wa kaḏalika ʼawḥayna ʼilayka qurʼanan ɛarabiyan litunḏira ʼumma al-qura wa man ḥawlaha wa tunḏira yawma al-jamɛi la rayba fihi fariqun fi al-jannati wa fariqun fi as-saɛir.
42,8,Wa law caʼa Allahu lajaɛalahum ʼummatan waḥidatan wa lakin yudxilu man yacaʼu fi raḥmatihi wa aḏ̣-ḏ̣alimuna ma lahum min wa liyin wa la naṣirin.
42,9,ʼam attaxaḏu min dunihi ʼawliyaʼa fa-Allahu huwa al-waliyu wa huwa yuḥyi al-mawta wa huwa ɛala kulli cayʼin qadirun.
42,10,Wa ma axtalaftum fihi min cayʼin faḥukmuhu ʼila Allahi ḏalikumu Allahu rabbi ɛalayhi tawakkaltu wa ʼilayhi ʼunib.
42,11,Faṭiru as-samawati wa al-ʼarḍi jaɛala lakum min ʼanfusikum ʼazwajan wa mina al-ʼanɛam ʼazwajan yaḏraʼuukum fihi laysa kamiṯlihi cayʼun wa huwa as-samiɛu al-baṣir.
42,12,Lahu maqalidu as-samawati wa al-ʼarḍi yabsuṭu ar-rizqa liman yacaʼu wa yaqdiru ʼinnahu bikulli cayʼin ɛalimun.
42,13,Caraɛa lakum mina ad-dini ma waṣṣa bihi nuḥan wa al-laḏi ʼawḥayna ʼilayka wa ma waṣṣayna bihi ʼibrahima wa musa wa ɛisa ʼan ʼaqimu ad-dina wa la tatafarraqu fihi kabura ɛala al-mucrikina ma tadɛuhum ʼilayhi Allahu yajtabi ʼilayhi man yacaʼu wa yahdi ʼilayhi man yunib.
42,14,Wa ma tafarraqu ʼilla min baɛdi ma jaʼahum al-ɛilmu baɣyan baynahum wa lawla kalimatun sabaqat min rabbika ʼila ʼajalin musamman laquḍiya baynahum wa ʼinna al-laḏina ʼuriṯu al-kitaba min baɛdihim lafi cakkin minhu muribin.
42,15,Faliḏalika fadɛu wa astaqim kama ʼumirta wa la tattabiɛ ʼahwaʼahum wa qul ʼamantu bima ʼanzala Allahu min kitabin wa ʼumirtu liʼɛdila baynakum Allahu rabbuna wa rabbukum lana ʼaɛmaluna wa lakum ʼaɛmalukum la ḥujjata baynana wa baynakum Allahu yajmaɛu baynana wa ʼilayhi al-maṣir.
42,16,Wa al-laḏina yuḥajjuna fi Allahi min baɛdi ma astujiba lahu ḥujjatuhum daḥiḍatun ɛinda rabbihim wa ɛalayhim ɣaḍabun wa lahum ɛaḏabun cadidun.
42,17,Allahu al-laḏi ʼanzala al-kitaba bil-ḥaqqi wa al-mizana wa ma yudrika laɛalla as-saɛata qaribun.
42,18,Yastaɛjilu biha al-laḏina la yuʼminuna biha wa al-laḏina ʼamanu mucfiquna minha wa yaɛlamuna ʼannaha al-ḥaqqu ʼala ʼinna al-laḏina yumaruna fi as-saɛati lafi ḍalalin baɛidin.
42,19,Allahu laṭifun biɛibadihi yarzuqu man yacaʼu wa huwa al-qawiyu al-ɛaziz.
42,20,Man kana yuridu ḥarṯa al-ʼaxirati nazid lahu fi ḥarṯihi wa man kana yuridu ḥarṯa ad-dunya nuʼtihi minha wa ma lahu fi al-ʼaxirati min naṣibin.
42,21,ʼam lahum curakaʼu caraɛu lahum mina ad-dini ma lam yaʼḏan bihi Allahu wa lawla kalimatu al-faṣli laquḍiya baynahum wa ʼinna aḏ̣-ḏ̣alimina lahum ɛaḏabun ʼalimun.
42,22,Tara aḏ̣-ḏ̣alimina mucfiqina mimma kasabu wa huwa waqiɛun bihim wa al-laḏina ʼamanu wa ɛamilu aṣ-ṣaliḥati fi rawḍati al-jannati lahum ma yacaʼuna ɛinda rabbihim ḏalika huwa al-faḍlu al-kabir.
42,23,Ḏalika al-laḏi yubacciru Allahu ɛibadahu al-laḏina ʼamanu wa ɛamilu aṣ-ṣaliḥati qul la ʼasʼalukum ɛalayhi ʼajran ʼilla al-mawaddata fi al-qurba wa man yaqtarif ḥasanatan nazid lahu fiha ḥusnan ʼinna Allaha ɣafurun cakurun.
42,24,ʼam yaquluna aftara ɛala Allahi kaḏiban faʼin yacaʼi Allahu yaxtim ɛala qalbika wa yamḥu Allahu al-baṭila wa yuḥiqqu al-ḥaqqa bikalimatihi ʼinnahu ɛalimun biḏati aṣ-ṣudur.
42,25,Wa huwa al-laḏi yaqbalu at-tawbat ɛan ɛibadihi wa yaɛfu ɛani as-sayyiʼati wa yaɛlamu ma tafɛalun.
42,26,Wa yastajibu al-laḏina ʼamanu wa ɛamilu aṣ-ṣaliḥati wa yaziduhum min faḍlihi wa al-kafiruna lahum ɛaḏabun cadidun.
42,27,Wa law basaṭa Allahu ar-rizqa liɛibadihi labaɣaw fi al-ʼarḍi wa lakin yunazzilu biqadarin ma yacaʼu ʼinnahu biɛibadihi xabirun baṣirun.
42,28,Wa huwa al-laḏi yunazzilu al-ɣayṯa min baɛdi ma qanaṭu wa yancuru raḥmatahu wa huwa al-waliyu al-ḥamid.
42,29,Wa min ʼayatihi xalqu as-samawati wa al-ʼarḍi wa ma baṯṯa fihima min dabbatin wa huwa ɛala jamɛihim ʼiḏa yacaʼu qadirun.
42,30,Wa ma ʼaṣabakum min muṣibatin fabima kasabat ʼaydikum wa yaɛfu ɛan kaṯirin.
42,31,Wa ma ʼantum bimuɛjizina fi al-ʼarḍi wa ma lakum min duni Allahi min wa liyin wa la naṣirin.
42,32,Wa min ʼayatihi al-jawari fi al-baḥri kalʼaɛlam.
42,33,ʼin yacaʼ yuskin ar-riḥa fayaḏ̣lalna rawakida ɛala ḏ̣ahrihi ʼinna fi ḏalika lʼayatin likulli ṣabbarin cakurin.
42,34,ʼaw yubiqhunna bima kasabu wa yaɛfu ɛan kaṯirin.
42,35,Wa yaɛlama al-laḏina yujadiluna fi ʼayatina ma lahum min maḥiṣin.
42,36,Fama ʼutitum min cayʼin famataɛu al-ḥayati ad-dunya wa ma ɛinda Allahi xayrun wa ʼabqa lillaḏina ʼamanu wa ɛala rabbihim yatawakkalun.
42,37,Wa al-laḏina yajtanibuna kabaʼira al-ʼiṯmi wa al-fawaḥica wa ʼiḏa ma ɣaḍibu hum yaɣfirun.
42,38,Wa al-laḏina astajabu lirabbihim wa ʼaqamu aṣ-ṣalata wa ʼamruhum cura baynahum wa mimma razaqnahum yunfiqun.
42,39,Wa al-laḏina ʼiḏa ʼaṣabahumu al-baɣyu hum yantaṣirun.
42,40,Wa jazaʼu sayyiʼatin sayyiʼatun miṯluha faman ɛafa wa ʼaṣlaḥa faʼajruhu ɛala Allahi ʼinnahu la yuḥibbu aḏ̣-ḏ̣alimin.
42,41,Wa lamani antaṣara baɛda ḏ̣ulmihi faʼulaʼika ma ɛalayhim min sabilin.
42,42,ʼinnama as-sabilu ɛala al-laḏina yaḏ̣limuna an-nasa wa yabɣuna fi al-ʼarḍi biɣayri al-ḥaqqi ʼulaʼika lahum ɛaḏabun ʼalimun.
42,43,Wa laman ṣabara wa ɣafara ʼinna ḏalika lamin ɛazmi al-ʼumur.
42,44,Wa man yuḍlili Allahu fama lahu min wa liyin min baɛdihi wa tara aḏ̣-ḏ̣alimina lamma raʼaw al-ɛaḏaba yaquluna hal ʼila maraddin min sabilin.
42,45,Wa tarahum yuɛraḍuna ɛalayha xaciɛina mina aḏ-ḏulli yanḏ̣uruna min ṭarfin xafiyin wa qala al-laḏina ʼamanu ʼinna al-xasirina al-laḏina xasiru ʼanfusahum wa ʼahlihim yawma al-qiyamati ʼala ʼinna aḏ̣-ḏ̣alimina fi ɛaḏabin muqimin.
42,46,Wa ma kana lahum min ʼawliyaʼa yanṣurunahum min duni Allahi wa man yuḍlili Allahu fama lahu min sabilin.
42,47,Astajibu lirabbikum min qabli ʼan yaʼtiya yawmun la maradda lahu mina Allahi ma lakum min maljaʼiin yawmaʼiḏin wa ma lakum min nakirin.
42,48,Faʼin ʼaɛraḍu fama ʼarsalnaka ɛalayhim ḥafiḏ̣an ʼin ɛalayka ʼilla al-balaɣu wa ʼinna ʼiḏa ʼaḏaqna al-ʼinsana minna raḥmatan fariḥa biha wa ʼin tuṣibhum sayyiʼatun bima qaddamat ʼaydihim faʼinna al-ʼinsana kafurun.
42,49,Lillahi mulku as-samawati wa al-ʼarḍi yaxluqu ma yacaʼu yahabu liman yacaʼu ʼinaṯan wa yahabu liman yacaʼu aḏ-ḏukur.
42,50,ʼaw yuzawwijuhum ḏukranan wa ʼinaṯan wa yajɛalu man yacaʼu ɛaqiman ʼinnahu ɛalimun qadirun.
42,51,Wa ma kana libacarin ʼan yukallimahu Allahu ʼilla waḥyan ʼaw min waraʼi ḥijabin ʼaw yursila rasulan fayuḥiya biʼiḏnihi ma yacaʼu ʼinnahu ɛaliyun ḥakimun.
42,52,Wa kaḏalika ʼawḥayna ʼilayka ruḥan min ʼamrina ma kunta tadri ma al-kitabu wa la al-ʼimanu wa lakin jaɛalnahu nuran nahdi bihi man nacaʼu min ɛibadina wa ʼinnaka latahdi ʼila ṣiraṭin mustaqimin.
42,53,Ṣiraṭi Allahi al-laḏi lahu ma fi as-samawati wa ma fi al-ʼarḍi ʼala ʼila Allahi taṣiru al-ʼumur.
43,1,Ḥa-mim.
43,2,Wa al-kitabi al-mubin.
43,3,ʼinna jaɛalnahu qurʼanan ɛarabiyan laɛallakum taɛqilun.
43,4,Wa ʼinnahu fi ʼummi al-kitabi ladayna laɛaliyun ḥakimun.
43,5,ʼafanaḍribu ɛankumu aḏ-ḏikra ṣafḥan ʼan kuntum qawman musrifin.
43,6,Wa kam ʼarsalna min nabiyin fi al-ʼawwalin.
43,7,Wa ma yaʼtihim min nabiyin ʼilla kanu bihi yastahziʼun.
43,8,Faʼahlakna ʼacadda minhum baṭcan wa maḍa maṯalu al-ʼawwalin.
43,9,Wa laʼin saʼaltahum man xalaqa as-samawati wa al-ʼarḍa layaqulunna xalaqahunna al-ɛazizu al-ɛalim.
43,10,Al-laḏi jaɛala lakum al-ʼarḍa mahdan wa jaɛala lakum fiha subulan laɛallakum tahtadun.
43,11,Wa al-laḏi nazzala mina as-samaʼi maʼan biqadarin faʼancarna bihi baldatan maytan kaḏalika tuxrajun.
43,12,Wa al-laḏi xalaqa al-ʼazwaja kullaha wa jaɛala lakum mina al-fulki wa al-ʼanɛam ma tarkabun.
43,13,Litastawu ɛala ḏ̣uhurihi ṯumma taḏkuru niɛmata rabbikum ʼiḏa astawaytum ɛalayhi wa taqulu subḥana al-laḏi saxxara lana haḏa wa ma kunna lahu muqrinin.
43,14,Wa ʼinna ʼila rabbina lamunqalibun.
43,15,Wa jaɛalu lahu min ɛibadihi juzʼan ʼinna al-ʼinsana lakafurun mubinun.
43,16,ʼam attaxaḏa mimma yaxluqu banatin wa ʼaṣfakum bil-banin.
43,17,Wa ʼiḏa buccira ʼaḥaduhum bima ḍaraba lilrraḥmani maṯalan ḏ̣alla wajhuhu muswaddan wa huwa kaḏ̣imun.
43,18,ʼawaman yunaccaʼu fi al-ḥilyati wa huwa fi al-xiṣami ɣayru mubinin.
43,19,Wa jaɛalu al-malaʼikata al-laḏina hum ɛibadu ar-raḥmani ʼinaṯan ʼacahidu xalqahum satuktabu cahadatuhum wa yusʼalun.
43,20,Wa qalu law caʼa ar-raḥmanu ma ɛabadnahum ma lahum biḏalika min ɛilmin ʼin hum ʼilla yaxruṣun.
43,21,ʼam ʼataynahum kitaban min qablihi fahum bihi mustamsikun.
43,22,Bal qalu ʼinna wajadna ʼabaʼana ɛala ʼummatin wa ʼinna ɛala ʼaṯarihim muhtadun.
43,23,Wa kaḏalika ma ʼarsalna min qablika fi qaryatin min naḏirin ʼilla qala mutrafuha ʼinna wajadna ʼabaʼana ɛala ʼummatin wa ʼinna ɛala ʼaṯarihim muqtadun.
43,24,Qala ʼawalaw jiʼtukum biʼahda mimma wajadtum ɛalayhi ʼabaʼakum qalu ʼinna bima ʼursiltum bihi kafirun.
43,25,Fantaqamna minhum fanḏ̣ur kayfa kana ɛaqibatu al-mukaḏḏibin.
43,26,Wa ʼiḏ qala ʼibrahimu liʼabihi wa qawmihi ʼinnani baraʼun mimma taɛbudun.
43,27,ʼilla al-laḏi faṭarani faʼinnahu sayahdin.
43,28,Wa jaɛalaha kalimatan baqiyatan fi ɛaqibihi laɛallahum yarjiɛun.
43,29,Bal mattaɛtu haʼuulaʼ wa ʼabaʼahum ḥatta jaʼahum al-ḥaqqu wa rasulun mubinun.
43,30,Wa lamma jaʼahum al-ḥaqqu qalu haḏa siḥrun wa ʼinna bihi kafirun.
43,31,Wa qalu lawla nuzzila haḏa al-qurʼanu ɛala rajulin mina al-qaryatayni ɛaḏ̣imin.
43,32,ʼahum yaqsimuna raḥmata rabbika naḥnu qasamna baynahum maɛicatahum fi al-ḥayati ad-dunya wa rafaɛna baɛḍahum fawqa baɛḍin darajatin liyattaxiḏa baɛḍuhum baɛḍan suxriyan wa raḥmatu rabbika xayrun mimma yajmaɛun.
43,33,Wa lawla ʼan yakuna an-nasu ʼummatan waḥidatan lajaɛalna liman yakfuru bir-raḥmani libuyutihim suqufan min faḍḍatin wa maɛarija ɛalayha yaḏ̣harun.
43,34,Wa libuyutihim ʼabwaban wa sururan ɛalayha yattakiʼun.
43,35,Wa zuxrufan wa ʼin kullu ḏalika lamma mataɛu al-ḥayati ad-dunya wa al-ʼaxiratu ɛinda rabbika lilmuttaqin.
43,36,Wa man yaɛcu ɛan ḏikri ar-raḥmani nuqayyiḍ lahu cayṭanan fahuwa lahu qarinun.
43,37,Wa ʼinnahum layaṣuddunahum ɛani as-sabili wa yaḥsabuna ʼannahum muhtadun.
43,38,Ḥatta ʼiḏa jaʼana qala ya layta bayni wa baynaka buɛda al-macriqayni fabiʼsa al-qarin.
43,39,Wa lan yanfaɛakumu al-yawma ʼiḏ ḏ̣alamtum ʼannakum fi al-ɛaḏabi muctarikun.
43,40,ʼafaʼanta tusmiɛu aṣ-ṣumma ʼaw tahdi al-ɛumya wa man kana fi ḍalalin mubinin.
43,41,Faʼimma naḏ/habanna bika faʼinna minhum muntaqimun.
43,42,ʼaw nuriyannaka al-laḏi waɛadnahum faʼinna ɛalayhim muqtadirun.
43,43,Fastamsik bial-laḏi ʼuḥiya ʼilayka ʼinnaka ɛala ṣiraṭin mustaqimin.
43,44,Wa ʼinnahu laḏikrun laka wa liqawmika wa sawfa tusʼalun.
43,45,Wa asʼal man ʼarsalna min qablika min rusulina ʼajaɛalna min duni ar-raḥmani ʼalihatan yuɛbadun.
43,46,Wa laqad ʼarsalna musa biʼayatina ʼila firɛawna wa malaʼihi faqala ʼinni rasulu rabbi al-ɛalamin.
43,47,Falamma jaʼahum biʼayatina ʼiḏa hum minha yaḍḥakun.
43,48,Wa ma nurihim min ʼayatin ʼilla hiya ʼakbaru min ʼuxtiha wa ʼaxaḏnahum bil-ɛaḏabi laɛallahum yarjiɛun.
43,49,Wa qalu ya ʼayyuha as-saḥiru adɛu lana rabbaka bima ɛahida ɛindaka ʼinnana lamuhtadun.
43,50,Falamma kacafna ɛanhumu al-ɛaḏaba ʼiḏa hum yankuṯun.
43,51,Wa nada firɛawnu fi qawmihi qala ya qawmi ʼalaysa li mulku miṣra wa haḏihi al-ʼanharu tajri min taḥti ʼafala tubṣirun.
43,52,ʼam ʼana xayrun min haḏa al-laḏi huwa mahinun wa la yakadu yubin.
43,53,Falawla ʼulqiya ɛalayhi ʼaswiratun min ḏahabin ʼaw jaʼa maɛahu al-malaʼikatu muqtarinin.
43,54,Fastaxaffa qawmahu faʼaṭaɛuhu ʼinnahum kanu qawman fasiqin.
43,55,Falamma ʼasafuna antaqamna minhum faʼaɣraqnahum ʼajmaɛin.
43,56,Fajaɛalnahum salafan wa maṯalan lilʼaxirin.
43,57,Wa lamma ḍuriba abnu maryama maṯalan ʼiḏa qawmuka minhu yaṣiddun.
43,58,Wa qalu ʼaʼalihatuna xayrun ʼam huwa ma ḍarabuhu laka ʼilla jadalan bal hum qawmun xaṣimun.
43,59,ʼin huwa ʼilla ɛabdun ʼanɛamna ɛalayhi wa jaɛalnahu maṯalan libani ʼisraʼil.
43,60,Wa law nacaʼu lajaɛalna minkum malaʼikatan fi al-ʼarḍi yaxlufun.
43,61,Wa ʼinnahu laɛilmun lilssaɛati fala tamtarunna biha wa attabiɛuni haḏa ṣiraṭun mustaqimun.
43,62,Wa la yaṣuddannakumu ac-cayṭanu ʼinnahu lakum ɛaduwun mubinun.
43,63,Wa lamma jaʼa ɛisa bil-bayyinati qala qad jiʼtukum bil-ḥikmati wa liʼabayyina lakum baɛḍa al-laḏi taxtalifuna fihi fa attaqu Allaha wa ʼaṭiɛun.
43,64,ʼinna Allaha huwa rabbi wa rabbukum faɛbuduhu haḏa ṣiraṭun mustaqimun.
43,65,Faxtalafa al-ʼaḥzabu min baynihim fawaylun lillaḏina ḏ̣alamu min ɛaḏabi yawmin ʼalimin.
43,66,Hal yanḏ̣uruna ʼilla as-saɛata ʼan taʼtiyahum baɣtatan wa hum la yacɛurun.
43,67,Al-ʼaxillaʼu yawmaʼiḏin baɛḍuhum libaɛḍin ɛaduwun ʼilla al-muttaqin.
43,68,Ya ɛibadi la xawfun ɛalaykum al-yawma wa la ʼantum taḥzanun.
43,69,Al-laḏina ʼamanu biʼayatina wa kanu muslimin.
43,70,Adxulu al-jannata ʼantum wa ʼazwajukum tuḥbarun.
43,71,Yuṭafu ɛalayhim biṣiḥafin min ḏahabin wa ʼakwabin wa fiha ma tactahihi al-ʼanfusu wa talaḏḏu al-ʼaɛyunu wa ʼantum fiha xalidun.
43,72,Wa tilka al-jannatu allati ʼuriṯtumuha bima kuntum taɛmalun.
43,73,Lakum fiha fakihatun kaṯiratun minha taʼkulun.
43,74,ʼinna al-mujrimina fi ɛaḏabi jahannama xalidun.
43,75,La yufattaru ɛanhum wa hum fihi mublisun.
43,76,Wa ma ḏ̣alamnahum wa lakin kanu humu aḏ̣-ḏ̣alimin.
43,77,Wa nadaw ya maliku liyaqḍi ɛalayna rabbuka qala ʼinnakum makiṯun.
43,78,Laqad jiʼnakum bil-ḥaqqi wa lakinna ʼakṯarakum lilḥaqqi karihun.
43,79,ʼam ʼabramu ʼamran faʼinna mubrimun.
43,80,ʼam yaḥsabuna ʼanna la nasmaɛu sirrahum wa najwahum bala wa rusuluna ladayhim yaktubun.
43,81,Qul ʼin kana lilrraḥmani waladun faʼana ʼawwalu al-ɛabidin.
43,82,Subḥana rabbi as-samawati wa al-ʼarḍi rabbi al-ɛarci ɛamma yaṣifun.
43,83,Faḏarhum yaxuḍu wa yalɛabu ḥatta yulaqu yawmahum al-laḏi yuɛadun.
43,84,Wa huwa al-laḏi fi as-samaʼi ʼilahun wa fi al-ʼarḍi ʼilahun wa huwa al-ḥakimu al-ɛalim.
43,85,Wa tabaraka al-laḏi lahu mulku as-samawati wa al-ʼarḍi wa ma baynahuma wa ɛindahu ɛilmu as-saɛati wa ʼilayhi turjaɛun.
43,86,Wa la yamliku al-laḏina yadɛuna min dunihi ac-cafaɛata ʼilla man cahida bil-ḥaqqi wa hum yaɛlamun.
43,87,Wa laʼin saʼaltahum man xalaqahum layaqulunna Allahu faʼanna yuʼfakun.
43,88,Wa qilihi ya rabbi ʼinna haʼuulaʼ qawmun la yuʼminun.
43,89,Faṣfaḥ ɛanhum wa qul salamun fasawfa yaɛlamun.
44,1,Ḥa-mim.
44,2,Wa al-kitabi al-mubin.
44,3,ʼinna ʼanzalnahu fi laylatin mubarakatin ʼinna kunna munḏirin.
44,4,Fiha yufraqu kullu ʼamrin ḥakimin.
44,5,ʼamran min ɛindina ʼinna kunna mursilin.
44,6,Raḥmatan min rabbika ʼinnahu huwa as-samiɛu al-ɛalim.
44,7,Rabbi as-samawati wa al-ʼarḍi wa ma baynahuma ʼin kuntum muqinin.
44,8,La ʼilaha ʼilla huwa yuḥyi wa yumitu rabbukum wa rabbu ʼabaʼikumu al-ʼawwalin.
44,9,Bal hum fi cakkin yalɛabun.
44,10,Fartaqib yawma taʼti as-samaʼu biduxanin mubinin.
44,11,Yaɣca an-nasa haḏa ɛaḏabun ʼalimun.
44,12,Rabbana akcif ɛanna al-ɛaḏaba ʼinna muʼminun.
44,13,ʼanna lahumu aḏ-ḏikra wa qad jaʼahum rasulun mubinun.
44,14,Ṯumma tawallaw ɛanhu wa qalu muɛallamun majnunun.
44,15,ʼinna kacifu al-ɛaḏabi qalilan ʼinnakum ɛaʼidun.
44,16,Yawma nabṭicu al-baṭcata al-kubra ʼinna muntaqimun.
44,17,Wa laqad fatanna qablahum qawma firɛawna wa jaʼahum rasulun karimun.
44,18,ʼan ʼaddu ʼilayya ɛibada Allahi ʼinni lakum rasulun ʼaminun.
44,19,Wa ʼan la taɛlu ɛala Allahi ʼinni ʼatikum bisulṭanin mubinin.
44,20,Wa ʼinni ɛuḏtu birabbi wa rabbikum ʼan tarjumun.
44,21,Wa ʼin lam tuʼminu li faɛtazilun.
44,22,Fadaɛa rabbahu ʼanna haʼuulaʼ qawmun mujrimun.
44,23,Faʼasri biɛibadi laylan ʼinnakum muttabaɛun.
44,24,Wa atruki al-baḥra rahwan ʼinnahum jundun muɣraqun.
44,25,Kam taraku min jannatin wa ɛuyunin.
44,26,Wa zuruɛin wa maqamin karimin.
44,27,Wa naɛmatin kanu fiha fakihin.
44,28,Kaḏalika wa ʼawraṯnaha qawman ʼaxarin.
44,29,Fama bakat ɛalayhimu as-samaʼu wa al-ʼarḍu wa ma kanu munḏ̣arin.
44,30,Wa laqad najjayna bani ʼisraʼila mina al-ɛaḏabi al-muhin.
44,31,Min firɛawna ʼinnahu kana ɛalian mina al-musrifin.
44,32,Wa laqad axtarnahum ɛala ɛilmin ɛala al-ɛalamin.
44,33,Wa ʼataynahum mina al-ʼayati ma fihi balaʼun mubinun.
44,34,ʼinna haʼuulaʼ layaqulun.
44,35,ʼin hiya ʼilla mawtatuna al-ʼula wa ma naḥnu bimuncarin.
44,36,Faʼtu biʼabaʼina ʼin kuntum ṣadiqin.
44,37,ʼahum xayrun ʼam qawmu tubbaɛin wa al-laḏina min qablihim ʼahlaknahum ʼinnahum kanu mujrimin.
44,38,Wa ma xalaqna as-samawati wa al-ʼarḍa wa ma baynahuma laɛibin.
44,39,Ma xalaqnahuma ʼilla bil-ḥaqqi wa lakinna ʼakṯarahum la yaɛlamun.
44,40,ʼinna yawma al-faṣli miqatuhum ʼajmaɛin.
44,41,Yawma la yuɣni mawlan ɛan mawlan cayʼan wa la hum yunṣarun.
44,42,ʼilla man raḥima Allahu ʼinnahu huwa al-ɛazizu ar-raḥim.
44,43,ʼinna cajarata az-zaqqum.
44,44,Ṭaɛamu al-ʼaṯim.
44,45,Kalmuhli yaɣli fi al-buṭun.
44,46,Kaɣalyi al-ḥamim.
44,47,Xuḏuhu faɛtiluhu ʼila sawaʼi al-jaḥim.
44,48,Ṯumma ṣubbu fawqa raʼsihi min ɛaḏabi al-ḥamim.
44,49,Ḏuq ʼinnaka ʼanta al-ɛazizu al-karim.
44,50,ʼinna haḏa ma kuntum bihi tamtarun.
44,51,ʼinna al-muttaqina fi maqamin ʼaminin.
44,52,Fi jannatin wa ɛuyunin.
44,53,Yalbasuna min sundusin wa ʼistabraqin mutaqabilin.
44,54,Kaḏalika wa zawwajnahum biḥurin ɛinin.
44,55,Yadɛuna fiha bikulli fakihatin ʼaminin.
44,56,La yaḏuquna fiha al-mawta ʼilla al-mawtata al-ʼula wa waqahum ɛaḏaba al-jaḥim.
44,57,Faḍlan min rabbika ḏalika huwa al-fawzu al-ɛaḏ̣im.
44,58,Faʼinnama yassarnahu bilisanika laɛallahum yataḏakkarun.
44,59,Fartaqib ʼinnahum murtaqibun.
45,1,Ḥa-mim.
45,2,Tanzilu al-kitabi mina Allahi al-ɛazizi al-ḥakim.
45,3,ʼinna fi as-samawati wa al-ʼarḍi lʼayatin lilmuʼminin.
45,4,Wa fi xalqikum wa ma yabuṯṯu min dabbatin ʼayatun liqawmin yuqinun.
45,5,Wa axtilafi al-layli wa an-nahari wa ma ʼanzala Allahu mina as-samaʼi min rizqin faʼaḥya bihi al-ʼarḍa baɛda mawtiha wa taṣrifi ar-riyaḥi ʼayatun liqawmin yaɛqilun.
45,6,Tilka ʼayatu Allahi natluha ɛalayka bil-ḥaqqi fabiʼayyi ḥadiṯin baɛda Allahi wa ʼayatihi yuʼminun.
45,7,Waylun likulli ʼaffakin ʼaṯimin.
45,8,Yasmaɛu ʼayati Allahi tutla ɛalayhi ṯumma yuṣirru mustakbiran kaʼan lam yasmaɛha fabaccirhu biɛaḏabin ʼalimin.
45,9,Wa ʼiḏa ɛalima min ʼayatina cayʼan attaxaḏaha huzuan ʼulaʼika lahum ɛaḏabun muhinun.
45,10,Min waraʼihim jahannamu wa la yuɣni ɛanhum ma kasabu cayʼan wa la ma attaxaḏu min duni Allahi ʼawliyaʼa wa lahum ɛaḏabun ɛaḏ̣imun.
45,11,Haḏa hudan wa al-laḏina kafaru biʼayati rabbihim lahum ɛaḏabun min rijzin ʼalimun.
45,12,Allahu al-laḏi saxxara lakum al-baḥra litajriya al-fulku fihi biʼamrihi wa litabtaɣu min faḍlihi wa laɛallakum tackurun.
45,13,Wa saxxara lakum ma fi as-samawati wa ma fi al-ʼarḍi jamiɛan minhu ʼinna fi ḏalika lʼayatin liqawmin yatafakkarun.
45,14,Qul lillaḏina ʼamanu yaɣfiru lillaḏina la yarjuna ʼayyama Allahi liyajziya qawman bima kanu yaksibun.
45,15,Man ɛamila ṣaliḥan falinafsihi wa man ʼasaʼa faɛalayha ṯumma ʼila rabbikum turjaɛun.
45,16,Wa laqad ʼatayna bani ʼisraʼila al-kitaba wa al-ḥukma wa an-nubuwata wa razaqnahum mina aṭ-ṭayyibati wa faḍḍalnahum ɛala al-ɛalamin.
45,17,Wa ʼataynahum bayyinatin mina al-ʼamri fama axtalafu ʼilla min baɛdi ma jaʼahumu al-ɛilmu baɣyan baynahum ʼinna rabbaka yaqḍi baynahum yawma al-qiyamati fima kanu fihi yaxtalifun.
45,18,Ṯumma jaɛalnaka ɛala cariɛatin mina al-ʼamri fa attabiɛha wa la tattabiɛ ʼahwaʼa al-laḏina la yaɛlamun.
45,19,ʼinnahum lan yuɣnu ɛanka mina Allahi cayʼan wa ʼinna aḏ̣-ḏ̣alimina baɛḍuhum ʼawliyaʼu baɛḍin wa Allahu wa liyu al-muttaqin.
45,20,Haḏa baṣaʼiru lilnnasi wa hudan wa raḥmatun liqawmin yuqinun.
45,21,ʼam ḥasiba al-laḏina ajtaraḥu as-sayyiʼati ʼan najɛalahum kallaḏina ʼamanu wa ɛamilu aṣ-ṣaliḥati sawaʼan maḥyahum wa mamatuhum saʼa ma yaḥkumun.
45,22,Wa xalaqa Allahu as-samawati wa al-ʼarḍa bil-ḥaqqi wa litujza kullu nafsin bima kasabat wa hum la yuḏ̣lamun.
45,23,ʼafaraʼayta man attaxaḏa ʼilahahu hawahu wa ʼaḍallahu Allahu ɛala ɛilmin wa xatama ɛala samɛihi wa qalbihi wa jaɛala ɛala baṣarihi ɣicawatan faman yahdihi min baɛdi Allahi ʼafala taḏakkarun.
45,24,Wa qalu ma hiya ʼilla ḥayatuna ad-dunya namutu wa naḥya wa ma yuhlikuna ʼilla ad-dahru wa ma lahum biḏalika min ɛilmin ʼin hum ʼilla yaḏ̣unnun.
45,25,Wa ʼiḏa tutla ɛalayhim ʼayatuna bayyinatin ma kana ḥujjatahum ʼilla ʼan qalu aʼtu biʼabaʼina ʼin kuntum ṣadiqin.
45,26,Quli Allahu yuḥyikum ṯumma yumitukum ṯumma yajmaɛukum ʼila yawmi al-qiyamati la rayba fihi wa lakinna ʼakṯara an-nasi la yaɛlamun.
45,27,Wa Lillahi mulku as-samawati wa al-ʼarḍi wa yawma taqumu as-saɛatu yawmaʼiḏin yaxsaru al-mubṭilun.
45,28,Wa tara kulla ʼummatin jaṯiyatan kullu ʼummatin tudɛa ʼila kitabiha al-yawma tujzawna ma kuntum taɛmalun.
45,29,Haḏa kitabuna yanṭiqu ɛalaykum bil-ḥaqqi ʼinna kunna nastansixu ma kuntum taɛmalun.
45,30,Faʼamma al-laḏina ʼamanu wa ɛamilu aṣ-ṣaliḥati fayudxiluhum rabbuhum fi raḥmatihi ḏalika huwa al-fawzu al-mubin.
45,31,Wa ʼamma al-laḏina kafaru ʼafalam takun ʼayati tutla ɛalaykum fastakbartum wa kuntum qawman mujrimin.
45,32,Wa ʼiḏa qila ʼinna waɛda Allahi ḥaqqun wa as-saɛatu la rayba fiha qultum ma nadri ma as-saɛatu ʼin naḏ̣unnu ʼilla ḏ̣annan wa ma naḥnu bimustayqinin.
45,33,Wa bada lahum sayyiʼatu ma ɛamilu wa ḥaqa bihim ma kanu bihi yastahziʼun.
45,34,Wa qila al-yawma nansakum kama nasitum liqaʼa yawmikum haḏa wa maʼwakum an-naru wa ma lakum min naṣirin.
45,35,Ḏalikum biʼannakum attaxaḏtum ʼayati Allahi huzuan wa ɣarratkum al-ḥayatu ad-dunya falyawma la yuxrajuna minha wa la hum yustaɛtabun.
45,36,Falillahi al-ḥamdu rabbi as-samawati wa rabbi al-ʼarḍi rabbi al-ɛalamin.
45,37,Wa lahu al-kibriyaʼu fi as-samawati wa al-ʼarḍi wa huwa al-ɛazizu al-ḥakim.
46,1,Ḥa-mim.
46,2,Tanzilu al-kitabi mina Allahi al-ɛazizi al-ḥakim.
46,3,Ma xalaqna as-samawati wa al-ʼarḍa wa ma baynahuma ʼilla bil-ḥaqqi wa ʼajalin musamman wa al-laḏina kafaru ɛamma ʼunḏiru muɛriḍun.
46,4,Qul ʼaraʼaytum ma tadɛuna min duni Allahi ʼaruni maḏa xalaqu mina al-ʼarḍi ʼam lahum cirkun fi as-samawati aiʼtuni bikitabin min qabli haḏa ʼaw ʼaṯaratin min ɛilmin ʼin kuntum ṣadiqin.
46,5,Wa man ʼaḍallu mimman yadɛu min duni Allahi man la yastajibu lahu ʼila yawmi al-qiyamati wa hum ɛan duɛaʼihim ɣafilun.
46,6,Wa ʼiḏa ḥucira an-nasu kanu lahum ʼaɛdaʼan wa kanu biɛibadatihim kafirin.
46,7,Wa ʼiḏa tutla ɛalayhim ʼayatuna bayyinatin qala al-laḏina kafaru lilḥaqqi lamma jaʼahum haḏa siḥrun mubinun.
46,8,ʼam yaquluna aftarahu qul ʼin aftaraytuhu fala tamlikuna li mina Allahi cayʼan huwa ʼaɛlamu bima tufiḍuna fihi kafa bihi cahidan bayni wa baynakum wa huwa al-ɣafuru ar-raḥim.
46,9,Qul ma kuntu bidɛan mina ar-rusuli wa ma ʼadri ma yufɛalu bi wa la bikum ʼin ʼattabiɛu ʼilla ma yuḥa ʼilayya wa ma ʼana ʼilla naḏirun mubinun.
46,10,Qul ʼaraʼaytum ʼin kana min ɛindi Allahi wa kafartum bihi wa cahida cahidun min bani ʼisraʼila ɛala miṯlihi faʼamana wa astakbartum ʼinna Allaha la yahdi al-qawma aḏ̣-ḏ̣alimin.
46,11,Wa qala al-laḏina kafaru lillaḏina ʼamanu law kana xayran ma sabaquna ʼilayhi wa ʼiḏ lam yahtadu bihi fasayaquluna haḏa ʼifkun qadimun.
46,12,Wa min qablihi kitabu musa ʼimaman wa raḥmatan wa haḏa kitabun muṣaddiqun lisanan ɛarabiyan liyunḏira al-laḏina ḏ̣alamu wa bucra lilmuḥsinin.
46,13,ʼinna al-laḏina qalu rabbuna Allahu ṯumma astaqamu fala xawfun ɛalayhim wa la hum yaḥzanun.
46,14,ʼulaʼika ʼaṣḥabu al-jannati xalidina fiha jazaʼan bima kanu yaɛmalun.
46,15,Wa waṣṣayna al-ʼinsana biwalidayhi ʼiḥsanan ḥamalat/hu ʼummuhu kurhan wa waḍaɛat/hu kurhan wa ḥamluhu wa fiṣaluhu ṯalaṯuna cahran ḥatta ʼiḏa balaɣa ʼacuddahu wa balaɣa ʼarbaɛina sanatan qala rabbi ʼawziɛni ʼan ʼackura niɛmataka allati ʼanɛamta ɛalayya wa ɛala wa a-dayya wa ʼan ʼaɛmala ṣaliḥan tarḍahu wa ʼaṣliḥ li fi ḏurriyati ʼinni tubtu ʼilayka wa ʼinni mina al-muslimin.
46,16,ʼulaʼika al-laḏina nataqabbalu ɛanhum ʼaḥsana ma ɛamilu wa natajawazu ɛan sayyiʼatihim fi ʼaṣḥabi al-jannati waɛda aṣ-ṣidqi al-laḏi kanu yuɛadun.
46,17,Wa al-laḏi qala liwalidayhi ʼuffin lakuma ʼataɛidanini ʼan ʼuxraja wa qad xalat al-qurunu min qabli wa huma yastaɣiṯani Allaha waylaka ʼamin ʼinna waɛda Allahi ḥaqqun fayaqulu ma haḏa ʼilla ʼasaṭiru al-ʼawwalin.
46,18,ʼulaʼika al-laḏina ḥaqqa ɛalayhim al-qawlu fi ʼumamin qad xalat min qablihim mina al-jinni wa al-ʼinsi ʼinnahum kanu xasirin.
46,19,Wa likullin darajatun mimma ɛamilu wa liyuwaffiyahum ʼaɛmalahum wa hum la yuḏ̣lamun.
46,20,Wa yawma yuɛraḍu al-laḏina kafaru ɛala an-nari ʼaḏ/habtum ṭayyibatikum fi ḥayatikum ad-dunya wa astamtaɛtum biha falyawma tujzawna ɛaḏaba al-huni bima kuntum tastakbiruna fi al-ʼarḍi biɣayri al-ḥaqqi wa bima kuntum tafsuqun.
46,21,Wa aḏkur ʼaxa ɛadin ʼiḏ ʼanḏara qawmahu bil-ʼaḥqafi wa qad xalat an-nuḏuru min bayni yadayhi wa min xalfihi ʼalla taɛbudu ʼilla Allaha ʼinni ʼaxafu ɛalaykum ɛaḏaba yawmin ɛaḏ̣imin.
46,22,Qalu ʼajiʼtana litaʼfikana ɛan ʼalihatina faʼtina bima taɛiduna ʼin kunta mina aṣ-ṣadiqin.
46,23,Qala ʼinnama al-ɛilmu ɛinda Allahi wa ʼuballiɣukum ma ʼursiltu bihi wa lakinni ʼarakum qawman tajhalun.
46,24,Falamma raʼawhu ɛariḍan mustaqbila ʼawdiyatihim qalu haḏa ɛariḍun mumṭiruna bal huwa ma astaɛjaltum bihi riḥun fiha ɛaḏabun ʼalimun.
46,25,Tudammiru kulla cayʼin biʼamri rabbiha faʼaṣbaḥu la yura ʼilla masakinuhum kaḏalika najzi al-qawma al-mujrimin.
46,26,Wa laqad makkannahum fima ʼin makkannakum fihi wa jaɛalna lahum samɛan wa ʼabṣaran wa ʼafʼidatan fama ʼaɣna ɛanhum samɛuhum wa la ʼabṣaruhum wa la ʼafʼidatuhum min cayʼin ʼiḏ kanu yajḥaduna biʼayati Allahi wa ḥaqa bihim ma kanu bihi yastahziʼun.
46,27,Wa laqad ʼahlakna ma ḥawlakum mina al-qura wa ṣarrafna al-ʼayati laɛallahum yarjiɛun.
46,28,Falawla naṣarahumu al-laḏina attaxaḏu min duni Allahi qurbanan ʼalihatan bal ḍallu ɛanhum wa ḏalika ʼifkuhum wa ma kanu yaftarun.
46,29,Wa ʼiḏ ṣarafna ʼilayka nafaran mina al-jinni yastamiɛuna al-qurʼana falamma ḥaḍaruhu qalu ʼanṣitu falamma quḍiya wa llaw ʼila qawmihim munḏirin.
46,30,Qalu ya qawmana ʼinna samiɛna kitaban ʼunzila min baɛdi musa muṣaddiqan lima bayna yadayhi yahdi ʼila al-ḥaqqi wa ʼila ṭariqin mustaqimin.
46,31,Ya qawmana ʼajibu daɛiya Allahi wa ʼaminu bihi yaɣfir lakum min ḏunubikum wa yujirkum min ɛaḏabin ʼalimin.
46,32,Wa man la yujib daɛiya Allahi falaysa bimuɛjizin fi al-ʼarḍi wa laysa lahu min dunihi ʼawliyaʼu ʼulaʼika fi ḍalalin mubinin.
46,33,ʼawalam yaraw ʼanna Allaha al-laḏi xalaqa as-samawati wa al-ʼarḍa wa lam yaɛya bixalqihinna biqadirin ɛala ʼan yuḥyiya al-mawta bala ʼinnahu ɛala kulli cayʼin qadirun.
46,34,Wa yawma yuɛraḍu al-laḏina kafaru ɛala an-nari ʼalaysa haḏa bil-ḥaqqi qalu bala wa rabbina qala faḏuqu al-ɛaḏaba bima kuntum takfurun.
46,35,Faṣbir kama ṣabara ʼulu al-ɛazmi mina ar-rusuli wa la tastaɛjil lahum kaʼannahum yawma yarawna ma yuɛaduna lam yalbaṯu ʼilla saɛatan min naharin balaɣun fahal yuhlaku ʼilla al-qawmu al-fasiqun.
47,1,Al-laḏina kafaru wa ṣaddu ɛan sabili Allahi ʼaḍalla ʼaɛmalahum.
47,2,Wa al-laḏina ʼamanu wa ɛamilu aṣ-ṣaliḥati wa ʼamanu bima nuzzila ɛala muḥammadin wa huwa al-ḥaqqu min rabbihim kaffara ɛanhum sayyiʼatihim wa ʼaṣlaḥa balahum.
47,3,Ḏalika biʼanna al-laḏina kafaru attabaɛu al-baṭila wa ʼanna al-laḏina ʼamanu attabaɛu al-ḥaqqa min rabbihim kaḏalika yaḍribu Allahu lilnnasi ʼamṯalahum.
47,4,Faʼiḏa laqitumu al-laḏina kafaru faḍarba ar-riqabi ḥatta ʼiḏa ʼaṯxantumuhum facuddu al-waṯaqa faʼimma mannan baɛdu wa ʼimma fidaʼan ḥatta taḍaɛa al-ḥarbu ʼawzaraha ḏalika wa law yacaʼu Allahu lantaṣara minhum wa lakin liyabluwa baɛḍakum bibaɛḍin wa al-laḏina qutilu fi sabili Allahi falan yuḍilla ʼaɛmalahum.
47,5,Sayahdihim wa yuṣliḥu balahum.
47,6,Wa yudxiluhumu al-jannata ɛarrafaha lahum.
47,7,Ya ʼayyuha al-laḏina ʼamanu ʼin tanṣuru Allaha yanṣurkum wa yuṯabbit ʼaqdamakum.
47,8,Wa al-laḏina kafaru fataɛsan lahum wa ʼaḍalla ʼaɛmalahum.
47,9,Ḏalika biʼannahum karihu ma ʼanzala Allahu faʼaḥbaṭa ʼaɛmalahum.
47,10,ʼafalam yasiru fi al-ʼarḍi fayanḏ̣uru kayfa kana ɛaqibatu al-laḏina min qablihim dammara Allahu ɛalayhim wa lilkafirina ʼamṯaluh.
47,11,Ḏalika biʼanna Allaha mawla al-laḏina ʼamanu wa ʼanna al-kafirina la mawla lahum.
47,12,ʼinna Allaha yudxilu al-laḏina ʼamanu wa ɛamilu aṣ-ṣaliḥati jannatin tajri min taḥtiha al-ʼanharu wa al-laḏina kafaru yatamattaɛuna wa yaʼkuluna kama taʼkulu al-ʼanɛam wa an-naru maṯwan lahum.
47,13,Wa kaʼayyin min qaryatin hiya ʼacaddu quwatan min qaryatika allati ʼaxrajatka ʼahlaknahum fala naṣira lahum.
47,14,ʼafaman kana ɛala bayyinatin min rabbihi kaman zuyyina lahu suʼ ɛamalihi wa attabaɛu ʼahwaʼahum.
47,15,Maṯalu al-jannati allati wuɛida al-muttaquna fiha ʼanharun min maʼin ɣayri ʼasinin wa ʼanharun min labanin lam yataɣayyar ṭaɛmuhu wa ʼanharun min xamrin laḏḏatin lilccaribina wa ʼanharun min ɛasalin muṣaffan wa lahum fiha min kulli aṯ-ṯamarati wa maɣfiratun min rabbihim kaman huwa xalidun fi an-nari wa suqu maʼan ḥamiman faqaṭṭaɛa ʼamɛaʼahum.
47,16,Wa minhum man yastamiɛu ʼilayka ḥatta ʼiḏa xaraju min ɛindika qalu lillaḏina ʼutu al-ɛilma maḏa qala ʼanifan ʼulaʼika al-laḏina ṭabaɛa Allahu ɛala qulubihim wa attabaɛu ʼahwaʼahum.
47,17,Wa al-laḏina ahtadaw zadahum hudan wa ʼatahum taqwhum.
47,18,Fahal yanḏ̣uruna ʼilla as-saɛata ʼan taʼtiyahum baɣtatan faqad jaʼa ʼacraṭuha faʼanna lahum ʼiḏa jaʼat/hum ḏikrahum.
47,19,Faɛlam ʼannahu la ʼilaha ʼilla Allahu wa astaɣfir liḏanbika wa lilmuʼminina wa al-muʼminati wa Allahu yaɛlamu mutaqallabakum wa maṯwakum.
47,20,Wa yaqulu al-laḏina ʼamanu lawla nuzzilat suratun faʼiḏa ʼunzilat suratun muḥkamatun wa ḏukira fiha al-qitalu raʼayta al-laḏina fi qulubihim maraḍun yanḏ̣uruna ʼilayka naḏ̣ara al-maɣciyi ɛalayhi mina al-mawti faʼawla lahum.
47,21,Ṭaɛatun wa qawlun maɛrufun faʼiḏa ɛazama al-ʼamru falaw ṣadaqu Allaha lakana xayran lahum.
47,22,Fahal ɛasaytum ʼin tawallaytum ʼan tufsidu fi al-ʼarḍi wa tuqaṭṭiɛu ʼarḥamakum.
47,23,ʼulaʼika al-laḏina laɛanahumu Allahu faʼaṣammahum wa ʼaɛma ʼabṣarahum.
47,24,ʼafala yatadabbaruna al-qurʼana ʼam ɛala qulubin ʼaqfaluh.
47,25,ʼinna al-laḏina artaddu ɛala ʼadbarihim min baɛdi ma tabayyana lahumu al-huda ac-cayṭanu sawwala lahum wa ʼamla lahum.
47,26,Ḏalika biʼannahum qalu lillaḏina karihu ma nazzala Allahu sanuṭiɛukum fi baɛḍi al-ʼamri wa Allahu yaɛlamu ʼisrarahum.
47,27,Fakayfa ʼiḏa tawaffat/hum al-malaʼikatu yaḍribuna wujuhahum wa ʼadbarahum.
47,28,Ḏalika biʼannahumu attabaɛu ma ʼasxaṭa Allaha wa karihu riḍwanahu faʼaḥbaṭa ʼaɛmalahum.
47,29,ʼam ḥasiba al-laḏina fi qulubihim maraḍun ʼan lan yuxrija Allahu ʼaḍɣanahum.
47,30,Wa law nacaʼu laʼaraynakahum falaɛaraftahum bisimahum wa lataɛrifannahum fi laḥni al-qawli wa Allahu yaɛlamu ʼaɛmalakum.
47,31,Wa lanabluwannakum ḥatta naɛlama al-mujahidina minkum wa aṣ-ṣabirina wa nabluwa ʼaxbarakum.
47,32,ʼinna al-laḏina kafaru wa ṣaddu ɛan sabili Allahi wa caqqu ar-rasula min baɛdi ma tabayyana lahumu al-huda lan yaḍurru Allaha cayʼan wa sayuḥbiṭu ʼaɛmalahum.
47,33,Ya ʼayyuha al-laḏina ʼamanu ʼaṭiɛu Allaha wa ʼaṭiɛu ar-rasula wa la tubṭilu ʼaɛmalakum.
47,34,ʼinna al-laḏina kafaru wa ṣaddu ɛan sabili Allahi ṯumma matu wa hum kuffarun falan yaɣfira Allahu lahum.
47,35,Fala tahinu wa tadɛu ʼila as-salmi wa ʼantum al-ʼaɛlawna wa Allahu maɛakum wa lan yatirakum ʼaɛmalakum.
47,36,ʼinnama al-ḥayatu ad-dunya laɛibun wa lahwun wa ʼin tuʼminu wa tattaqu yuʼtikum ʼujurakum wa la yasʼalkum ʼamwalakum.
47,37,ʼin yasʼalkumuha fayuḥfikum tabxalu wa yuxrij ʼaḍɣanakum.
47,38,Haʼantum haʼuulaʼ tudɛawna litunfiqu fi sabili Allahi faminkum man yabxalu wa man yabxal faʼinnama yabxalu ɛan nafsihi wa Allahu al-ɣaniyu wa ʼantumu al-fuqaraʼu wa ʼin tatawallaw yastabdil qawman ɣayrakum ṯumma la yakunu ʼamṯalakum.
48,1,ʼinna fataḥna laka fatḥan mubinan.
48,2,Liyaɣfira laka Allahu ma taqaddama min ḏanbika wa ma taʼaxxara wa yutimma niɛmatahu ɛalayka wa yahdiyaka ṣiraṭan mustaqiman.
48,3,Wa yanṣuraka Allahu naṣran ɛazizan.
48,4,Huwa al-laḏi ʼanzala as-sakinata fi qulubi al-muʼminina liyazdadu ʼimanan maɛa ʼimanihim wa Lillahi junudu as-samawati wa al-ʼarḍi wa kana Allahu ɛaliman ḥakiman.
48,5,Liyudxila al-muʼminina wa al-muʼminati jannatin tajri min taḥtiha al-ʼanharu xalidina fiha wa yukaffira ɛanhum sayyiʼatihim wa kana ḏalika ɛinda Allahi fawzan ɛaḏ̣iman.
48,6,Wa yuɛaḏḏiba al-munafiqina wa al-munafiqati wa al-mucrikina wa al-mucrikati aḏ̣-ḏ̣annina Billahi ḏ̣anna as-sawʼi ɛalayhim daʼiratu as-sawʼi wa ɣaḍiba Allahu ɛalayhim wa laɛanahum wa ʼaɛadda lahum jahannama wa saʼat maṣiran.
48,7,Wa Lillahi junudu as-samawati wa al-ʼarḍi wa kana Allahu ɛazizan ḥakiman.
48,8,ʼinna ʼarsalnaka cahidan wa mubacciran wa naḏiran.
48,9,Lituʼminu Billahi wa rasulihi wa tuɛazziruhu wa tuwaqqiruhu wa tusabbiḥuhu bukratan wa ʼaṣilan.
48,10,ʼinna al-laḏina yubayiɛunaka ʼinnama yubayiɛuna Allaha yadu Allahi fawqa ʼaydihim faman nakaṯa faʼinnama yankuṯu ɛala nafsihi wa man ʼawfa bima ɛahada ɛalayhu Allaha fasayuʼtihi ʼajran ɛaḏ̣iman.
48,11,Sayaqulu laka al-muxallafuna mina al-ʼaɛrabi caɣalatna ʼamwaluna wa ʼahluna fastaɣfir lana yaquluna biʼalsinatihim ma laysa fi qulubihim qul faman yamliku lakum mina Allahi cayʼan ʼin ʼarada bikum ḍarran ʼaw ʼarada bikum nafɛan bal kana Allahu bima taɛmaluna xabiran.
48,12,Bal ḏ̣anantum ʼan lan yanqaliba ar-rasulu wa al-muʼminuna ʼila ʼahlihim ʼabadan wa zuyyina ḏalika fi qulubikum wa ḏ̣anantum ḏ̣anna as-sawʼi wa kuntum qawman buran.
48,13,Wa man lam yuʼmin Billahi wa rasulihi faʼinna ʼaɛtadna lilkafirina saɛiran.
48,14,Wa Lillahi mulku as-samawati wa al-ʼarḍi yaɣfiru liman yacaʼu wa yuɛaḏḏibu man yacaʼu wa kana Allahu ɣafuran raḥiman.
48,15,Sayaqulu al-muxallafuna ʼiḏa anṭalaqtum ʼila maɣanima litaʼxuḏuha ḏaruna nattabiɛkum yuriduna ʼan yubaddilu kalama Allahi qul lan tattabiɛuna kaḏalikum qala Allahu min qablu fasayaquluna bal taḥsudunana bal kanu la yafqahuna ʼilla qalilan.
48,16,Qul lilmuxallafina mina al-ʼaɛrabi satudɛawna ʼila qawmin ʼuli baʼsin cadidin tuqatilunahum ʼaw yuslimuna faʼin tuṭiɛu yuʼtikum Allahu ʼajran ḥasanan wa ʼin tatawallaw kama tawallaytum min qablu yuɛaḏḏibkum ɛaḏaban ʼaliman.
48,17,Laysa ɛala al-ʼaɛma ḥarajun wa la ɛala al-ʼaɛraji ḥarajun wa la ɛala al-mariḍi ḥarajun wa man yuṭiɛ Allaha wa rasulahu yudxilhu jannatin tajri min taḥtiha al-ʼanharu wa man yatawalla yuɛaḏḏibhu ɛaḏaban ʼaliman.
48,18,Laqad raḍiya Allahu ɛan al-muʼminina ʼiḏ yubayiɛunaka taḥta ac-cajarati faɛalima ma fi qulubihim faʼanzala as-sakinata ɛalayhim wa ʼaṯabahum fatḥan qariban.
48,19,Wa maɣanima kaṯiratan yaʼxuḏunaha wa kana Allahu ɛazizan ḥakiman.
48,20,Waɛadakumu Allahu maɣanima kaṯiratan taʼxuḏunaha faɛajjala lakum haḏihi wa kaffa ʼaydiya an-nasi ɛankum wa litakuna ʼayatan lilmuʼminina wa yahdiyakum ṣiraṭan mustaqiman.
48,21,Wa ʼuxra lam taqdiru ɛalayha qad ʼaḥaṭa Allahu biha wa kana Allahu ɛala kulli cayʼin qadiran.
48,22,Wa law qatalakumu al-laḏina kafaru lawallaw al-ʼadbara ṯumma la yajiduna waliyan wa la naṣiran.
48,23,Sunnata Allahi allati qad xalat min qablu wa lan tajida lisunnati Allahi tabdilan.
48,24,Wa huwa al-laḏi kaffa ʼaydiyahum ɛankum wa ʼaydiyakum ɛanhum bibaṭni makkata min baɛdi ʼan ʼaḏ̣farakum ɛalayhim wa kana Allahu bima taɛmaluna baṣiran.
48,25,Hum al-laḏina kafaru wa ṣaddukum ɛan al-masjidi al-ḥarami wa al-hadya maɛkufan ʼan yabluɣa maḥillahu wa lawla rijalun muʼminuna wa nisaʼun muʼminatun lam taɛlamuhum ʼan taṭaʼuhum fatuṣibakum minhum maɛarratun biɣayri ɛilmin liyudxila Allahu fi raḥmatihi man yacaʼu law tazayyalu laɛaḏḏabna al-laḏina kafaru minhum ɛaḏaban ʼaliman.
48,26,ʼiḏ jaɛala al-laḏina kafaru fi qulubihimu al-ḥamiyata ḥamiyata al-jahiliyati faʼanzala Allahu sakinatahu ɛala rasulihi wa ɛala al-muʼminina wa ʼalzamahum kalimata at-taqwa wa kanu ʼaḥaqqa biha wa ʼahlaha wa kana Allahu bikulli cayʼin ɛaliman.
48,27,Laqad ṣadaqa Allahu rasulahu ar-ruʼya bil-ḥaqqi latadxulunna al-masjida al-ḥarama ʼin caʼa Allahu ʼaminina muḥalliqina ruʼsakum wa muqaṣṣirina la taxafuna faɛalima ma lam taɛlamu fajaɛala min duni ḏalika fatḥan qariban.
48,28,Huwa al-laḏi ʼarsala rasulahu bil-huda wa dini al-ḥaqqi liyuḏ̣hirahu ɛala ad-dini kullihi wa kafa Billahi cahidan.
48,29,Muḥammadun rasulu Allahi wa al-laḏina maɛahu ʼaciddaʼu ɛala al-kuffari ruḥamaʼu baynahum tarahum rukkaɛan sujjadan yabtaɣuna faḍlan mina Allahi wa riḍwanan simahum fi wujuhihim min ʼaṯari as-sujudi ḏalika maṯaluhum fi at-tawrati wa maṯaluhum fi al-ʼinjili kazarɛin ʼaxraja caṭʼahu faʼazarahu fastaɣlaḏ̣a fastawa ɛala suqihi yuɛjibu az-zurraɛa liyaɣiḏ̣a bihim al-kuffara waɛada Allahu al-laḏina ʼamanu wa ɛamilu aṣ-ṣaliḥati minhum maɣfiratan wa ʼajran ɛaḏ̣iman.
49,1,Ya ʼayyuha al-laḏina ʼamanu la tuqaddimu bayna yaday Allahi wa rasulihi wa attaqu Allaha ʼinna Allaha samiɛun ɛalimun.
49,2,Ya ʼayyuha al-laḏina ʼamanu la tarfaɛu ʼaṣwatakum fawqa ṣawti an-nabiyi wa la tajharu lahu bil-qawli kajahri baɛḍikum libaɛḍin ʼan taḥbaṭa ʼaɛmalukum wa ʼantum la tacɛurun.
49,3,ʼinna al-laḏina yaɣuḍḍuna ʼaṣwatahum ɛinda rasuli Allahi ʼulaʼika al-laḏina amtaḥana Allahu qulubahum lilttaqwa lahum maɣfiratun wa ʼajrun ɛaḏ̣imun.
49,4,ʼinna al-laḏina yunadunaka min waraʼi al-ḥujurati ʼakṯaruhum la yaɛqilun.
49,5,Wa law ʼannahum ṣabaru ḥatta taxruja ʼilayhim lakana xayran lahum wa Allahu ɣafurun raḥimun.
49,6,Ya ʼayyuha al-laḏina ʼamanu ʼin jaʼakum fasiqun binabaʼiin fatabayyanu ʼan tuṣibu qawman bijahalatin fatuṣbiḥu ɛala ma faɛaltum nadimin.
49,7,Wa aɛlamu ʼanna fikum rasula Allahi law yuṭiɛukum fi kaṯirin mina al-ʼamri laɛanittum wa lakinna Allaha ḥabbaba ʼilaykum al-ʼimana wa zayyanahu fi qulubikum wa karraha ʼilaykumu al-kufra wa al-fusuqa wa al-ɛiṣyana ʼulaʼika hum ar-racidun.
49,8,Faḍlan mina Allahi wa niɛmatan wa Allahu ɛalimun ḥakimun.
49,9,Wa ʼin ṭaʼifatani mina al-muʼminina aqtatalu faʼaṣliḥu baynahuma faʼin baɣat ʼiḥdahuma ɛala al-ʼuxra faqatilu allati tabɣi ḥatta tafiʼa ʼila ʼamri Allahi faʼin faʼat faʼaṣliḥu baynahuma bil-ɛadli wa ʼaqsiṭu ʼinna Allaha yuḥibbu al-muqsiṭin.
49,10,ʼinnama al-muʼminuna ʼixwatun faʼaṣliḥu bayna ʼaxawaykum wa attaqu Allaha laɛallakum turḥamun.
49,11,Ya ʼayyuha al-laḏina ʼamanu la yasxar qawmun min qawmin ɛasa ʼan yakunu xayran minhum wa la nisaʼun min nisaʼin ɛasa ʼan yakunna xayran minhunna wa la talmizu ʼanfusakum wa la tanabazu bil-ʼalqabi biʼsa al-aismu al-fusuqu baɛda al-ʼimani wa man lam yatub faʼulaʼika humu aḏ̣-ḏ̣alimun.
49,12,Ya ʼayyuha al-laḏina ʼamanu ajtanibu kaṯiran mina aḏ̣-ḏ̣anni ʼinna baɛḍa aḏ̣-ḏ̣anni ʼiṯmun wa la tajassasu wa la yaɣtab baɛḍukum baɛḍan ʼayuḥibbu ʼaḥadukum ʼan yaʼkula laḥma ʼaxihi maytan fakarihtumuhu wa attaqu Allaha ʼinna Allaha tawwabun raḥimun.
49,13,Ya ʼayyuha an-nasu ʼinna xalaqnakum min ḏakarin wa ʼunṯa wa jaɛalnakum cuɛuban wa qabaʼila litaɛarafu ʼinna ʼakramakum ɛinda Allahi ʼatqakum ʼinna Allaha ɛalimun xabirun.
49,14,Qalat al-ʼaɛrabu ʼamanna qul lam tuʼminu wa lakin qulu ʼaslamna wa lamma yadxuli al-ʼimanu fi qulubikum wa ʼin tuṭiɛu Allaha wa rasulahu la yalitkum min ʼaɛmalikum cayʼan ʼinna Allaha ɣafurun raḥimun.
49,15,ʼinnama al-muʼminuna al-laḏina ʼamanu Billahi wa rasulihi ṯumma lam yartabu wa jahadu biʼamwalihim wa ʼanfusihim fi sabili Allahi ʼulaʼika humu aṣ-ṣadiqun.
49,16,Qul ʼatuɛallimuna Allaha bidinikum wa Allahu yaɛlamu ma fi as-samawati wa ma fi al-ʼarḍi wa Allahu bikulli cayʼin ɛalimun.
49,17,Yamunnuna ɛalayka ʼan ʼaslamu qul la tamunnu ɛalayya ʼislamakum bal Allahu yamunnu ɛalaykum ʼan hadakum lilʼimani ʼin kuntum ṣadiqin.
49,18,ʼinna Allaha yaɛlamu ɣayba as-samawati wa al-ʼarḍi wa Allahu baṣirun bima taɛmalun.
50,1,Qaf wa al-qurʼani al-majid.
50,2,Bal ɛajibu ʼan jaʼahum munḏirun minhum faqala al-kafiruna haḏa cayʼun ɛajibun.
50,3,ʼaʼiḏa mitna wa kunna turaban ḏalika rajɛun baɛidun.
50,4,Qad ɛalimna ma tanquṣu al-ʼarḍu minhum wa ɛindana kitabun ḥafiḏ̣un.
50,5,Bal kaḏḏabu bil-ḥaqqi lamma jaʼahum fahum fi ʼamrin marijin.
50,6,ʼafalam yanḏ̣uru ʼila as-samaʼi fawqahum kayfa banaynaha wa zayyannaha wa ma laha min furujin.
50,7,Wa al-ʼarḍa madadnaha wa ʼalqayna fiha rawasiya wa ʼanbatna fiha min kulli zawjin bahijin.
50,8,Tabṣiratan wa ḏikra likulli ɛabdin munibin.
50,9,Wa nazzalna mina as-samaʼi maʼan mubarakan faʼanbatna bihi jannatin wa ḥabba al-ḥaṣid.
50,10,Wa an-naxla basiqatin laha ṭalɛun naḍidun.
50,11,Rizqan lilɛibadi wa ʼaḥyayna bihi baldatan maytan kaḏalika al-xuruj.
50,12,Kaḏḏabat qablahum qawmu nuḥin wa ʼaṣḥabu ar-rassi wa ṯamud.
50,13,Wa ɛadun wa firɛawnu wa ʼixwanu luṭin.
50,14,Wa ʼaṣḥabu al-ʼaykati wa qawmu tubbaɛin kullun kaḏḏaba ar-rusula faḥaqqa waɛid.
50,15,ʼafaɛayina bil-xalqi al-ʼawwali bal hum fi labsin min xalqin jadidin.
50,16,Wa laqad xalaqna al-ʼinsana wa naɛlamu ma tuwaswisu bihi nafsuhu wa naḥnu ʼaqrabu ʼilayhi min ḥabli al-warid.
50,17,ʼiḏ yatalaqqa al-mutalaqqiyani ɛan al-yamini wa ɛan ac-cimali qaɛidun.
50,18,Ma yalfiḏ̣u min qawlin ʼilla ladayhi raqibun ɛatidun.
50,19,Wa jaʼat sakratu al-mawti bil-ḥaqqi ḏalika ma kunta minhu taḥid.
50,20,Wa nufixa fi aṣ-ṣuri ḏalika yawmu al-waɛid.
50,21,Wa jaʼat kullu nafsin maɛaha saʼiqun wa cahidun.
50,22,Laqad kunta fi ɣaflatin min haḏa fakacafna ɛanka ɣiṭaʼaka fabaṣaruka al-yawma ḥadidun.
50,23,Wa qala qarinuhu haḏa ma ladayya ɛatidun.
50,24,ʼalqiya fi jahannama kulla kaffarin ɛanidin.
50,25,Mannaɛin lilxayri muɛtadin muribin.
50,26,Al-laḏi jaɛala maɛa Allahi ʼilahan ʼaxara faʼalqiyahu fi al-ɛaḏabi ac-cadid.
50,27,Qala qarinuhu rabbana ma ʼaṭɣaytuhu wa lakin kana fi ḍalalin baɛidin.
50,28,Qala la taxtaṣimu ladayya wa qad qaddamtu ʼilaykum bil-waɛid.
50,29,Ma yubaddalu al-qawlu ladayya wa ma ʼana biḏ̣allamin lilɛabid.
50,30,Yawma naqulu lijahannama hal amtalaʼti wa taqulu hal min mazidin.
50,31,Wa ʼuzlifat al-jannatu lilmuttaqina ɣayra baɛidin.
50,32,Haḏa ma tuɛaduna likulli ʼawwabin ḥafiḏ̣in.
50,33,Man xaciya ar-raḥmana bil-ɣaybi wa jaʼa biqalbin munibin.
50,34,Adxuluha bisalamin ḏalika yawmu al-xulud.
50,35,Lahum ma yacaʼuna fiha wa ladayna mazidun.
50,36,Wa kam ʼahlakna qablahum min qarnin hum ʼacaddu minhum baṭcan fanaqqabu fi al-biladi hal min maḥiṣin.
50,37,ʼinna fi ḏalika laḏikra liman kana lahu qalbun ʼaw ʼalqa as-samɛa wa huwa cahidun.
50,38,Wa laqad xalaqna as-samawati wa al-ʼarḍa wa ma baynahuma fi sittati ʼayyamin wa ma massana min luɣubin.
50,39,Faṣbir ɛala ma yaquluna wa sabbiḥ biḥamdi rabbika qabla ṭuluɛi ac-camsi wa qabla al-ɣurub.
50,40,Wa mina al-layli fasabbiḥhu wa ʼadbara as-sujud.
50,41,Wa astamiɛ yawma yunadi al-munadi min makanin qaribin.
50,42,Yawma yasmaɛuna aṣ-ṣayḥata bil-ḥaqqi ḏalika yawmu al-xuruj.
50,43,ʼinna naḥnu nuḥyi wa numitu wa ʼilayna al-maṣir.
50,44,Yawma tacaqqaqu al-ʼarḍu ɛanhum siraɛan ḏalika ḥacrun ɛalayna yasirun.
50,45,Naḥnu ʼaɛlamu bima yaquluna wa ma ʼanta ɛalayhim bijabbarin faḏakkir bil-qurʼani man yaxafu waɛid.
51,1,Wa aḏ-ḏariyati ḏarwan.
51,2,Falḥamilati wiqran.
51,3,Faljariyati yusran.
51,4,Falmuqassimati ʼamran.
51,5,ʼinnama tuɛaduna laṣadiqun.
51,6,Wa ʼinna ad-dina lawaqiɛun.
51,7,Wa as-samaʼi ḏati al-ḥubuk.
51,8,ʼinnakum lafi qawlin muxtalifin.
51,9,Yuʼfaku ɛanhu man ʼufik.
51,10,Qutila al-xarraṣun.
51,11,Al-laḏina hum fi ɣamratin sahun.
51,12,Yasʼaluna ʼayyana yawmu ad-din.
51,13,Yawma hum ɛala an-nari yuftanun.
51,14,Ḏuqu fitnatakum haḏa al-laḏi kuntum bihi tastaɛjilun.
51,15,ʼinna al-muttaqina fi jannatin wa ɛuyunin.
51,16,ʼaxiḏina ma ʼatahum rabbuhum ʼinnahum kanu qabla ḏalika muḥsinin.
51,17,Kanu qalilan mina al-layli ma yahjaɛun.
51,18,Wa bil-ʼasḥari hum yastaɣfirun.
51,19,Wa fi ʼamwalihim ḥaqqun lilssaʼili wa al-maḥrum.
51,20,Wa fi al-ʼarḍi ʼayatun lilmuqinin.
51,21,Wa fi ʼanfusikum ʼafala tubṣirun.
51,22,Wa fi as-samaʼi rizqukum wa ma tuɛadun.
51,23,Fawarabbi as-samaʼi wa al-ʼarḍi ʼinnahu laḥaqqun miṯla ma ʼannakum tanṭiqun.
51,24,Hal ʼataka ḥadiṯu ḍayfi ʼibrahima al-mukramin.
51,25,ʼiḏ daxalu ɛalayhi faqalu salaman qala salamun qawmun munkarun.
51,26,Faraɣa ʼila ʼahlihi fajaʼa biɛijlin saminin.
51,27,Faqarrabahu ʼilayhim qala ʼala taʼkulun.
51,28,Faʼawjasa minhum xifatan qalu la taxaf wa baccaruhu biɣulamin ɛalimin.
51,29,Faʼaqbalat amraʼatuhu fi ṣarratin faṣakkat wajhaha wa qalat ɛajuzun ɛaqimun.
51,30,Qalu kaḏaliki qala rabbuki ʼinnahu huwa al-ḥakimu al-ɛalim.
51,31,Qala fama xaṭbukum ʼayyuha al-mursalun.
51,32,Qalu ʼinna ʼursilna ʼila qawmin mujrimin.
51,33,Linursila ɛalayhim ḥijaratan min ṭinin.
51,34,Musawwamatan ɛinda rabbika lilmusrifin.
51,35,Faʼaxrajna man kana fiha mina al-muʼminin.
51,36,Fama wajadna fiha ɣayra baytin mina al-muslimin.
51,37,Wa tarakna fiha ʼayatan lillaḏina yaxafuna al-ɛaḏaba al-ʼalim.
51,38,Wa fi musa ʼiḏ ʼarsalnahu ʼila firɛawna bisulṭanin mubinin.
51,39,Fatawalla biruknihi wa qala saḥirun ʼaw majnunun.
51,40,Faʼaxaḏnahu wa junudahu fanabaḏnahum fi al-yammi wa huwa mulimun.
51,41,Wa fi ɛadin ʼiḏ ʼarsalna ɛalayhimu ar-riḥa al-ɛaqim.
51,42,Ma taḏaru min cayʼin ʼatat ɛalayhi ʼilla jaɛalat/hu kalrramim.
51,43,Wa fi ṯamuda ʼiḏ qila lahum tamattaɛu ḥatta ḥinin.
51,44,Faɛataw ɛan ʼamri rabbihim faʼaxaḏat/hum aṣ-ṣaɛiqatu wa hum yanḏ̣urun.
51,45,Fama astaṭaɛu min qiyamin wa ma kanu muntaṣirin.
51,46,Wa qawma nuḥin min qablu ʼinnahum kanu qawman fasiqin.
51,47,Wa as-samaʼa banaynaha biʼayydin wa ʼinna lamusiɛun.
51,48,Wa al-ʼarḍa faracnaha faniɛma al-mahidun.
51,49,Wa min kulli cayʼin xalaqna zawjayni laɛallakum taḏakkarun.
51,50,Fafirru ʼila Allahi ʼinni lakum minhu naḏirun mubinun.
51,51,Wa la tajɛalu maɛa Allahi ʼilahan ʼaxara ʼinni lakum minhu naḏirun mubinun.
51,52,Kaḏalika ma ʼata al-laḏina min qablihim min rasulin ʼilla qalu saḥirun ʼaw majnunun.
51,53,ʼatawaṣaw bihi bal hum qawmun ṭaɣun.
51,54,Fatawalla ɛanhum fama ʼanta bimalumin.
51,55,Wa ḏakkir faʼinna aḏ-ḏikra tanfaɛu al-muʼminin.
51,56,Wa ma xalaqtu al-jinna wa al-ʼinsa ʼilla liyaɛbudun.
51,57,Ma ʼuridu minhum min rizqin wa ma ʼuridu ʼan yuṭɛimun.
51,58,ʼinna Allaha huwa ar-razzaqu ḏu al-quwati al-matin.
51,59,Faʼinna lillaḏina ḏ̣alamu ḏanuban miṯla ḏanubi ʼaṣḥabihim fala yastaɛjilun.
51,60,Fawaylun lillaḏina kafaru min yawmihim al-laḏi yuɛadun.
52,1,Wa aṭ-ṭur.
52,2,Wa kitabin masṭurin.
52,3,Fi raqqin mancurin.
52,4,Wa al-bayti al-maɛmur.
52,5,Wa as-saqfi al-marfuɛ.
52,6,Wa al-baḥri al-masjur.
52,7,ʼinna ɛaḏaba rabbika lawaqiɛun.
52,8,Ma lahu min dafiɛin.
52,9,Yawma tamuru as-samaʼu mawran.
52,10,Wa tasiru al-jibalu sayran.
52,11,Fawaylun yawmaʼiḏin lilmukaḏḏibin.
52,12,Al-laḏina hum fi xawḍin yalɛabun.
52,13,Yawma yudaɛɛuna ʼila nari jahannama daɛɛan.
52,14,Haḏihi an-naru allati kuntum biha tukaḏḏibun.
52,15,ʼafasiḥrun haḏa ʼam ʼantum la tubṣirun.
52,16,Aṣlawha faṣbiru ʼaw la taṣbiru sawaʼun ɛalaykum ʼinnama tujzawna ma kuntum taɛmalun.
52,17,ʼinna al-muttaqina fi jannatin wa naɛimin.
52,18,Fakihina bima ʼatahum rabbuhum wa waqahum rabbuhum ɛaḏaba al-jaḥim.
52,19,Kulu wa acrabu haniʼan bima kuntum taɛmalun.
52,20,Muttakiʼina ɛala sururin maṣfufatin wa zawwajnahum biḥurin ɛinin.
52,21,Wa al-laḏina ʼamanu wa attabaɛat/hum ḏurriyatuhum biʼimanin ʼalḥaqna bihim ḏurriyatahum wa ma ʼalatnahum min ɛamalihim min cayʼin kullu amriʼin bima kasaba rahinun.
52,22,Wa ʼamdadnahum bifakihatin wa laḥmin mimma yactahun.
52,23,Yatanazaɛuna fiha kaʼsan la laɣwun fiha wa la taʼṯimun.
52,24,Wa yaṭufu ɛalayhim ɣilmanun lahum kaʼannahum luʼluʼun maknunun.
52,25,Wa ʼaqbala baɛḍuhum ɛala baɛḍin yatasaʼalun.
52,26,Qalu ʼinna kunna qablu fi ʼahlina mucfiqin.
52,27,Famanna Allahu ɛalayna wa waqana ɛaḏaba as-samum.
52,28,ʼinna kunna min qablu nadɛuhu ʼinnahu huwa al-barru ar-raḥim.
52,29,Faḏakkir fama ʼanta biniɛmati rabbika bikahinin wa la majnunin.
52,30,ʼam yaquluna caɛirun natarabbaṣu bihi rayba al-manun.
52,31,Qul tarabbaṣu faʼinni maɛakum mina al-mutarabbiṣin.
52,32,ʼam taʼmuruhum ʼaḥlamuhum bihaḏa ʼam hum qawmun ṭaɣun.
52,33,ʼam yaquluna taqawwalahu bal la yuʼminun.
52,34,Falyaʼtu biḥadiṯin miṯlihi ʼin kanu ṣadiqin.
52,35,ʼam xuliqu min ɣayri cayʼin ʼam humu al-xaliqun.
52,36,ʼam xalaqu as-samawati wa al-ʼarḍa bal la yuqinun.
52,37,ʼam ɛindahum xazaʼinu rabbika ʼam humu al-musayṭirun.
52,38,ʼam lahum sullamun yastamiɛuna fihi falyaʼti mustamiɛuhum bisulṭanin mubinin.
52,39,ʼam lahu al-banatu wa lakum al-banun.
52,40,ʼam tasʼaluhum ʼajran fahum min maɣramin muṯqalun.
52,41,ʼam ɛindahum al-ɣaybu fahum yaktubun.
52,42,ʼam yuriduna kaydan fa-al-laḏina kafaru hum al-makidun.
52,43,ʼam lahum ʼilahun ɣayru Allahi subḥana Allahi ɛamma yucrikun.
52,44,Wa ʼin yaraw kisfan mina as-samaʼi saqiṭan yaqulu saḥabun markumun.
52,45,Faḏarhum ḥatta yulaqu yawmahumu al-laḏi fihi yuṣɛaqun.
52,46,Yawma la yuɣni ɛanhum kayduhum cayʼan wa la hum yunṣarun.
52,47,Wa ʼinna lillaḏina ḏ̣alamu ɛaḏaban duna ḏalika wa lakinna ʼakṯarahum la yaɛlamun.
52,48,Wa aṣbir liḥukmi rabbika faʼinnaka biʼaɛyunina wa sabbiḥ biḥamdi rabbika ḥina taqum.
52,49,Wa mina al-layli fasabbiḥhu wa ʼidbara an-nujum.
53,1,Wa an-najmi ʼiḏa hawa
53,2,Ma ḍalla ṣaḥibukum wa ma ɣawa
53,3,Wa ma yanṭiqu ɛan al-hawa
53,4,ʼin huwa ʼilla waḥyun yuḥa
53,5,Ɛallamahu cadidu al-quwa
53,6,Ḏu mirratin fastawa
53,7,Wa huwa bil-ʼufuqi al-ʼaɛla
53,8,Ṯumma dana fatadalla
53,9,Fakana qaba qawsayni ʼaw ʼadna
53,10,Faʼawḥa ʼila ɛabdihi ma ʼawḥa
53,11,Ma kaḏaba al-fuʼadu ma raʼa
53,12,ʼafatumarunahu ɛala ma yara
53,13,Wa laqad raʼahu nazlatan ʼuxra
53,14,Ɛinda sidrati al-muntaha
53,15,Ɛindaha jannatu al-maʼwa
53,16,ʼiḏ yaɣca as-sidrata ma yaɣca
53,17,Ma zaɣa al-baṣaru wa ma ṭaɣa
53,18,Laqad raʼa min ʼayati rabbihi al-kubra
53,19,ʼafaraʼaytumu al-lata wa al-ɛuzza
53,20,Wa manata aṯ-ṯaliṯata al-ʼuxra
53,21,ʼalakumu aḏ-ḏakaru wa lahu al-ʼunṯa
53,22,Tilka ʼiḏan qismatun ḍiza
53,23,ʼin hiya ʼilla ʼasmaʼun sammaytumuha ʼantum wa ʼabaʼuukum ma ʼanzala Allahu biha min sulṭanin ʼin yattabiɛuna ʼilla aḏ̣-ḏ̣anna wa ma tahwa al-ʼanfusu wa laqad jaʼahum min rabbihimu al-huda
53,24,ʼam lilʼinsani ma tamanna
53,25,Falillahi al-ʼaxiratu wa al-ʼula
53,26,Wa kam min malakin fi as-samawati la tuɣni cafaɛatuhum cayʼan ʼilla min baɛdi ʼan yaʼḏana Allahu liman yacaʼu wa yarḍa
53,27,ʼinna al-laḏina la yuʼminuna bil-ʼaxirati layusammuna al-malaʼikata tasmiyata al-ʼunṯa
53,28,Wa ma lahum bihi min ɛilmin ʼin yattabiɛuna ʼilla aḏ̣-ḏ̣anna wa ʼinna aḏ̣-ḏ̣anna la yuɣni mina al-ḥaqqi cayʼan
53,29,Faʼaɛriḍ ɛan man tawalla ɛan ḏikrina wa lam yurid ʼilla al-ḥayata ad-dunya
53,30,Ḏalika mablaɣuhum mina al-ɛilmi ʼinna rabbaka huwa ʼaɛlamu biman ḍalla ɛan sabilihi wa huwa ʼaɛlamu biman ahtada
53,31,Wa Lillahi ma fi as-samawati wa ma fi al-ʼarḍi liyajziya al-laḏina ʼasaʼu bima ɛamilu wa yajziya al-laḏina ʼaḥsanu bil-ḥusna
53,32,Al-laḏina yajtanibuna kabaʼira al-ʼiṯmi wa al-fawaḥica ʼilla al-lamama ʼinna rabbaka wasiɛu al-maɣfirati huwa ʼaɛlamu bikum ʼiḏ ʼancaʼakum mina al-ʼarḍi wa ʼiḏ ʼantum ʼajinnatun fi buṭuni ʼummahatikum fala tuzakku ʼanfusakum huwa ʼaɛlamu bimani attaqa
53,33,ʼafaraʼayta al-laḏi tawalla
53,34,Wa ʼaɛṭa qalilan wa ʼakda
53,35,ʼaɛindahu ɛilmu al-ɣaybi fahuwa yara
53,36,ʼam lam yunabbaʼ bima fi ṣuḥufi musa
53,37,Wa ʼibrahima al-laḏi wa ffa
53,38,ʼalla taziru waziratun wizra ʼuxra
53,39,Wa ʼan laysa lilʼinsani ʼilla ma saɛa
53,40,Wa ʼanna saɛyahu sawfa yura
53,41,Ṯumma yujzahu al-jazaʼa al-ʼawfa
53,42,Wa ʼanna ʼila rabbika al-muntaha
53,43,Wa ʼannahu huwa ʼaḍḥaka wa ʼabka
53,44,Wa ʼannahu huwa ʼamata wa ʼaḥya
53,45,Wa ʼannahu xalaqa az-zawjayni aḏ-ḏakara wa al-ʼunṯa
53,46,Min nuṭfatin ʼiḏa tumna
53,47,Wa ʼanna ɛalayhi an-nacʼata al-ʼuxra
53,48,Wa ʼannahu huwa ʼaɣna wa ʼaqna
53,49,Wa ʼannahu huwa rabbu ac-ciɛra
53,50,Wa ʼannahu ʼahlaka ɛadan al-ʼula
53,51,Wa ṯamuda fama ʼabqa
53,52,Wa qawma nuḥin min qablu ʼinnahum kanu hum ʼaḏ̣lama wa ʼaṭɣa
53,53,Wa al-muʼtafikata ʼahwa
53,54,Faɣaccaha ma ɣacca
53,55,Fabiʼayyi ʼalaʼi rabbika tatamara
53,56,Haḏa naḏirun mina an-nuḏuri al-ʼula
53,57,ʼazifati al-ʼazifatu
53,58,Laysa laha min duni Allahi kacifatun
53,59,ʼafamin haḏa al-ḥadiṯi taɛjabuna
53,60,Wa taḍḥakuna wa la tabkuna
53,61,Wa ʼantum samiduna
53,62,Fasjudu Lillahi wa aɛbudu
54,1,Aqtarabat as-saɛatu wa ancaqqa al-qamar.
54,2,Wa ʼin yaraw ʼayatan yuɛriḍu wa yaqulu siḥrun mustamirrun.
54,3,Wa kaḏḏabu wa attabaɛu ʼahwaʼahum wa kullu ʼamrin mustaqirrun.
54,4,Wa laqad jaʼahum mina al-ʼanbaʼi ma fihi muzdajarun.
54,5,Ḥikmatun baliɣatun fama tuɣni an-nuḏur.
54,6,Fatawalla ɛanhum yawma yadɛu ad-daɛi ʼila cayʼin nukurin.
54,7,Xuccaɛan ʼabṣaruhum yaxrujuna mina al-ʼajdaṯi kaʼannahum jaradun muntacirun.
54,8,Muhṭiɛina ʼila ad-daɛi yaqulu al-kafiruna haḏa yawmun ɛasirun.
54,9,Kaḏḏabat qablahum qawmu nuḥin fakaḏḏabu ɛabdana wa qalu majnunun wa azdujir.
54,10,Fadaɛa rabbahu ʼanni maɣlubun fantaṣir.
54,11,Fafataḥna ʼabwaba as-samaʼi bimaʼin munhamirin.
54,12,Wa fajjarna al-ʼarḍa ɛuyunan faltaqa al-maʼu ɛala ʼamrin qad qudir.
54,13,Wa ḥamalnahu ɛala ḏati ʼalwaḥin wa dusurin.
54,14,Tajri biʼaɛyunina jazaʼan liman kana kufir.
54,15,Wa laqad taraknaha ʼayatan fahal min muddakirin.
54,16,Fakayfa kana ɛaḏabi wa nuḏur.
54,17,Wa laqad yassarna al-qurʼana lilḏḏikri fahal min muddakirin.
54,18,Kaḏḏabat ɛadun fakayfa kana ɛaḏabi wa nuḏur.
54,19,ʼinna ʼarsalna ɛalayhim riḥan ṣarṣaran fi yawmi naḥsin mustamirrin.
54,20,Tanziɛu an-nasa kaʼannahum ʼaɛjazu naxlin munqaɛirin.
54,21,Fakayfa kana ɛaḏabi wa nuḏur.
54,22,Wa laqad yassarna al-qurʼana lilḏḏikri fahal min muddakirin.
54,23,Kaḏḏabat ṯamudu bin-nuḏur.
54,24,Faqalu ʼabacaran minna waḥidan nattabiɛuhu ʼinna ʼiḏan lafi ḍalalin wa suɛurin.
54,25,ʼaʼuulqiya aḏ-ḏikru ɛalayhi min baynina bal huwa kaḏḏabun ʼacirun.
54,26,Sayaɛlamuna ɣadan man al-kaḏḏabu al-ʼacir.
54,27,ʼinna mursilu an-naqati fitnatan lahum fartaqibhum wa aṣṭabir.
54,28,Wa nabbiʼhum ʼanna al-maʼa qismatun baynahum kullu cirbin muḥtaḍarun.
54,29,Fanadaw ṣaḥibahum fataɛaṭa faɛaqar.
54,30,Fakayfa kana ɛaḏabi wa nuḏur.
54,31,ʼinna ʼarsalna ɛalayhim ṣayḥatan waḥidatan fakanu kahacimi al-muḥtaḏ̣ir.
54,32,Wa laqad yassarna al-qurʼana lilḏḏikri fahal min muddakirin.
54,33,Kaḏḏabat qawmu luṭin bin-nuḏur.
54,34,ʼinna ʼarsalna ɛalayhim ḥaṣiban ʼilla ʼala luṭin najjaynahum bisaḥarin.
54,35,Niɛmatan min ɛindina kaḏalika najzi man cakar.
54,36,Wa laqad ʼanḏarahum baṭcatana fatamaraw bin-nuḏur.
54,37,Wa laqad rawaduhu ɛan ḍayfihi faṭamasna ʼaɛyunahum faḏuqu ɛaḏabi wa nuḏur.
54,38,Wa laqad ṣabbaḥahum bukratan ɛaḏabun mustaqirrun.
54,39,Faḏuqu ɛaḏabi wa nuḏur.
54,40,Wa laqad yassarna al-qurʼana lilḏḏikri fahal min muddakirin.
54,41,Wa laqad jaʼa ʼala firɛawna an-nuḏur.
54,42,Kaḏḏabu biʼayatina kulliha faʼaxaḏnahum ʼaxḏa ɛazizin muqtadirin.
54,43,ʼakuffarukum xayrun min ʼulaʼikum ʼam lakum baraʼatun fi az-zubur.
54,44,ʼam yaquluna naḥnu jamiɛun muntaṣirun.
54,45,Sayuhzamu al-jamɛu wa yuwalluna ad-dubur.
54,46,Bal as-saɛatu mawɛiduhum wa as-saɛatu ʼad/ha wa ʼamarr.
54,47,ʼinna al-mujrimina fi ḍalalin wa suɛurin.
54,48,Yawma yusḥabuna fi an-nari ɛala wujuhihim ḏuqu massa saqar.
54,49,ʼinna kulla cayʼin xalaqnahu biqadarin.
54,50,Wa ma ʼamruna ʼilla waḥidatun kalamḥin bil-baṣar.
54,51,Wa laqad ʼahlakna ʼacyaɛakum fahal min muddakirin.
54,52,Wa kullu cayʼin faɛaluhu fi az-zubur.
54,53,Wa kullu ṣaɣirin wa kabirin mustaṭarun.
54,54,ʼinna al-muttaqina fi jannatin wa naharin.
54,55,Fi maqɛadi ṣidqin ɛinda malikin muqtadirin.
55,1,Ar-raḥmanu05500111.
55,2,Ɛallama al-qurʼana05500212.
55,3,Xalaqa al-ʼinsana05500313.
55,4,Ɛallamahu al-bayana05500414.
55,5,Ac-camsu wa al-qamaru biḥusbanin05500515.
55,6,Wa an-najmu wa ac-cajaru yasjudani05500616.
55,7,Wa as-samaʼa rafaɛaha wa waḍaɛa al-mizana05500717.
55,8,ʼalla taṭɣaw fi al-mizani05500818.
55,9,Wa ʼaqimu al-wazna bil-qisṭi wa la tuxsiru al-mizana05500919.
55,10,Wa al-ʼarḍa waḍaɛaha lilʼanami055010110.
55,11,Fiha fakihatun wa an-naxlu ḏatu al-ʼakmami055011111.
55,12,Wa al-ḥabbu ḏu al-ɛaṣfi wa ar-rayḥan055012112.
55,13,Fabiʼayyi ʼalaʼi rabbikuma tukaḏḏibani055013113.
55,14,Xalaqa al-ʼinsana min ṣalṣalin kalfaxxari055014114.
55,15,Wa xalaqa al-janna min marijin min narin055015115.
55,16,Fabiʼayyi ʼalaʼi rabbikuma tukaḏḏibani055016116.
55,17,Rabbu al-macriqayni wa rabbu al-maɣribayni055017117.
55,18,Fabiʼayyi ʼalaʼi rabbikuma tukaḏḏibani055018118.
55,19,Maraja al-baḥrayni yaltaqiyani055019119.
55,20,Baynahuma barzaxun la yabɣiyani055020120.
55,21,Fabiʼayyi ʼalaʼi rabbikuma tukaḏḏibani055021121.
55,22,Yaxruju minhuma al-luʼluʼu wa al-marjanu055022122.
55,23,Fabiʼayyi ʼalaʼi rabbikuma tukaḏḏibani055023123.
55,24,Wa lahu al-jawari al-muncaʼatu fi al-baḥri kalʼaɛlami055024124.
55,25,Fabiʼayyi ʼalaʼi rabbikuma tukaḏḏibani055025125.
55,26,Kullu man ɛalayha fanin055026126.
55,27,Wa yabqa wajhu rabbika ḏu al-jalali wa al-ʼikrami055027127.
55,28,Fabiʼayyi ʼalaʼi rabbikuma tukaḏḏibani055028128.
55,29,Yasʼaluhu man fi as-samawati wa al-ʼarḍi kulla yawmin huwa fi caʼnin055029129.
55,30,Fabiʼayyi ʼalaʼi rabbikuma tukaḏḏibani055030130.
55,31,Sanafruɣu lakum ʼayyuha aṯ-ṯaqalani055031131.
55,32,Fabiʼayyi ʼalaʼi rabbikuma tukaḏḏibani055032132.
55,33,Ya maɛcara al-jinni wa al-ʼinsi ʼin astaṭaɛtum ʼan tanfuḏu min ʼaqṭari as-samawati wa al-ʼarḍi fanfuḏu la tanfuḏuna ʼilla bisulṭanin055033133.
55,34,Fabiʼayyi ʼalaʼi rabbikuma tukaḏḏibani055034134.
55,35,Yursalu ɛalaykuma cuwaḏ̣un min narin wa nuḥasun fala tantaṣirani055035135.
55,36,Fabiʼayyi ʼalaʼi rabbikuma tukaḏḏibani055036136.
55,37,Faʼiḏa ancaqqati as-samaʼu fakanat wardatan kalddihani055037137.
55,38,Fabiʼayyi ʼalaʼi rabbikuma tukaḏḏibani055038138.
55,39,Fayawmaʼiḏin la yusʼalu ɛan ḏanbihi ʼinsun wa la jannun055039139.
55,40,Fabiʼayyi ʼalaʼi rabbikuma tukaḏḏibani055040140.
55,41,Yuɛrafu al-mujrimuna bisimahum fayuʼxaḏu bin-nawaṣi wa al-ʼaqdami055041141.
55,42,Fabiʼayyi ʼalaʼi rabbikuma tukaḏḏibani055042142.
55,43,Haḏihi jahannamu allati yukaḏḏibu biha al-mujrimuna055043143.
55,44,Yaṭufuna baynaha wa bayna ḥamimin ʼanin055044144.
55,45,Fabiʼayyi ʼalaʼi rabbikuma tukaḏḏibani055045145.
55,46,Wa liman xafa maqama rabbihi jannatani055046146.
55,47,Fabiʼayyi ʼalaʼi rabbikuma tukaḏḏibani055047147.
55,48,Ḏawata ʼafnanin055048148.
55,49,Fabiʼayyi ʼalaʼi rabbikuma tukaḏḏibani055049149.
55,50,Fihima ɛaynani tajriyani055050150.
55,51,Fabiʼayyi ʼalaʼi rabbikuma tukaḏḏibani055051151.
55,52,Fihima min kulli fakihatin zawjani055052152.
55,53,Fabiʼayyi ʼalaʼi rabbikuma tukaḏḏibani055053153.
55,54,Muttakiʼina ɛala furucin baṭaʼinuha min ʼistabraqin wa jana al-jannatayni danin055054154.
55,55,Fabiʼayyi ʼalaʼi rabbikuma tukaḏḏibani055055155.
55,56,Fihinna qaṣiratu aṭ-ṭarfi lam yaṭmiṯhunna ʼinsun qablahum wa la jannun055056156.
55,57,Fabiʼayyi ʼalaʼi rabbikuma tukaḏḏibani055057157.
55,58,Kaʼannahunna al-yaqutu wa al-marjanu055058158.
55,59,Fabiʼayyi ʼalaʼi rabbikuma tukaḏḏibani055059159.
55,60,Hal jazaʼu al-ʼiḥsani ʼilla al-ʼiḥsanu055060160.
55,61,Fabiʼayyi ʼalaʼi rabbikuma tukaḏḏibani055061161.
55,62,Wa min dunihima jannatani055062162.
55,63,Fabiʼayyi ʼalaʼi rabbikuma tukaḏḏibani055063163.
55,64,Mud/hammatani055064164.
55,65,Fabiʼayyi ʼalaʼi rabbikuma tukaḏḏibani055065165.
55,66,Fihima ɛaynani naḍḍaxatani055066166.
55,67,Fabiʼayyi ʼalaʼi rabbikuma tukaḏḏibani055067167.
55,68,Fihima fakihatun wa naxlun wa rummanun055068168.
55,69,Fabiʼayyi ʼalaʼi rabbikuma tukaḏḏibani055069169.
55,70,Fihinna xayratun ḥisanun055070170.
55,71,Fabiʼayyi ʼalaʼi rabbikuma tukaḏḏibani055071171.
55,72,Ḥurun maqṣuratun fi al-xiyami055072172.
55,73,Fabiʼayyi ʼalaʼi rabbikuma tukaḏḏibani055073173.
55,74,Lam yaṭmiṯhunna ʼinsun qablahum wa la jannun055074174.
55,75,Fabiʼayyi ʼalaʼi rabbikuma tukaḏḏibani055075175.
55,76,Muttakiʼina ɛala rafrafin xuḍrin wa ɛabqariyin ḥisanin055076176.
55,77,Fabiʼayyi ʼalaʼi rabbikuma tukaḏḏibani055077177.
55,78,Tabaraka asmu rabbika ḏi al-jalali wa al-ʼikrami055078178.
56,1,ʼiḏa waqaɛati al-waqiɛat.
56,2,Laysa liwaqɛatiha kaḏibatun.
56,3,Xafiḍatun rafiɛatun.
56,4,ʼiḏa rujjati al-ʼarḍu rajjan.
56,5,Wa bussati al-jibalu bassan.
56,6,Fakanat habaʼan munbaṯṯan.
56,7,Wa kuntum ʼazwajan ṯalaṯatan.
56,8,Faʼaṣḥabu al-maymanati ma ʼaṣḥabu al-maymanat.
56,9,Wa ʼaṣḥabu al-macʼamati ma ʼaṣḥabu al-macʼamat.
56,10,Wa as-sabiquna as-sabiqun.
56,11,ʼulaʼika al-muqarrabun.
56,12,Fi jannati an-naɛim.
56,13,Ṯullatun mina al-ʼawwalin.
56,14,Wa qalilun mina al-ʼaxirin.
56,15,Ɛala sururin mawḍunatin.
56,16,Muttakiʼina ɛalayha mutaqabilin.
56,17,Yaṭufu ɛalayhim wildanun muxalladun.
56,18,Biʼakwabin wa ʼabariqa wa kaʼsin min maɛinin.
56,19,La yuṣaddaɛuna ɛanha wa la yunzifun.
56,20,Wa fakihatin mimma yataxayyarun.
56,21,Wa laḥmi ṭayrin mimma yactahun.
56,22,Wa ḥurun ɛinun.
56,23,Kaʼamṯali al-luʼluʼi al-maknun.
56,24,Jazaʼan bima kanu yaɛmalun.
56,25,La yasmaɛuna fiha laɣwan wa la taʼṯiman.
56,26,ʼilla qilan salaman salaman.
56,27,Wa ʼaṣḥabu al-yamini ma ʼaṣḥabu al-yamin.
56,28,Fi sidrin maxḍudin.
56,29,Wa ṭalḥin manḍudin.
56,30,Wa ḏ̣illin mamdudin.
56,31,Wa maʼin maskubin.
56,32,Wa fakihatin kaṯiratin.
56,33,La maqṭuɛatin wa la mamnuɛatin.
56,34,Wa furucin marfuɛatin.
56,35,ʼinna ʼancaʼnahunna ʼincaʼan.
56,36,Fajaɛalnahunna ʼabkaran.
56,37,Ɛuruban ʼatraban.
56,38,Lʼaṣḥabi al-yamin.
56,39,Ṯullatun mina al-ʼawwalin.
56,40,Wa ṯullatun mina al-ʼaxirin.
56,41,Wa ʼaṣḥabu ac-cimali ma ʼaṣḥabu ac-cimal.
56,42,Fi samumin wa ḥamimin.
56,43,Wa ḏ̣illin min yaḥmumin.
56,44,La baridin wa la karimin.
56,45,ʼinnahum kanu qabla ḏalika mutrafin.
56,46,Wa kanu yuṣirruna ɛala al-ḥinṯi al-ɛaḏ̣im.
56,47,Wa kanu yaquluna ʼaʼiḏa mitna wa kunna turaban wa ɛiḏ̣aman ʼaʼinna lamabɛuṯun.
56,48,ʼawa ʼabaʼuuna al-ʼawwalun.
56,49,Qul ʼinna al-ʼawwalina wa al-ʼaxirin.
56,50,Lamajmuɛuna ʼila miqati yawmin maɛlumin.
56,51,Ṯumma ʼinnakum ʼayyuha aḍ-ḍalluna al-mukaḏḏibun.
56,52,Laʼakiluna min cajarin min zaqqumin.
56,53,Famaliʼuna minha al-buṭun.
56,54,Facaribuna ɛalayhi mina al-ḥamim.
56,55,Facaribuna curba al-him.
56,56,Haḏa nuzuluhum yawma ad-din.
56,57,Naḥnu xalaqnakum falawla tuṣaddiqun.
56,58,ʼafaraʼaytum ma tumnun.
56,59,ʼaʼantum taxluqunahu ʼam naḥnu al-xaliqun.
56,60,Naḥnu qaddarna baynakumu al-mawta wa ma naḥnu bimasbuqin.
56,61,Ɛala ʼan nubaddila ʼamṯalakum wa nunciʼakum fi ma la taɛlamun.
56,62,Wa laqad ɛalimtum an-nacʼata al-ʼula falawla taḏkkarun.
56,63,ʼafaraʼaytum ma taḥruṯun.
56,64,ʼaʼantum tazraɛunahu ʼam naḥnu az-zariɛun.
56,65,Law nacaʼu lajaɛalnahu ḥuṭaman faḏ̣alaltum tafakkahun.
56,66,ʼinna lamuɣramun.
56,67,Bal naḥnu maḥrumun.
56,68,ʼafaraʼaytum al-maʼa al-laḏi tacrabun.
56,69,ʼaʼantum ʼanzaltumuhu mina al-muzni ʼam naḥnu al-munzilun.
56,70,Law nacaʼu jaɛalnahu ʼujajan falawla tackurun.
56,71,ʼafaraʼaytumu an-nara allati turun.
56,72,ʼaʼantum ʼancaʼtum cajarataha ʼam naḥnu al-munciʼun.
56,73,Naḥnu jaɛalnaha taḏkiratan wa mataɛan lilmuqwin.
56,74,Fasabbiḥ biasmi rabbika al-ɛaḏ̣im.
56,75,Fala ʼuqsimu bimawaqiɛi an-nujum.
56,76,Wa ʼinnahu laqasamun law taɛlamuna ɛaḏ̣imun.
56,77,ʼinnahu laqurʼanun karimun.
56,78,Fi kitabin maknunin.
56,79,La yamassuhu ʼilla al-muṭahharun.
56,80,Tanzilun min rabbi al-ɛalamin.
56,81,ʼafabihaḏa al-ḥadiṯi ʼantum mud/hinun.
56,82,Wa tajɛaluna rizqakum ʼannakum tukaḏḏibun.
56,83,Falawla ʼiḏa balaɣati al-ḥulqum.
56,84,Wa ʼantum ḥinaʼiḏin tanḏ̣urun.
56,85,Wa naḥnu ʼaqrabu ʼilayhi minkum wa lakin la tubṣirun.
56,86,Falawla ʼin kuntum ɣayra madinin.
56,87,Tarjiɛunaha ʼin kuntum ṣadiqin.
56,88,Faʼamma ʼin kana mina al-muqarrabin.
56,89,Farawḥun wa rayḥanun wa jannatu naɛimin.
56,90,Wa ʼamma ʼin kana min ʼaṣḥabi al-yamin.
56,91,Fasalamun laka min ʼaṣḥabi al-yamin.
56,92,Wa ʼamma ʼin kana mina al-mukaḏḏibina aḍ-ḍallin.
56,93,Fanuzulun min ḥamimin.
56,94,Wa taṣliyatu jaḥimin.
56,95,ʼinna haḏa lahuwa ḥaqqu al-yaqin.
56,96,Fasabbiḥ biasmi rabbika al-ɛaḏ̣im.
57,1,Sabbaḥa Lillahi ma fi as-samawati wa al-ʼarḍi wa huwa al-ɛazizu al-ḥakim.
57,2,Lahu mulku as-samawati wa al-ʼarḍi yuḥyi wa yumitu wa huwa ɛala kulli cayʼin qadirun.
57,3,Huwa al-ʼawwalu wa al-ʼaxiru wa aḏ̣-ḏ̣ahiru wa al-baṭinu wa huwa bikulli cayʼin ɛalimun.
57,4,Huwa al-laḏi xalaqa as-samawati wa al-ʼarḍa fi sittati ʼayyamin ṯumma astawa ɛala al-ɛarci yaɛlamu ma yaliju fi al-ʼarḍi wa ma yaxruju minha wa ma yanzilu mina as-samaʼi wa ma yaɛruju fiha wa huwa maɛakum ʼayna ma kuntum wa Allahu bima taɛmaluna baṣirun.
57,5,Lahu mulku as-samawati wa al-ʼarḍi wa ʼila Allahi turjaɛu al-ʼumur.
57,6,Yuliju al-layla fi an-nahari wa yuliju an-nahara fi al-layli wa huwa ɛalimun biḏati aṣ-ṣudur.
57,7,ʼaminu Billahi wa rasulihi wa ʼanfiqu mimma jaɛalakum mustaxlafina fihi fa-al-laḏina ʼamanu minkum wa ʼanfaqu lahum ʼajrun kabirun.
57,8,Wa ma lakum la tuʼminuna Billahi wa ar-rasulu yadɛukum lituʼminu birabbikum wa qad ʼaxaḏa miṯaqakum ʼin kuntum muʼminin.
57,9,Huwa al-laḏi yunazzilu ɛala ɛabdihi ʼayatin bayyinatin liyuxrijakum mina aḏ̣-ḏ̣ulumati ʼila an-nur wa ʼinna Allaha bikum laraʼufun raḥimun.
57,10,Wa ma lakum ʼalla tunfiqu fi sabili Allahi wa Lillahi miraṯu as-samawati wa al-ʼarḍi la yastawi minkum man ʼanfaqa min qabli al-fatḥi wa qatala ʼulaʼika ʼaɛḏ̣amu darajatan mina al-laḏina ʼanfaqu min baɛdu wa qatalu wa kullan waɛada Allahu al-ḥusna wa Allahu bima taɛmaluna xabirun.
57,11,Man ḏa al-laḏi yuqriḍu Allaha qarḍan ḥasanan fayuḍaɛifahu lahu wa lahu ʼajrun karimun.
57,12,Yawma tara al-muʼminina wa al-muʼminati yasɛa nuruhum bayna ʼaydihim wa biʼaymanihim bucrakumu al-yawma jannatun tajri min taḥtiha al-ʼanharu xalidina fiha ḏalika huwa al-fawzu al-ɛaḏ̣im.
57,13,Yawma yaqulu al-munafiquna wa al-munafiqatu lillaḏina ʼamanu anḏ̣uruna naqtabis min nurikum qila arjiɛu waraʼakum faltamisu nuran faḍuriba baynahum bisurin lahu babun baṭinuhu fihi ar-raḥmatu wa ḏ̣ahiruhu min qibalihi al-ɛaḏab.
57,14,Yunadunahum ʼalam nakun maɛakum qalu bala wa lakinnakum fatantum ʼanfusakum wa tarabbaṣtum wa artabtum wa ɣarratkumu al-ʼamaniyu ḥatta jaʼa ʼamru Allahi wa ɣarrakum Billahi al-ɣarur.
57,15,Falyawma la yuʼxaḏu minkum fidyatun wa la mina al-laḏina kafaru maʼwakumu an-naru hiya mawlakum wa biʼsa al-maṣir.
57,16,ʼalam yaʼni lillaḏina ʼamanu ʼan taxcaɛa qulubuhum liḏikri Allahi wa ma nazala mina al-ḥaqqi wa la yakunu kallaḏina ʼutu al-kitaba min qablu faṭala ɛalayhimu al-ʼamadu faqasat qulubuhum wa kaṯirun minhum fasiqun.
57,17,Aɛlamu ʼanna Allaha yuḥyi al-ʼarḍa baɛda mawtiha qad bayyanna lakumu al-ʼayati laɛallakum taɛqilun.
57,18,ʼinna al-muṣṣaddiqina wa al-muṣṣaddiqati wa ʼaqraḍu Allaha qarḍan ḥasanan yuḍaɛafu lahum wa lahum ʼajrun karimun.
57,19,Wa al-laḏina ʼamanu Billahi wa rusulihi ʼulaʼika hum aṣ-ṣiddiquna wa ac-cuhadaʼu ɛinda rabbihim lahum ʼajruhum wa nuruhum wa al-laḏina kafaru wa kaḏḏabu biʼayatina ʼulaʼika ʼaṣḥabu al-jaḥim.
57,20,Aɛlamu ʼannama al-ḥayatu ad-dunya laɛibun wa lahwun wa zinatun wa tafaxurun baynakum wa takaṯurun fi al-ʼamwli wa al-ʼawladi kamaṯali ɣayṯin ʼaɛjaba al-kuffara nabatuhu ṯumma yahiju fatarahu muṣfarran ṯumma yakunu ḥuṭaman wa fi al-ʼaxirati ɛaḏabun cadidun wa maɣfiratun mina Allahi wa riḍwanun wa ma al-ḥayatu ad-dunya ʼilla mataɛu al-ɣurur.
57,21,Sabiqu ʼila maɣfiratin min rabbikum wa jannatin ɛarḍuha kaɛarḍi as-samaʼi wa al-ʼarḍi ʼuɛiddat lillaḏina ʼamanu Billahi wa rusulihi ḏalika faḍlu Allahi yuʼtihi man yacaʼu wa Allahu ḏu al-faḍli al-ɛaḏ̣im.
57,22,Ma ʼaṣaba min muṣibatin fi al-ʼarḍi wa la fi ʼanfusikum ʼilla fi kitabin min qabli ʼan nabraʼaha ʼinna ḏalika ɛala Allahi yasirun.
57,23,Likayla taʼsaw ɛala ma fatakum wa la tafraḥu bima ʼatakum wa Allahu la yuḥibbu kulla muxtalin faxurin.
57,24,Al-laḏina yabxaluna wa yaʼmuruna an-nasa bil-buxli wa man yatawalla faʼinna Allaha huwa al-ɣaniyu al-ḥamid.
57,25,Laqad ʼarsalna rusulana bil-bayyinati wa ʼanzalna maɛahumu al-kitaba wa al-mizana liyaquma an-nasu bil-qisṭi wa ʼanzalna al-ḥadida fihi baʼsun cadidun wa manafiɛu lilnnasi wa liyaɛlama Allahu man yanṣuruhu wa rusulahu bil-ɣaybi ʼinna Allaha qawiyun ɛazizun.
57,26,Wa laqad ʼarsalna nuḥan wa ʼibrahima wa jaɛalna fi ḏurriyatihima an-nubuwata wa al-kitaba faminhum muhtadin wa kaṯirun minhum fasiqun.
57,27,Ṯumma qaffayna ɛala ʼaṯarihim birusulina wa qaffayna biɛisa abni maryama wa ʼataynahu al-ʼinjila wa jaɛalna fi qulubi al-laḏina attabaɛuhu raʼfatan wa raḥmatan wa rahbaniyatan abtadaɛuha ma katabnaha ɛalayhim ʼilla abtiɣaʼa riḍwani Allahi fama raɛawha ḥaqqa riɛayatiha faʼatayna al-laḏina ʼamanu minhum ʼajrahum wa kaṯirun minhum fasiqun.
57,28,Ya ʼayyuha al-laḏina ʼamanu attaqu Allaha wa ʼaminu birasulihi yuʼtikum kiflayni min raḥmatihi wa yajɛal lakum nuran tamcuna bihi wa yaɣfir lakum wa Allahu ɣafurun raḥimun.
57,29,Liʼalla yaɛlama ʼahlu al-kitabi ʼalla yaqdiruna ɛala cayʼin min faḍli Allahi wa ʼanna al-faḍla biyadi Allahi yuʼtihi man yacaʼu wa Allahu ḏu al-faḍli al-ɛaḏ̣im.
58,1,Qad samiɛa Allahu qawla allati tujadiluka fi zawjiha wa tactaki ʼila Allahi wa Allahu yasmaɛu taḥawurakuma ʼinna Allaha samiɛun baṣirun.
58,2,Al-laḏina yuḏ̣ahiruna minkum min nisaʼihim ma hunna ʼummahatihim ʼin ʼummahatuhum ʼilla al-laʼi waladnahum wa ʼinnahum layaquluna munkaran mina al-qawli wa zuran wa ʼinna Allaha laɛafuwun ɣafurun.
58,3,Wa al-laḏina yuḏ̣ahiruna min nisaʼihim ṯumma yaɛuduna lima qalu fataḥriru raqabatin min qabli ʼan yatamassa ḏalikum tuɛaḏ̣una bihi wa Allahu bima taɛmaluna xabirun.
58,4,Faman lam yajid faṣiyamu cahrayni mutatabiɛayni min qabli ʼan yatamassa faman lam yastaṭiɛ faʼiṭɛamu sittina miskinan ḏalika lituʼminu Billahi wa rasulihi wa tilka ḥududu Allahi wa lilkafirina ɛaḏabun ʼalimun.
58,5,ʼinna al-laḏina yuḥadduna Allaha wa rasulahu kubitu kama kubita al-laḏina min qablihim wa qad ʼanzalna ʼayatin bayyinatin wa lilkafirina ɛaḏabun muhinun.
58,6,Yawma yabɛaṯuhum Allahu jamiɛan fayunabbiʼuhum bima ɛamilu ʼaḥṣahu Allahu wa nasuhu wa Allahu ɛala kulli cayʼin cahidun.
58,7,ʼalam tara ʼanna Allaha yaɛlamu ma fi as-samawati wa ma fi al-ʼarḍi ma yakunu min najwa ṯalaṯatin ʼilla huwa rabiɛuhum wa la xamsatin ʼilla huwa sadisuhum wa la ʼadna min ḏalika wa la ʼakṯara ʼilla huwa maɛahum ʼayna ma kanu ṯumma yunabbiʼuhum bima ɛamilu yawma al-qiyamati ʼinna Allaha bikulli cayʼin ɛalimun.
58,8,ʼalam tara ʼila al-laḏina nuhu ɛan an-najwa ṯumma yaɛuduna lima nuhu ɛanhu wa yatanajawna bil-ʼiṯmi wa al-ɛudwani wa maɛṣiyati ar-rasuli wa ʼiḏa jaʼuka ḥayyawka bima lam yuḥayyika bihi Allahu wa yaquluna fi ʼanfusihim lawla yuɛaḏḏibuna Allahu bima naqulu ḥasbuhum jahannamu yaṣlawnaha fabiʼsa al-maṣir.
58,9,Ya ʼayyuha al-laḏina ʼamanu ʼiḏa tanajaytum fala tatanajaw bil-ʼiṯmi wa al-ɛudwani wa maɛṣiyati ar-rasuli wa tanajaw bil-birri wa at-taqwa wa attaqu Allaha al-laḏi ʼilayhi tuḥcarun.
58,10,ʼinnama an-najwa mina ac-cayṭani liyaḥzuna al-laḏina ʼamanu wa laysa biḍarrihim cayʼan ʼilla biʼiḏni Allahi wa ɛala Allahi falyatawakkali al-muʼminun.
58,11,Ya ʼayyuha al-laḏina ʼamanu ʼiḏa qila lakum tafassaḥu fi al-majalisi fafsaḥu yafsaḥi Allahu lakum wa ʼiḏa qila ancuzu fancuzu yarfaɛ Allahu al-laḏina ʼamanu minkum wa al-laḏina ʼutu al-ɛilma darajatin wa Allahu bima taɛmaluna xabirun.
58,12,Ya ʼayyuha al-laḏina ʼamanu ʼiḏa najaytum ar-rasula faqaddimu bayna yaday najwakum ṣadaqatan ḏalika xayrun lakum wa ʼaṭharu faʼin lam tajidu faʼinna Allaha ɣafurun raḥimun.
58,13,ʼaʼacfaqtum ʼan tuqaddimu bayna yaday najwakum ṣadaqatin faʼiḏ lam tafɛalu wa taba Allahu ɛalaykum faʼaqimu aṣ-ṣalata wa ʼatu az-zakata wa ʼaṭiɛu Allaha wa rasulahu wa Allahu xabirun bima taɛmalun.
58,14,ʼalam tara ʼila al-laḏina tawallaw qawman ɣaḍiba Allahu ɛalayhim ma hum minkum wa la minhum wa yaḥlifuna ɛala al-kaḏibi wa hum yaɛlamun.
58,15,ʼaɛadda Allahu lahum ɛaḏaban cadidan ʼinnahum saʼa ma kanu yaɛmalun.
58,16,Attaxaḏu ʼaymanahum junnatan faṣaddu ɛan sabili Allahi falahum ɛaḏabun muhinun.
58,17,Lan tuɣniya ɛanhum ʼamwaluhum wa la ʼawladuhum mina Allahi cayʼan ʼulaʼika ʼaṣḥabu an-nari hum fiha xalidun.
58,18,Yawma yabɛaṯuhum Allahu jamiɛan fayaḥlifuna lahu kama yaḥlifuna lakum wa yaḥsabuna ʼannahum ɛala cayʼin ʼala ʼinnahum hum al-kaḏibun.
58,19,Astaḥwaḏa ɛalayhim ac-cayṭanu faʼansahum ḏikra Allahi ʼulaʼika ḥizbu ac-cayṭani ʼala ʼinna ḥizba ac-cayṭani hum al-xasirun.
58,20,ʼinna al-laḏina yuḥadduna Allaha wa rasulahu ʼulaʼika fi al-ʼaḏallin.
58,21,Kataba Allahu laʼaɣlibanna ʼana wa rusuli ʼinna Allaha qawiyun ɛazizun.
58,22,La tajidu qawman yuʼminuna Billahi wa al-yawmi al-ʼaxiri yuwadduna man ḥadda Allaha wa rasulahu wa law kanu ʼabaʼahum ʼaw ʼabnaʼahum ʼaw ʼixwanahum ʼaw ɛaciratahum ʼulaʼika kataba fi qulubihim al-ʼimana wa ʼayyadahum biruḥin minhu wa yudxiluhum jannatin tajri min taḥtiha al-ʼanharu xalidina fiha raḍiya Allahu ɛanhum wa raḍu ɛanhu ʼulaʼika ḥizbu Allahi ʼala ʼinna ḥizba Allahi hum al-mufliḥun.
59,1,Sabbaḥa Lillahi ma fi as-samawati wa ma fi al-ʼarḍi wa huwa al-ɛazizu al-ḥakim.
59,2,Huwa al-laḏi ʼaxraja al-laḏina kafaru min ʼahli al-kitabi min diyarihim liʼwwali al-ḥacri ma ḏ̣anantum ʼan yaxruju wa ḏ̣annu ʼannahum maniɛatuhum ḥuṣunuhum mina Allahi faʼatahum Allahu min ḥayṯu lam yaḥtasibu wa qaḏafa fi qulubihim ar-ruɛba yuxribuna buyutahum biʼaydihim wa ʼaydi al-muʼminina faɛtabiru ya ʼuli al-ʼabṣar.
59,3,Wa lawla ʼan kataba Allahu ɛalayhim al-jalaʼa laɛaḏḏabahum fi ad-dunya wa lahum fi al-ʼaxirati ɛaḏabu an-nar.
59,4,Ḏalika biʼannahum caqqu Allaha wa rasulahu wa man yucaqqi Allaha faʼinna Allaha cadidu al-ɛiqab.
59,5,Ma qaṭaɛtum min linatin ʼaw taraktumuha qaʼimatan ɛala ʼuṣuliha fabiʼiḏni Allahi wa liyuxziya al-fasiqin.
59,6,Wa ma ʼafaʼa Allahu ɛala rasulihi minhum fama ʼawjaftum ɛalayhi min xaylin wa la rikabin wa lakinna Allaha yusalliṭu rusulahu ɛala man yacaʼu wa Allahu ɛala kulli cayʼin qadirun.
59,7,Ma ʼafaʼa Allahu ɛala rasulihi min ʼahli al-qura falillahi wa lilrrasuli wa liḏi al-qurba wa al-yatama wa al-masakini wa abni as-sabili kay la yakuna dulatan bayna al-ʼaɣniyaʼi minkum wa ma ʼatakum ar-rasulu faxuḏuhu wa ma nahakum ɛanhu fantahu wa attaqu Allaha ʼinna Allaha cadidu al-ɛiqab.
59,8,Lilfuqaraʼi al-muhajirina al-laḏina ʼuxriju min diarihim wa ʼamwalihim yabtaɣuna faḍlan mina Allahi wa riḍwanan wa yanṣuruna Allaha wa rasulahu ʼulaʼika hum aṣ-ṣadiqun.
59,9,Wa al-laḏina tabawwaʼu ad-dara wa al-ʼimana min qablihim yuḥibbuna man hajara ʼilayhim wa la yajiduna fi ṣudurihim ḥajatan mimma ʼutu wa yuʼṯiruna ɛala ʼanfusihim wa law kana bihim xaṣaṣatun wa man yuqa cuḥḥa nafsihi faʼulaʼika hum al-mufliḥun.
59,10,Wa al-laḏina jaʼu min baɛdihim yaquluna rabbana aɣfir lana wa liʼaxwanina al-laḏina sabaquna bil-ʼimani wa la tajɛal fi qulubina ɣillan lillaḏina ʼamanu rabbana ʼinnaka raʼufun raḥimun.
59,11,ʼalam tara ʼila al-laḏina nafaqu yaquluna liʼxwanihim al-laḏina kafaru min ʼahli al-kitabi laʼin ʼuxrijtum lanaxrujanna maɛakum wa la nuṭiɛu fikum ʼaḥadan ʼabadan wa ʼin qutiltum lananṣurannakum wa Allahu yac/hadu ʼinnahum lakaḏibun.
59,12,Laʼin ʼuxriju la yaxrujuna maɛahum wa laʼin qutilu la yanṣurunahum wa laʼin naṣaruhum layuwallunna al-ʼadbara ṯumma la yunṣarun.
59,13,Laʼantum ʼacaddu rahbatan fi ṣudurihim mina Allahi ḏalika biʼannahum qawmun la yafqahun.
59,14,La yuqatilunakum jamiɛan ʼilla fi quran muḥaṣṣanatin ʼaw min waraʼi judurin baʼsuhum baynahum cadidun taḥsabuhum jamiɛan wa qulubuhum catta ḏalika biʼannahum qawmun la yaɛqilun.
59,15,Kamaṯali al-laḏina min qablihim qariban ḏaqu wabala ʼamrihim wa lahum ɛaḏabun ʼalimun.
59,16,Kamaṯali ac-cayṭani ʼiḏ qala lilʼinsani akfur falamma kafara qala ʼinni bariʼun minka ʼinni ʼaxafu Allaha rabba al-ɛalamin.
59,17,Fakana ɛaqibatahuma ʼannahuma fi an-nari xalidayni fiha wa ḏalika jazaʼu aḏ̣-ḏ̣alimin.
59,18,Ya ʼayyuha al-laḏina ʼamanu attaqu Allaha wa ltanḏ̣ur nafsun ma qaddamat liɣadin wa attaqu Allaha ʼinna Allaha xabirun bima taɛmalun.
59,19,Wa la takunu kallaḏina nasu Allaha faʼansahum ʼanfusahum ʼulaʼika hum al-fasiqun.
59,20,La yastawi ʼaṣḥabu an-nari wa ʼaṣḥabu al-jannati ʼaṣḥabu al-jannati hum al-faʼizun.
59,21,Law ʼanzalna haḏa al-qurʼana ɛala jabalin laraʼaytahu xaciɛan mutaṣaddiɛan min xacyati Allahi wa tilka al-ʼamṯalu naḍribuha lilnnasi laɛallahum yatafakkarun.
59,22,Huwa Allahu al-laḏi la ʼilaha ʼilla huwa ɛalimu al-ɣaybi wa ac-cahadati huwa ar-raḥmanu ar-raḥim.
59,23,Huwa Allahu al-laḏi la ʼilaha ʼilla huwa al-maliku al-quddusu as-salamu al-muʼminu al-muhayminu al-ɛazizu al-jabbaru al-mutakabbiru subḥana Allahi ɛamma yucrikun.
59,24,Huwa Allahu al-xaliqu al-bariʼu al-muṣawwiru lahu al-ʼasmaʼu al-ḥusna yusabbiḥu lahu ma fi as-samawati wa al-ʼarḍi wa huwa al-ɛazizu al-ḥakim.
60,1,Ya ʼayyuha al-laḏina ʼamanu la tattaxiḏu ɛaduwi wa ɛaduwakum ʼawliyaʼa tulquna ʼilayhim bil-mawaddati wa qad kafaru bima jaʼakum mina al-ḥaqqi yuxrijuna ar-rasula wa ʼiyakum ʼan tuʼminu Billahi rabbikum ʼin kuntum xarajtum jihadan fi sabili wa abtiɣaʼa marḍati tusirruna ʼilayhim bil-mawaddati wa ʼana ʼaɛlamu bima ʼaxfaytum wa ma ʼaɛlantum wa man yafɛalhu minkum faqad ḍalla sawaʼa as-sabil.
60,2,ʼin yaṯqafukum yakunu lakum ʼaɛdaʼan wa yabsuṭu ʼilaykum ʼaydiyahum wa ʼalsinatahum bis-suʼi wa waddu law takfurun.
60,3,Lan tanfaɛakum ʼarḥamukum wa la ʼawladukum yawma al-qiyamati yafṣilu baynakum wa Allahu bima taɛmaluna baṣirun.
60,4,Qad kanat lakum ʼuswatun ḥasanatun fi ʼibrahima wa al-laḏina maɛahu ʼiḏ qalu liqawmihim ʼinna buraʼaʼu minkum wa mimma taɛbuduna min duni Allahi kafarna bikum wa bada baynana wa baynakum al-ɛadawatu wa al-baɣḍaʼu ʼabadan ḥatta tuʼminu Billahi waḥdahu ʼilla qawla ʼibrahima liʼabihi laʼastaɣfiranna laka wa ma ʼamliku laka mina Allahi min cayʼin rabbana ɛalayka tawakkalna wa ʼilayka ʼanabna wa ʼilayka al-maṣir.
60,5,Rabbana la tajɛalna fitnatan lillaḏina kafaru wa aɣfir lana rabbana ʼinnaka ʼanta al-ɛazizu al-ḥakim.
60,6,Laqad kana lakum fihim ʼuswatun ḥasanatun liman kana yarju Allaha wa al-yawma al-ʼaxira wa man yatawalla faʼinna Allaha huwa al-ɣaniyu al-ḥamid.
60,7,Ɛasa Allahu ʼan yajɛala baynakum wa bayna al-laḏina ɛadaytum minhum mawaddatan wa Allahu qadirun wa Allahu ɣafurun raḥimun.
60,8,La yanhakum Allahu ɛan al-laḏina lam yuqatilukum fi ad-dini wa lam yuxrijukum min diyarikum ʼan tabarruhum wa tuqsiṭu ʼilayhim ʼinna Allaha yuḥibbu al-muqsiṭin.
60,9,ʼinnama yanhakum Allahu ɛan al-laḏina qatalukum fi ad-dini wa ʼaxrajukum min diyarikum wa ḏ̣aharu ɛala ʼixrajikum ʼan tawallawhum wa man yatawallahum faʼulaʼika hum aḏ̣-ḏ̣alimun.
60,10,Ya ʼayyuha al-laḏina ʼamanu ʼiḏa jaʼakum al-muʼminatu muhajiratin famtaḥinuhunna Allahu ʼaɛlamu biʼimanihinna faʼin ɛalimtumuhunna muʼminatin fala tarjiɛuhunna ʼila al-kuffari la hunna ḥillun lahum wa la hum yaḥilluna lahunna wa ʼatuhum ma ʼanfaqu wa la junaḥa ɛalaykum ʼan tankiḥuhunna ʼiḏa ʼataytumuhunna ʼujurahunna wa la tumsiku biɛiṣami al-kawafiri wa asʼalu ma ʼanfaqtum wa liasʼalu ma ʼanfaqu ḏalikum ḥukmu Allahi yaḥkumu baynakum wa Allahu ɛalimun ḥakimun.
60,11,Wa ʼin fatakum cayʼun min ʼazwajikum ʼila al-kuffari faɛaqabtum faʼatu al-laḏina ḏahabat ʼazwajuhum miṯla ma ʼanfaqu wa attaqu Allaha al-laḏi ʼantum bihi muʼminun.
60,12,Ya ʼayyuha an-nabiyu ʼiḏa jaʼaka al-muʼminatu yubayiɛnaka ɛala ʼan la yucrikna Billahi cayʼan wa la yasriqna wa la yaznina wa la yaqtulna ʼawladahunna wa la yaʼtina bibuhtanin yaftarinahu bayna ʼaydihinna wa ʼarjulihinna wa la yaɛṣinaka fi maɛrufin fabayiɛhunna wa astaɣfir lahunna Allaha ʼinna Allaha ɣafurun raḥimun.
60,13,Ya ʼayyuha al-laḏina ʼamanu la tatawallaw qawman ɣaḍiba Allahu ɛalayhim qad yaʼisu mina al-ʼaxirati kama yaʼisa al-kuffaru min ʼaṣḥabi al-qubur.
61,1,Sabbaḥa Lillahi ma fi as-samawati wa ma fi al-ʼarḍi wa huwa al-ɛazizu al-ḥakim.
61,2,Ya ʼayyuha al-laḏina ʼamanu lima taquluna ma la tafɛalun.
61,3,Kabura maqtan ɛinda Allahi ʼan taqulu ma la tafɛalun.
61,4,ʼinna Allaha yuḥibbu al-laḏina yuqatiluna fi sabilihi ṣaffan kaʼannahum bunyanun marṣuṣun.
61,5,Wa ʼiḏ qala musa liqawmihi ya qawmi lima tuʼḏunani wa qad taɛlamuna ʼanni rasulu Allahi ʼilaykum falamma zaɣu ʼazaɣa Allahu qulubahum wa Allahu la yahdi al-qawma al-fasiqin.
61,6,Wa ʼiḏ qala ɛisa abnu maryama ya bani ʼisraʼila ʼinni rasulu Allahi ʼilaykum muṣaddiqan lima bayna yadayya mina at-tawrati wa mubacciran birasulin yaʼti min baɛdi asmuhu ʼaḥmadu falamma jaʼahum bil-bayyinati qalu haḏa siḥrun mubinun.
61,7,Wa man ʼaḏ̣lamu mimmani aftara ɛala Allahi al-kaḏiba wa huwa yudɛa ʼila al-ʼislami wa Allahu la yahdi al-qawma aḏ̣-ḏ̣alimin.
61,8,Yuriduna liyuṭfiʼu nura Allahi biʼafwahihim wa Allahu mutimmu nurihi wa law kariha al-kafirun.
61,9,Huwa al-laḏi ʼarsala rasulahu bil-huda wa dini al-ḥaqqi liyuḏ̣hirahu ɛala ad-dini kullihi wa law kariha al-mucrikun.
61,10,Ya ʼayyuha al-laḏina ʼamanu hal ʼadullukum ɛala tijaratin tunjikum min ɛaḏabin ʼalimin.
61,11,Tuʼminuna Billahi wa rasulihi wa tujahiduna fi sabili Allahi biʼamwalikum wa ʼanfusikum ḏalikum xayrun lakum ʼin kuntum taɛlamun.
61,12,Yaɣfir lakum ḏunubakum wa yudxilkum jannatin tajri min taḥtiha al-ʼanharu wa masakina ṭayyibatan fi jannati ɛadnin ḏalika al-fawzu al-ɛaḏ̣im.
61,13,Wa ʼuxra tuḥibbunaha naṣrun mina Allahi wa fatḥun qaribun wa baccir al-muʼminin.
61,14,Ya ʼayyuha al-laḏina ʼamanu kunw ʼanṣara Allahi kama qala ɛisa abnu maryama lilḥawariyina man ʼanṣari ʼila Allahi qala al-ḥawariyuna naḥnu ʼanṣaru Allahi faʼamanat ṭaʼifatun min bani ʼisraʼila wa kafarat ṭaʼifatun faʼayyadna al-laḏina ʼamanu ɛala ɛaduwihim faʼaṣbaḥu ḏ̣ahirin.
62,1,Yusabbiḥu Lillahi ma fi as-samawati wa ma fi al-ʼarḍi al-maliki al-quddusi al-ɛazizi al-ḥakim.
62,2,Huwa al-laḏi baɛaṯa fi al-ʼummiyina rasulan minhum yatlu ɛalayhim ʼayatihi wa yuzakkihim wa yuɛallimuhum al-kitaba wa al-ḥikmata wa ʼin kanu min qablu lafi ḍalalin mubinin.
62,3,Wa ʼaxarina minhum lamma yalḥaqu bihim wa huwa al-ɛazizu al-ḥakim.
62,4,Ḏalika faḍlu Allahi yuʼtihi man yacaʼu wa Allahu ḏu al-faḍli al-ɛaḏ̣im.
62,5,Maṯalu al-laḏina ḥummilu at-tawrata ṯumma lam yaḥmiluha kamaṯali al-ḥimari yaḥmilu ʼasfaran biʼsa maṯalu al-qawmi al-laḏina kaḏḏabu biʼayati Allahi wa Allahu la yahdi al-qawma aḏ̣-ḏ̣alimin.
62,6,Qul ya ʼayyuha al-laḏina hadu ʼin zaɛamtum ʼannakum ʼawliya ʼu Lillahi min duni an-nasi fatamannaw al-mawta ʼin kuntum ṣadiqin.
62,7,Wa la yatamannawnahu ʼabadan bima qaddamat ʼaydihim wa Allahu ɛalimun biḏ̣-ḏ̣alimin.
62,8,Qul ʼinna al-mawta al-laḏi tafirruna minhu faʼinnahu mulaqikum ṯumma turadduna ʼila ɛalimi al-ɣaybi wa ac-cahadati fayunabbiʼukum bima kuntum taɛmalun.
62,9,Ya ʼayyuha al-laḏina ʼamanu ʼiḏa nudi lilṣṣalati min yawmi al-jumuɛati fasɛaw ʼila ḏikri Allahi wa ḏaru al-bayɛa ḏalikum xayrun lakum ʼin kuntum taɛlamun.
62,10,Faʼiḏa quḍiyat aṣ-ṣalatu fantaciru fi al-ʼarḍi wa abtaɣu min faḍli Allahi wa aḏkuru Allaha kaṯiran laɛallakum tufliḥun.
62,11,Wa ʼiḏa raʼaw tijaratan ʼaw lahwan anfaḍḍu ʼilayha wa tarakuka qaʼiman qul ma ɛinda Allahi xayrun mina al-lahwi wa mina at-tijarati wa Allahu xayru ar-raziqin.
63,1,ʼiḏa jaʼaka al-munafiquna qalu nac/hadu ʼinnaka larasulu Allahi wa Allahu yaɛlamu ʼinnaka larasuluhu wa Allahu yac/hadu ʼinna al-munafiqina lakaḏibun.
63,2,Attaxaḏu ʼaymanahum junnatan faṣaddu ɛan sabili Allahi ʼinnahum saʼa ma kanu yaɛmalun.
63,3,Ḏalika biʼannahum ʼamanu ṯumma kafaru faṭubiɛa ɛala qulubihim fahum la yafqahun.
63,4,Wa ʼiḏa raʼaytahum tuɛjibuka ʼajsamuhum wa ʼin yaqulu tasmaɛ liqawlihim kaʼannahum xucubun musannadatun yaḥsabuna kulla ṣayḥatin ɛalayhim hum al-ɛaduwu faḥḏarhum qatalahum Allahu ʼanna yuʼfakun.
63,5,Wa ʼiḏa qila lahum taɛalaw yastaɣfir lakum rasulu Allahi lawwaw ruʼsahum wa raʼaytahum yaṣudduna wa hum mustakbirun.
63,6,Sawaʼun ɛalayhim ʼastaɣfarta lahum ʼam lam tastaɣfir lahum lan yaɣfira Allahu lahum ʼinna Allaha la yahdi al-qawma al-fasiqin.
63,7,Hum al-laḏina yaquluna la tunfiqu ɛala man ɛinda rasuli Allahi ḥatta yanfaḍḍu wa Lillahi xazaʼinu as-samawati wa al-ʼarḍi wa lakinna al-munafiqina la yafqahun.
63,8,Yaquluna laʼin rajaɛna ʼila al-madinati layuxrijanna al-ʼaɛazzu minha al-ʼaḏalla wa Lillahi al-ɛizzatu wa lirasulihi wa lilmuʼminina wa lakinna al-munafiqina la yaɛlamun.
63,9,Ya ʼayyuha al-laḏina ʼamanu la tulhikum ʼamwalukum wa la ʼawladukum ɛan ḏikri Allahi wa man yafɛal ḏalika faʼulaʼika hum al-xasirun.
63,10,Wa ʼanfiqu min ma razaqnakum min qabli ʼan yaʼtiya ʼaḥadakum al-mawtu fayaqula rabbi lawla ʼaxxartani ʼila ʼajalin qaribin faʼaṣṣaddaqa wa ʼakun mina aṣ-ṣaliḥin.
63,11,Wa lan yuʼaxxira Allahu nafsan ʼiḏa jaʼa ʼajaluha wa Allahu xabirun bima taɛmalun.
64,1,Yusabbiḥu Lillahi ma fi as-samawati wa ma fi al-ʼarḍi lahu al-mulku wa lahu al-ḥamdu wa huwa ɛala kulli cayʼin qadirun.
64,2,Huwa al-laḏi xalaqakum faminkum kafirun wa minkum muʼminun wa Allahu bima taɛmaluna baṣirun.
64,3,Xalaqa as-samawati wa al-ʼarḍa bil-ḥaqqi wa ṣawwarakum faʼaḥsana ṣuwarakum wa ʼilayhi al-maṣir.
64,4,Yaɛlamu ma fi as-samawati wa al-ʼarḍi wa yaɛlamu ma tusirruna wa ma tuɛlinuna wa Allahu ɛalimun biḏati aṣ-ṣudur.
64,5,ʼalam yaʼtikum nabaʼu al-laḏina kafaru min qablu faḏaqu wabala ʼamrihim wa lahum ɛaḏabun ʼalimun.
64,6,Ḏalika biʼannahu kanat taʼtihim rusuluhum bil-bayyinati faqalu ʼabacarun yahdunana fakafaru wa tawallaw wa astaɣna Allahu wa Allahu ɣaniyun ḥamidun.
64,7,Zaɛama al-laḏina kafaru ʼan lan yubɛaṯu qul bala wa rabbi latubɛaṯunna ṯumma latunabbaʼuunna bima ɛamiltum wa ḏalika ɛala Allahi yasirun.
64,8,Faʼaminu Billahi wa rasulihi wa an-nur al-laḏi ʼanzalna wa Allahu bima taɛmaluna xabirun.
64,9,Yawma yajmaɛukum liyawmi al-jamɛi ḏalika yawmu at-taɣabuni wa man yuʼmin Billahi wa yaɛmal ṣaliḥan yukaffir ɛanhu sayyiʼatihi wa yudxilhu jannatin tajri min taḥtiha al-ʼanharu xalidina fiha ʼabadan ḏalika al-fawzu al-ɛaḏ̣im.
64,10,Wa al-laḏina kafaru wa kaḏḏabu biʼayatina ʼulaʼika ʼaṣḥabu an-nari xalidina fiha wa biʼsa al-maṣir.
64,11,Ma ʼaṣaba min muṣibatin ʼilla biʼiḏni Allahi wa man yuʼmin Billahi yahdi qalbahu wa Allahu bikulli cayʼin ɛalimun.
64,12,Wa ʼaṭiɛu Allaha wa ʼaṭiɛu ar-rasula faʼin tawallaytum faʼinnama ɛala rasulina al-balaɣu al-mubin.
64,13,Allahu la ʼilaha ʼilla huwa wa ɛala Allahi falyatawakkali al-muʼminun.
64,14,Ya ʼayyuha al-laḏina ʼamanu ʼinna min ʼazwajikum wa ʼawladikum ɛaduwan lakum faḥḏaruhum wa ʼin taɛfu wa taṣfaḥu wa taɣfiru faʼinna Allaha ɣafurun raḥimun.
64,15,ʼinnama ʼamwalukum wa ʼawladukum fitnatun wa Allahu ɛindahu ʼajrun ɛaḏ̣imun.
64,16,Fattaqu Allaha ma astaṭaɛtum wa asmaɛu wa ʼaṭiɛu wa ʼanfiqu xayran liʼnfusikum wa man yuqa cuḥḥa nafsihi faʼulaʼika hum al-mufliḥun.
64,17,ʼin tuqriḍu Allaha qarḍan ḥasanan yuḍaɛifhu lakum wa yaɣfir lakum wa Allahu cakurun ḥalimun.
64,18,Ɛalimu al-ɣaybi wa ac-cahadati al-ɛazizu al-ḥakim.
65,1,Ya ʼayyuha an-nabiyu ʼiḏa ṭallaqtum an-nisaʼ faṭalliquhunna liɛiddatihinna wa ʼaḥṣu al-ɛiddata wa attaqu Allaha rabbakum la tuxrijuhunna min buyutihinna wa la yaxrujna ʼilla ʼan yaʼtina bifaḥicatin mubayyinatin wa tilka ḥududu Allahi wa man yataɛadda ḥududa Allahi faqad ḏ̣alama nafsahu la tadri laɛalla Allaha yuḥdiṯu baɛda ḏalika ʼamran.
65,2,Faʼiḏa balaɣna ʼajalahunna faʼamsikuhunna bimaɛrufin ʼaw fariquhunna bimaɛrufin wa ʼac/hidu ḏawa ɛadlin minkum wa ʼaqimu ac-cahadata Lillahi ḏalikum yuɛaḏ̣u bihi man kana yuʼminu Billahi wa al-yawmi al-ʼaxiri wa man yattaqi Allaha yajɛal lahu maxrajan.
65,3,Wa yarzuqhu min ḥayṯu la yaḥtasibu wa man yatawakkal ɛala Allahi fahuwa ḥasbuhu ʼinna Allaha baliɣu ʼamrihi qad jaɛala Allahu likulli cayʼin qadran.
65,4,Wa al-laʼi yaʼisna mina al-maḥiḍi min nisaʼikum ʼin artabtum faɛiddatuhunna ṯalaṯatu ʼac/hurin wa al-laʼi lam yaḥiḍna wa ʼulatu al-ʼaḥmali ʼajaluhunna ʼan yaḍaɛna ḥamlahunna wa man yattaqi Allaha yajɛal lahu min ʼamrihi yusran.
65,5,Ḏalika ʼamru Allahi ʼanzalahu ʼilaykum wa man yattaqi Allaha yukaffir ɛanhu sayyiʼatihi wa yuɛḏ̣im lahu ʼajran.
65,6,ʼaskinuhunna min ḥayṯu sakantum min wujdikum wa la tuḍarruhunna lituḍayyiqu ɛalayhinna wa ʼin kunna ʼulati ḥamlin faʼanfiqu ɛalayhinna ḥatta yaḍaɛna ḥamlahunna faʼin ʼarḍaɛna lakum faʼatuhunna ʼujurahunna wa ʼtamiru baynakum bimaɛrufin wa ʼin taɛasartum fasaturḍiɛu lahu ʼuxra.
65,7,Liyunfiq ḏu saɛatin min saɛatihi wa man qudira ɛalayhi rizquhu falyunfiq mimma ʼatahu Allahu la yukallifu Allahu nafsan ʼilla ma ʼataha sayajɛalu Allahu baɛda ɛusrin yusran.
65,8,Wa kaʼayyin min qaryatin ɛatat ɛan ʼamri rabbiha wa rusulihi faḥasabnaha ḥisaban cadidan wa ɛaḏḏabnaha ɛaḏaban nukran.
65,9,Faḏaqat wabala ʼamriha wa kana ɛaqibatu ʼamriha xusran.
65,10,ʼaɛadda Allahu lahum ɛaḏaban cadidan fa attaqu Allaha ya ʼuli al-ʼalbabi al-laḏina ʼamanu qad ʼanzala Allahu ʼilaykum ḏikran.
65,11,Rasulan yatlu ɛalaykum ʼayati Allahi mubayyinatin liyuxrija al-laḏina ʼamanu wa ɛamilu aṣ-ṣaliḥati mina aḏ̣-ḏ̣ulumati ʼila an-nur wa man yuʼmin Billahi wa yaɛmal ṣaliḥan yudxilhu jannatin tajri min taḥtiha al-ʼanharu xalidina fiha ʼabadan qad ʼaḥsana Allahu lahu rizqan.
65,12,Allahu al-laḏi xalaqa sabɛa samawatin wa mina al-ʼarḍi miṯlahunna yatanazzalu al-ʼamru baynahunna litaɛlamu ʼanna Allaha ɛala kulli cayʼin qadirun wa ʼanna Allaha qad ʼaḥaṭa bikulli cayʼin ɛilman.
66,1,Ya ʼayyuha an-nabiyu lima tuḥarrimu ma ʼaḥalla Allahu laka tabtaɣi marḍata ʼazwajika wa Allahu ɣafurun raḥimun.
66,2,Qad faraḍa Allahu lakum taḥillata ʼaymanikum wa Allahu mawlakum wa huwa al-ɛalimu al-ḥakim.
66,3,Wa ʼiḏ ʼasarra an-nabiyu ʼila baɛḍi ʼazwajihi ḥadiṯan falamma nabbaʼat bihi wa ʼaḏ̣harahu Allahu ɛalayhi ɛarrafa baɛḍahu wa ʼaɛraḍa ɛan baɛḍin falamma nabbaʼaha bihi qalat man ʼanbaʼaka haḏa qala nabbaʼani al-ɛalimu al-xabir.
66,4,ʼin tatuba ʼila Allahi faqad ṣaɣat qulubukuma wa ʼin taḏ̣ahara ɛalayhi faʼinna Allaha huwa mawlahu wa jibrilu wa ṣaliḥu al-muʼminina wa al-malaʼikatu baɛda ḏalika ḏ̣ahirun.
66,5,Ɛasa rabbuhu ʼin ṭallaqakunna ʼan yubdilahu ʼazwajan xayran minkunna muslimatin muʼminatin qanitatin taʼibatin ɛabidatin saʼiḥatin ṯayyibatin wa ʼabkaran.
66,6,Ya ʼayyuha al-laḏina ʼamanu qu ʼanfusakum wa ʼahlikum naran waquduha an-nasu wa al-ḥijaratu ɛalayha malaʼikatun ɣilaḏ̣un cidadun la yaɛṣuna Allaha ma ʼamarahum wa yafɛaluna ma yuʼmarun.
66,7,Ya ʼayyuha al-laḏina kafaru la taɛtaḏiru al-yawma ʼinnama tujzawna ma kuntum taɛmalun.
66,8,Ya ʼayyuha al-laḏina ʼamanu tubu ʼila Allahi tawbatan naṣuḥan ɛasa rabbukum ʼan yukaffira ɛankum sayyiʼatikum wa yudxilakum jannatin tajri min taḥtiha al-ʼanharu yawma la yuxzi Allahu an-nabiya wa al-laḏina ʼamanu maɛahu nuruhum yasɛa bayna ʼaydihim wa biʼaymanihim yaquluna rabbana ʼatmim lana nurana wa aɣfir lana ʼinnaka ɛala kulli cayʼin qadirun.
66,9,Ya ʼayyuha an-nabiyu jahidi al-kuffara wa al-munafiqina wa aɣluḏ̣ ɛalayhim wa maʼwahum jahannamu wa biʼsa al-maṣir.
66,10,Ḍaraba Allahu maṯalan lillaḏina kafaru aimraʼata nuḥin wa aimraʼata luṭin kanata taḥta ɛabdayni min ɛibadina ṣaliḥayni faxanatahuma falam yuɣniya ɛanhuma mina Allahi cayʼan wa qila adxula an-nara maɛa ad-daxilin.
66,11,Wa ḍaraba Allahu maṯalan lillaḏina ʼamanu aimraʼata firɛawna ʼiḏ qalat rabbi abni li ɛindaka baytan fi al-jannati wa najjini min firɛawna wa ɛamalihi wa najjini mina al-qawmi aḏ̣-ḏ̣alimin.
66,12,Wa maryama abnata ɛimrana allati ʼaḥṣanat farjaha fanafaxna fihi min ruḥina wa ṣaddaqat bikalimati rabbiha wa kutubihi wa kanat mina al-qanitin.
67,1,Tabaraka al-laḏi biyadihi al-mulku wa huwa ɛala kulli cayʼin qadirun.
67,2,Al-laḏi xalaqa al-mawta wa al-ḥayata liyabluwakum ʼayyukum ʼaḥsanu ɛamalan wa huwa al-ɛazizu al-ɣafur.
67,3,Al-laḏi xalaqa sabɛa samawatin ṭibaqan ma tara fi xalqi ar-raḥmani min tafawutin farjiɛ al-baṣara hal tara min fuṭur.
67,4,Ṯumma arjiɛ al-baṣara karratayni yanqalib ʼilayka al-baṣaru xasiʼan wa huwa ḥasirun.
67,5,Wa laqad zayyanna as-samaʼa ad-dunya bimaṣabiḥa wa jaɛalnaha rujuman lilccayaṭini wa ʼaɛtadna lahum ɛaḏaba as-saɛir.
67,6,Wa lillaḏina kafaru birabbihim ɛaḏabu jahannama wa biʼsa al-maṣir.
67,7,ʼiḏa ʼulqu fiha samiɛu laha cahiqan wa hiya tafur.
67,8,Takadu tamayyazu mina al-ɣayḏ̣i kullama ʼulqiya fiha fawjun saʼalahum xazanatuha ʼalam yaʼtikum naḏirun.
67,9,Qalu bala qad jaʼana naḏirun fakaḏḏabna wa qulna ma nazzala Allahu min cayʼin ʼin ʼantum ʼilla fi ḍalalin kabirin.
67,10,Wa qalu law kunna nasmaɛu ʼaw naɛqilu ma kunna fi ʼaṣḥabi as-saɛir.
67,11,Faɛtarafu biḏanbihim fasuḥqan liʼṣḥabi as-saɛir.
67,12,ʼinna al-laḏina yaxcawna rabbahum bil-ɣaybi lahum maɣfiratun wa ʼajrun kabirun.
67,13,Wa ʼasirru qawlakum ʼaw ajharu bihi ʼinnahu ɛalimun biḏati aṣ-ṣudur.
67,14,ʼala yaɛlamu man xalaqa wa huwa al-laṭifu al-xabir.
67,15,Huwa al-laḏi jaɛala lakum al-ʼarḍa ḏalulan famcu fi manakibiha wa kulu min rizqihi wa ʼilayhi an-nucur.
67,16,ʼaʼamintum man fi as-samaʼi ʼan yaxsifa bikum al-ʼarḍa faʼiḏa hiya tamur.
67,17,ʼam ʼamintum man fi as-samaʼi ʼan yursila ɛalaykum ḥaṣiban fasataɛlamuna kayfa naḏir.
67,18,Wa laqad kaḏḏaba al-laḏina min qablihim fakayfa kana nakir.
67,19,ʼawalam yaraw ʼila aṭ-ṭayri fawqahum ṣaffatin wa yaqbiḍna ma yumsikuhunna ʼilla ar-raḥmanu ʼinnahu bikulli cayʼin baṣirun.
67,20,ʼamman haḏa al-laḏi huwa jundun lakum yanṣurukum min duni ar-raḥmani ʼin al-kafiruna ʼilla fi ɣururin.
67,21,ʼamman haḏa al-laḏi yarzuqukum ʼin ʼamsaka rizqahu bal lajju fi ɛutuwin wa nufurin.
67,22,ʼafaman yamci mukibban ɛala wajhihi ʼahda ʼamman yamci sawiyan ɛala ṣiraṭin mustaqimin.
67,23,Qul huwa al-laḏi ʼancaʼakum wa jaɛala lakum as-samɛa wa al-ʼabṣara wa al-ʼafʼidata qalilan ma tackurun.
67,24,Qul huwa al-laḏi ḏaraʼakum fi al-ʼarḍi wa ʼilayhi tuḥcarun.
67,25,Wa yaquluna mata haḏa al-waɛdu ʼin kuntum ṣadiqin.
67,26,Qul ʼinnama al-ɛilmu ɛinda Allahi wa ʼinnama ʼana naḏirun mubinun.
67,27,Falamma raʼawhu zulfatan siʼat wujuhu al-laḏina kafaru wa qila haḏa al-laḏi kuntum bihi taddaɛun.
67,28,Qul ʼaraʼaytum ʼin ʼahlakani Allahu wa man maɛi ʼaw raḥimana faman yujiru al-kafirina min ɛaḏabin ʼalimin.
67,29,Qul huwa ar-raḥmanu ʼamanna bihi wa ɛalayhi tawakkalna fasataɛlamuna man huwa fi ḍalalin mubinin.
67,30,Qul ʼaraʼaytum ʼin ʼaṣbaḥa maʼuukum ɣawran faman yaʼtikum bimaʼin maɛinin.
68,1,Nun wa al-qalami wa ma yasṭurun.
68,2,Ma ʼanta biniɛmati rabbika bimajnunin.
68,3,Wa ʼinna laka laʼajran ɣayra mamnunin.
68,4,Wa ʼinnaka laɛala xuluqin ɛaḏ̣imin.
68,5,Fasatubṣiru wa yubṣirun.
68,6,Biʼayyikum al-maftun.
68,7,ʼinna rabbaka huwa ʼaɛlamu biman ḍalla ɛan sabilihi wa huwa ʼaɛlamu bil-muhtadin.
68,8,Fala tuṭiɛ al-mukaḏḏibin.
68,9,Wa ddu law tud/hinu fayud/hinun.
68,10,Wa la tuṭiɛ kulla ḥallafin mahinin.
68,11,Hammazin maccaʼin binamimin.
68,12,Mannaɛin lilxayri muɛtadin ʼaṯimin.
68,13,Ɛutullin baɛda ḏalika zanimin.
68,14,ʼan kana ḏa malin wa banin.
68,15,ʼiḏa tutla ɛalayhi ʼayatuna qala ʼasaṭiru al-ʼawwalin.
68,16,Sanasimuhu ɛala al-xurṭum.
68,17,ʼinna balawnahum kama balawna ʼaṣḥaba al-jannati ʼiḏ ʼaqsamu layaṣrimunnaha muṣbiḥin.
68,18,Wa la yastaṯnun.
68,19,Faṭafa ɛalayha ṭaʼifun min rabbika wa hum naʼimun.
68,20,Faʼaṣbaḥat kalṣṣarim.
68,21,Fatanadaw muṣbiḥin.
68,22,ʼan aɣdu ɛala ḥarṯikum ʼin kuntum ṣarimin.
68,23,Fanṭalaqu wa hum yataxafatun.
68,24,ʼan la yadxulannaha al-yawma ɛalaykum miskinun.
68,25,Waɣadaw ɛala ḥardin qadirin.
68,26,Falamma raʼawha qalu ʼinna laḍallun.
68,27,Bal naḥnu maḥrumun.
68,28,Qala ʼawsaṭuhum ʼalam ʼaqul lakum lawla tusabbiḥun.
68,29,Qalu subḥana rabbina ʼinna kunna ḏ̣alimin.
68,30,Faʼaqbala baɛḍuhum ɛala baɛḍin yatalawamun.
68,31,Qalu ya waylana ʼinna kunna ṭaɣin.
68,32,Ɛasa rabbuna ʼan yubdilana xayran minha ʼinna ʼila rabbina raɣibun.
68,33,Kaḏalika al-ɛaḏabu wa laɛaḏabu al-ʼaxirati ʼakbaru law kanu yaɛlamun.
68,34,ʼinna lilmuttaqina ɛinda rabbihim jannati an-naɛim.
68,35,ʼafanajɛalu al-muslimina kalmujrimin.
68,36,Ma lakum kayfa taḥkumun.
68,37,ʼam lakum kitabun fihi tadrusun.
68,38,ʼinna lakum fihi lama yataxayyarun.
68,39,ʼam lakum ʼaymanun ɛalayna baliɣatun ʼila yawmi al-qiyamati ʼinna lakum lama taḥkumun.
68,40,Salhum ʼayyuhum biḏalika zaɛimun.
68,41,ʼam lahum curakaʼu falyaʼtu bicurakaʼihim ʼin kanu ṣadiqin.
68,42,Yawma yukcafu ɛan saqin wa yudɛawna ʼila as-sujudi fala yastaṭiɛun.
68,43,Xaciɛatan ʼabṣaruhum tarhaquhum ḏillatun wa qad kanu yudɛawna ʼila as-sujudi wa hum salimun.
68,44,Faḏarni wa man yukaḏḏibu bihaḏa al-ḥadiṯi sanastadrijuhum min ḥayṯu la yaɛlamun.
68,45,Wa ʼumli lahum ʼinna kaydi matinun.
68,46,ʼam tasʼaluhum ʼajran fahum min maɣramin muṯqalun.
68,47,ʼam ɛindahum al-ɣaybu fahum yaktubun.
68,48,Faṣbir liḥukmi rabbika wa la takun kaṣaḥibi al-ḥuti ʼiḏ nada wa huwa makḏ̣umun.
68,49,Lawla ʼan tadarakahu niɛmatun min rabbihi lanubiḏa bil-ɛaraʼi wa huwa maḏmumun.
68,50,Fajtabahu rabbuhu fajaɛalahu mina aṣ-ṣaliḥin.
68,51,Wa ʼin yakadu al-laḏina kafaru layuzliqunaka biʼabṣarihim lamma samiɛu aḏ-ḏikra wa yaquluna ʼinnahu lamajnunun.
68,52,Wa ma huwa ʼilla ḏikrun lilɛalamin.
69,1,Al-ḥaqqat.
69,2,Ma al-ḥaqqat.
69,3,Wa ma ʼadraka ma al-ḥaqqat.
69,4,Kaḏḏabat ṯamudu wa ɛadun bil-qariɛat.
69,5,Faʼamma ṯamudu faʼuhliku biṭ-ṭaɣiyat.
69,6,Wa ʼamma ɛadun faʼuhliku biriḥin ṣarṣarin ɛatiyatin.
69,7,Saxxaraha ɛalayhim sabɛa layalin wa ṯamaniyata ʼayyamin ḥusuman fatara al-qawma fiha ṣarɛa kaʼannahum ʼaɛjazu naxlin xawiyatin.
69,8,Fahal tara lahum min baqiyatin.
69,9,Wa jaʼa firɛawnu wa man qablahu wa al-muʼtafikatu bil-xaṭiʼat.
69,10,Faɛaṣaw rasula rabbihim faʼaxaḏahum ʼaxḏatan rabiyatan.
69,11,ʼinna lamma ṭaɣa al-maʼu ḥamalnakum fi al-jariyat.
69,12,Linajɛalaha lakum taḏkiratan wa taɛiyaha ʼuḏunun waɛiyatun.
69,13,Faʼiḏa nufixa fi aṣ-ṣuri nafxatun waḥidatun.
69,14,Wa ḥumilat al-ʼarḍu wa al-jibalu fadukkata dakkatan waḥidatan.
69,15,Fayawmaʼiḏin waqaɛat al-waqiɛat.
69,16,Wa ancaqqat as-samaʼu fahiya yawmaʼiḏin wa ahiyatun.
69,17,Wa al-malaku ɛala ʼarjaʼiha wa yaḥmilu ɛarca rabbika fawqahum yawmaʼiḏin ṯamaniyatun.
69,18,Yawmaʼiḏin tuɛraḍuna la taxfa minkum xafiyatun.
69,19,Faʼamma man ʼutiya kitabahu biyaminihi fayaqulu haʼuum aqraʼu kitab.
69,20,ʼinni ḏ̣anantu ʼanni mulaqin ḥisabiyah.
69,21,Fahuwa fi ɛicatin raḍiyatin.
69,22,Fi jannatin ɛaliyatin.
69,23,Quṭufuha daniyatun.
69,24,Kulu wa acrabu haniʼan bima ʼaslaftum fi al-ʼayyami al-xaliyat.
69,25,Wa ʼamma man ʼutiya kitabahu bicimalihi fayaqulu ya laytani lam ʼuta kitabih.
69,26,Wa lam ʼadri ma ḥisabih.
69,27,Ya laytaha kanat al-qaḍiyat.
69,28,Ma ʼaɣna ɛanni malih.
69,29,Halaka ɛanni sulṭanih.
69,30,Xuḏuhu faɣulluh.
69,31,Ṯumma al-jaḥima ṣalluh.
69,32,Ṯumma fi silsilatin ḏarɛuha sabɛuna ḏiraɛan faslukuh.
69,33,ʼinnahu kana la yuʼminu Billahi al-ɛaḏ̣im.
69,34,Wa la yaḥuḍḍu ɛala ṭaɛami al-miskin.
69,35,Falaysa lahu al-yawma hahuna ḥamimun.
69,36,Wa la ṭaɛamun ʼilla min ɣislinin.
69,37,La yaʼkuluhu ʼilla al-xaṭiʼun.
69,38,Fala ʼuqsimu bima tubṣirun.
69,39,Wa ma la tubṣirun.
69,40,ʼinnahu laqawlu rasulin karimin.
69,41,Wa ma huwa biqawli caɛirin qalilan ma tuʼminun.
69,42,Wa la biqawli kahinin qalilan ma taḏakkarun.
69,43,Tanzilun min rabbi al-ɛalamin.
69,44,Wa law taqawwala ɛalayna baɛḍa al-ʼaqawil.
69,45,Laʼaxaḏna minhu bil-yamin.
69,46,Ṯumma laqaṭaɛna minhu al-watin.
69,47,Fama minkum min ʼaḥadin ɛanhu ḥajizin.
69,48,Wa ʼinnahu lataḏkiratun lilmuttaqin.
69,49,Wa ʼinna lanaɛlamu ʼanna minkum mukaḏḏibin.
69,50,Wa ʼinnahu laḥasratun ɛala al-kafirin.
69,51,Wa ʼinnahu laḥaqqu al-yaqin.
69,52,Fasabbiḥ biasmi rabbika al-ɛaḏ̣im.
70,1,Saʼala saʼilun biɛaḏabin waqiɛin.
70,2,Lilkafiryna laysa lahu dafiɛun.
70,3,Mina Allahi ḏi al-maɛarij.
70,4,Taɛruju al-malaʼikatu wa ar-ruḥu ʼilayhi fi yawmin kana miqdaruhu xamsina ʼalfa sanatin.
70,5,Faṣbir ṣabran jamilan.
70,6,ʼinnahum yarawnahu baɛidan.
70,7,Wa narahu qariban.
70,8,Yawma takunu as-samaʼu kalmuhl.
70,9,Wa takunu al-jibalu kalɛihn.
70,10,Wa la yasʼalu ḥamimun ḥamiman.
70,11,Yubaṣṣarunahum yawaddu al-mujrimu law yaftadi min ɛaḏabi yawmiʼiḏin bibanih.
70,12,Wa ṣaḥibatihi wa ʼaxih.
70,13,Wa faṣilatihi allati tuʼwyh.
70,14,Wa man fi al-ʼarḍi jamiɛan ṯumma yunjih.
70,15,Kalla ʼinnaha laḏ̣a.
70,16,Nazzaɛatan lilccawa.
70,17,Tadɛu man ʼadbara wa tawalla.
70,18,Wa jamaɛa faʼawɛa.
70,19,ʼinna al-ʼinsana xuliqa haluɛan.
70,20,ʼiḏa massahu ac-carru jazuɛan.
70,21,Wa ʼiḏa massahu al-xayru manuɛan.
70,22,ʼilla al-muṣallin.
70,23,Al-laḏina hum ɛala ṣalatihim daʼimun.
70,24,Wa al-laḏina fi ʼamwalihim ḥaqqun maɛlumun.
70,25,Lilssaʼili wa al-maḥrum.
70,26,Wa al-laḏina yuṣaddiquna biyawmi ad-din.
70,27,Wa al-laḏina hum min ɛaḏabi rabbihim mucfiqun.
70,28,ʼinna ɛaḏaba rabbihim ɣayru maʼmunin.
70,29,Wa al-laḏina hum lifurujihim ḥafiḏ̣un.
70,30,ʼilla ɛala ʼazwajihim ʼaw ma malakat ʼaymanuhum faʼinnahum ɣayru malumin.
70,31,Faman abtaɣa waraʼa ḏalika faʼulaʼika hum al-ɛadun.
70,32,Wa al-laḏina hum liʼmanatihim wa ɛahdihim raɛun.
70,33,Wa al-laḏina hum bicahadatihim qaʼimun.
70,34,Wa al-laḏina hum ɛala ṣalatihim yuḥafiḏ̣un.
70,35,ʼulaʼika fi jannatin mukramun.
70,36,Famali al-laḏina kafaru qibalaka muhṭiɛin.
70,37,Ɛan al-yamini wa ɛan ac-cimali ɛizin.
70,38,ʼayaṭmaɛu kullu amriʼin minhum ʼan yudxala jannata naɛimin.
70,39,Kalla ʼinna xalaqnahum mimma yaɛlamun.
70,40,Fala ʼuqsimu birabbi al-macariqi wa al-maɣaribi ʼinna laqadirun.
70,41,Ɛala ʼan nubaddila xayran minhum wa ma naḥnu bimasbuqin.
70,42,Faḏarhum yaxuḍu wa yalɛabu ḥatta yulaqu yawmahum al-laḏi yuɛadun.
70,43,Yawma yaxrujuna mina al-ʼajdaṯi siraɛan kaʼannahum ʼila nuṣubin yufiḍun.
70,44,Xaciɛatan ʼabṣaruhum tarhaquhum ḏillatun ḏalika al-yawmu al-laḏi kanu yuɛadun.
71,1,ʼinna ʼarsalna nuḥan ʼila qawmihi ʼan ʼanḏir qawmaka min qabli ʼan yaʼtiyahum ɛaḏabun ʼalimun.
71,2,Qala ya qawmi ʼinni lakum naḏirun mubinun.
71,3,ʼan aɛbudu Allaha wa attaquhu wa ʼaṭiɛun.
71,4,Yaɣfir lakum min ḏunubikum wa yuʼaxxirkum ʼila ʼajalin musamman ʼinna ʼajala Allahi ʼiḏa jaʼa la yuʼaxxaru law kuntum taɛlamun.
71,5,Qala rabbi ʼinni daɛawtu qawmi laylan wa naharan.
71,6,Falam yazid/hum duɛaʼi ʼilla firaran.
71,7,Wa ʼinni kullama daɛawtuhum litaɣfira lahum jaɛalu ʼaṣabiɛahum fi ʼaḏanihim wa astaɣcaw ṯiyabahum wa ʼaṣarru wa astakbaru astikbaran.
71,8,Ṯumma ʼinni daɛawtuhum jiharan.
71,9,Ṯumma ʼinni ʼaɛlantu lahum wa ʼasrartu lahum ʼisraran.
71,10,Faqultu astaɣfiru rabbakum ʼinnahu kana ɣaffaran.
71,11,Yursil as-samaʼa ɛalaykum midraran.
71,12,Wa yumdidkum biʼamwalin wa banina wa yajɛal lakum jannatin wa yajɛal lakum ʼanharan.
71,13,Ma lakum la tarjuna Lillahi waqaran.
71,14,Wa qad xalaqakum ʼaṭwaran.
71,15,ʼalam taraw kayfa xalaqa Allahu sabɛa samawatin ṭibaqan.
71,16,Wa jaɛala al-qamara fihinna nuran wa jaɛala ac-camsa sirajan.
71,17,Wa Allahu ʼanbatakum mina al-ʼarḍi nabatan.
71,18,Ṯumma yuɛidukum fiha wa yuxrijukum ʼixrajan.
71,19,Wa Allahu jaɛala lakum al-ʼarḍa bisaṭan.
71,20,Litasluku minha subulan fijajan.
71,21,Qala nuḥun rabbi ʼinnahum ɛaṣawni wa attabaɛu man lam yazid/hu maluhu wa waladuhu ʼilla xasaran.
71,22,Wa makaru makran kubbaran.
71,23,Wa qalu la taḏarunna ʼalihatakum wa la taḏarunna waddan wa la suwaɛan wa la yaɣuṯa wa yaɛuqa wa nasran.
71,24,Wa qad ʼaḍallu kaṯiran wa la tazid aḏ̣-ḏ̣alimina ʼilla ḍalalan.
71,25,Mimma xaṭiʼatihim ʼuɣriqu faʼudxilu naran falam yajidu lahum min duni Allahi ʼanṣaran.
71,26,Wa qala nuḥun rabbi la taḏar ɛala al-ʼarḍi mina al-kafirina dayyaran.
71,27,ʼinnaka ʼin taḏarhum yuḍillu ɛibadaka wa la yalidu ʼilla fajiran kaffaran.
71,28,Rabbi aɣfir li wa liwalidayya wa liman daxala bayti muʼminan wa lilmuʼminina wa al-muʼminati wa la tazid aḏ̣-ḏ̣alimina ʼilla tabaran.
72,1,Qul ʼuḥiya ʼilayya ʼannahu astamaɛa nafarun mina al-jinni faqalu ʼinna samiɛna qurʼanan ɛajaban.
72,2,Yahdi ʼila ar-rucdi faʼamanna bihi wa lan nucrika birabbina ʼaḥadan.
72,3,Wa ʼannahu taɛala jaddu rabbina ma attaxaḏa ṣaḥibatan wa la waladan.
72,4,Wa ʼannahu kana yaqulu safihuna ɛala Allahi caṭaṭan.
72,5,Wa ʼanna ḏ̣ananna ʼan lan taqula al-ʼinsu wa al-jinnu ɛala Allahi kaḏiban.
72,6,Wa ʼannahu kana rijalun mina al-ʼinsi yaɛuḏuna birijalin mina al-jinni fazaduhum rahaqan.
72,7,Wa ʼannahum ḏ̣annu kama ḏ̣anantum ʼan lan yabɛaṯa Allahu ʼaḥadan.
72,8,Wa ʼanna lamasna as-samaʼa fawajadnaha muliʼat ḥarasan cadidan wa cuhuban.
72,9,Wa ʼanna kunna naqɛudu minha maqaɛida lilssamɛi faman yastamiɛ al-ʼana yajid lahu cihaban raṣadan.
72,10,Wa ʼanna la nadri ʼacarrun ʼurida biman fi al-ʼarḍi ʼam ʼarada bihim rabbuhum racadan.
72,11,Wa ʼanna minna aṣ-ṣaliḥuna wa minna duna ḏalika kunna ṭaraʼiqa qidadan.
72,12,Wa ʼanna ḏ̣ananna ʼan lan nuɛjiza Allaha fi al-ʼarḍi wa lan nuɛjizahu haraban.
72,13,Wa ʼanna lamma samiɛna al-huda ʼamanna bihi faman yuʼmin birabbihi fala yaxafu baxsan wa la rahaqan.
72,14,Wa ʼanna minna al-muslimuna wa minna al-qasiṭuna faman ʼaslama faʼulaʼika taḥarraw racadan.
72,15,Wa ʼamma al-qasiṭuna fakanu lijahannama ḥaṭaban.
72,16,Wa ʼallaw astaqamu ɛala aṭ-ṭariqati lʼasqaynahum maʼan ɣadaqan.
72,17,Linaftinahum fihi wa man yuɛriḍ ɛan ḏikri rabbihi yasluk/hu ɛaḏaban ṣaɛadan.
72,18,Wa ʼanna al-masajida Lillahi fala tadɛu maɛa Allahi ʼaḥadan.
72,19,Wa ʼannahu lamma qama ɛabdu Allahi yadɛuhu kadu yakununa ɛalayhi libadan.
72,20,Qul ʼinnama ʼadɛu rabbi wa la ʼucriku bihi ʼaḥadan.
72,21,Qul ʼinni la ʼamliku lakum ḍarran wa la racadan.
72,22,Qul ʼinni lan yujirani mina Allahi ʼaḥadun wa lan ʼajida min dunihi multaḥadan.
72,23,ʼilla balaɣan mina Allahi wa risalatihi wa man yaɛṣi Allaha wa rasulahu faʼinna lahu nara jahannama xalidina fiha ʼabadan.
72,24,Ḥatta ʼiḏa raʼaw ma yuɛaduna fasayaɛlamuna man ʼaḍɛafu naṣiran wa ʼaqallu ɛadadan.
72,25,Qul ʼin ʼadri ʼaqaribun ma tuɛaduna ʼam yajɛalu lahu rabbi ʼamadan.
72,26,Ɛalimu al-ɣaybi fala yuḏ̣hiru ɛala ɣaybihi ʼaḥadan.
72,27,ʼilla man artaḍa min rasulin faʼinnahu yasluku min bayni yadayhi wa min xalfihi raṣadan.
72,28,Liyaɛlama ʼan qad ʼablaɣu risalati rabbihim wa ʼaḥaṭa bima ladayhim wa ʼaḥṣa kulla cayʼin ɛadadan.
73,1,Ya ʼayyuha al-muzzammil.
73,2,Qum al-layla ʼilla qalilan.
73,3,Niṣfahu ʼaw anquṣ minhu qalilan.
73,4,ʼaw zid ɛalayhi wa rattil al-qurʼana tartilan.
73,5,ʼinna sanulqi ɛalayka qawlan ṯaqilan.
73,6,ʼinna naciʼata al-layli hiya ʼacaddu waṭʼan wa ʼaqwamu qilan.
73,7,ʼinna laka fi alnnahari sabḥan ṭawilan.
73,8,Wa aḏkur asma rabbika wa tabattal ʼilayhi tabtilan.
73,9,Rabbu al-macriqi wa al-maɣribi la ʼilaha ʼilla huwa fa attaxiḏ/hu wa kilan.
73,10,Wa aṣbir ɛala ma yaquluna wa ahjurhum hajran jamilan.
73,11,Wa ḏarni wa al-mukaḏḏibina ʼuli an-naɛmati wa mahhilhum qalilan.
73,12,ʼinna ladayna ʼankalan wa jaḥiman.
73,13,Wa ṭaɛaman ḏa ɣuṣṣatin wa ɛaḏaban ʼaliman.
73,14,Yawma tarjufu al-ʼarḍu wa al-jibalu wa kanat al-jibalu kaṯiban mahilan.
73,15,ʼinna ʼarsalna ʼilaykum rasulan cahidan ɛalaykum kama ʼarsalna ʼila firɛawna rasulan.
73,16,Faɛaṣa firɛawnu ar-rasula faʼaxaḏnahu ʼaxḏan wabilan.
73,17,Fakayfa tattaquna ʼin kafartum yawman yajɛalu al-wildana ciban.
73,18,As-samaʼu munfaṭirun bihi kana waɛduhu mafɛulan.
73,19,ʼinna haḏihi taḏkiratun faman caʼa attaxaḏa ʼila rabbihi sabilan.
73,20,ʼinna rabbaka yaɛlamu ʼannaka taqumu ʼadna min ṯuluṯay al-layli wa niṣfahu wa ṯuluṯahu wa ṭaʼifatun mina al-laḏina maɛaka wa Allahu yuqaddiru al-layla wa an-nahara ɛalima ʼan lan tuḥṣuhu fataba ɛalaykum faqraʼu ma tayassara mina al-qurʼani ɛalima ʼan sayakunu minkum marḍa wa ʼaxaruna yaḍribuna fi al-ʼarḍi yabtaɣuna min faḍli Allahi wa ʼaxaruna yuqatiluna fi sabili Allahi faqraʼu ma tayassara minhu wa ʼaqimu aṣ-ṣalata wa ʼatu az-zakata wa ʼaqriḍu Allaha qarḍan ḥasanan wa ma tuqaddimu liʼnfusikum min xayrin tajiduhu ɛinda Allahi huwa xayran wa ʼaɛḏ̣ama ʼajran wa astaɣfiru Allaha ʼinna Allaha ɣafurun raḥimun.
74,1,Ya ʼayyuha al-muddaṯṯir.
74,2,Qum faʼanḏir.
74,3,Wa rabbaka fakabbir.
74,4,Wa ṯiyabaka faṭahhir.
74,5,Wa ar-rujza fahjur.
74,6,Wa la tamnun tastakṯir.
74,7,Wa lirabbika faṣbir.
74,8,Faʼiḏa nuqira fi an-naqur.
74,9,Faḏalika yawmaʼiḏin yawmun ɛasirun.
74,10,Ɛala al-kafirina ɣayru yasirin.
74,11,Ḏarni wa man xalaqtu waḥidan.
74,12,Wa jaɛaltu lahu malan mamdudan.
74,13,Wa banina cuhudan.
74,14,Wa mahhadtu lahu tamhidan.
74,15,Ṯumma yaṭmaɛu ʼan ʼazid.
74,16,Kalla ʼinnahu kana liʼyatina ɛanidan.
74,17,Saʼurhiquhu ṣaɛudan.
74,18,ʼinnahu fakkara wa qaddar.
74,19,Faqutila kayfa qaddar.
74,20,Ṯumma qutila kayfa qaddar.
74,21,Ṯumma naḏ̣ar.
74,22,Ṯumma ɛabasa wa basar.
74,23,Ṯumma ʼadbara wa astakbar.
74,24,Faqala ʼin haḏa ʼilla siḥrun yuʼṯar.
74,25,ʼin haḏa ʼilla qawlu al-bacar.
74,26,Saʼuṣlihi saqar.
74,27,Wa ma ʼadraka ma saqar.
74,28,La tubqi wa la taḏar.
74,29,Lawwaḥatun lilbacar.
74,30,Ɛalayha tisɛata ɛacar.
74,31,Wa ma jaɛalna ʼaṣḥaba an-nari ʼilla malaʼikatan wa ma jaɛalna ɛiddatahum ʼilla fitnatan lillaḏina kafaru liyastayqina al-laḏina ʼutu al-kitaba wa yazdada al-laḏina ʼamanu ʼimanan wa la yartaba al-laḏina ʼutu al-kitaba wa al-muʼminuna wa liyaqula al-laḏina fi qulubihim maraḍun wa al-kafiruna maḏa ʼarada Allahu bihaḏa maṯalan kaḏalika yuḍillu Allahu man yacaʼu wa yahdi man yacaʼu wa ma yaɛlamu junuda rabbika ʼilla huwa wa ma hiya ʼilla ḏikra lilbacar.
74,32,Kalla wa al-qamar.
74,33,Wa al-layli ʼiḏ ʼadbar.
74,34,Wa aṣ-ṣubḥi ʼiḏa ʼasfar.
74,35,ʼinnaha laʼiḥda al-kubar.
74,36,Naḏiran lilbacar.
74,37,Liman caʼa minkum ʼan yataqaddama ʼaw yataʼaxxar.
74,38,Kullu nafsin bima kasabat rahinatun.
74,39,ʼilla ʼaṣḥaba al-yamin.
74,40,Fi jannatin yatasaʼalun.
74,41,Ɛan al-mujrimin.
74,42,Ma salakakum fi saqar.
74,43,Qalu lam naku mina al-muṣallin.
74,44,Wa lam naku nuṭɛimu al-miskin.
74,45,Wa kunna naxuḍu maɛa al-xaʼiḍin.
74,46,Wa kunna nukaḏḏibu biyawmi ad-din.
74,47,Ḥatta ʼatana al-yaqin.
74,48,Fama tanfaɛuhum cafaɛatu ac-cafiɛin.
74,49,Fama lahum ɛan at-taḏkirati muɛriḍin.
74,50,Kaʼannahum ḥumurun mustanfiratun.
74,51,Farrat min qaswaratin.
74,52,Bal yuridu kullu amriʼin minhum ʼan yuʼta ṣuḥufan munaccaratan.
74,53,Kalla bal la yaxafuna al-ʼaxirat.
74,54,Kalla ʼinnahu taḏkiratun.
74,55,Faman caʼa ḏakarah.
74,56,Wa ma yaḏkuruna ʼilla ʼan yacaʼa Allahu huwa ʼahlu at-taqwa wa ʼahlu al-maɣfirat.
75,1,La ʼuqsimu biyawmi al-qiyamat.
75,2,Wa la ʼuqsimu bin-nafsi al-lawwamat.
75,3,ʼayaḥsabu al-ʼinsanu ʼallan najmaɛa ɛiḏ̣amah.
75,4,Bala qadirina ɛala ʼan nusawwiya bananah.
75,5,Bal yuridu al-ʼinsanu liyafjura ʼamamah.
75,6,Yasʼalu ʼayyana yawmu al-qiyamat.
75,7,Faʼiḏa bariqa al-baṣar.
75,8,Wa xasafa al-qamar.
75,9,Wa jumiɛa ac-camsu wa al-qamar.
75,10,Yaqulu al-ʼinsanu yawmaʼiḏin ʼayna al-mafarr.
75,11,Kalla la wazar.
75,12,ʼila rabbika yawmaʼiḏin al-mustaqarr.
75,13,Yunabbaʼu al-ʼinsanu yawmaʼiḏin bima qaddama wa ʼaxxar.
75,14,Bal al-ʼinsanu ɛala nafsihi baṣiratun.
75,15,Wa law ʼalqa maɛaḏirah.
75,16,La tuḥarrik bihi lisanaka litaɛjala bih.
75,17,ʼinna ɛalayna jamɛahu wa qurʼanah.
75,18,Faʼiḏa qaraʼnahu fa attabiɛ qurʼanah.
75,19,Ṯumma ʼinna ɛalayna bayanah.
75,20,Kalla bal tuḥibbuna al-ɛajilat.
75,21,Wa taḏaruna al-ʼaxirat.
75,22,Wujuhun yawmaʼiḏin naḍiratun.
75,23,ʼila rabbiha naḏ̣iratun.
75,24,Wa wujuhun yawmaʼiḏin basiratun.
75,25,Taḏ̣unnu ʼan yufɛala biha faqiratun.
75,26,Kalla ʼiḏa balaɣat at-taraq.
75,27,Wa qila man raqin.
75,28,Wa ḏ̣anna ʼannahu al-firaq.
75,29,Wa at-taffat as-saqu bis-saq.
75,30,ʼila rabbika yawmaʼiḏin al-masaq.
75,31,Fala ṣaddaqa wa la ṣalla.
75,32,Wa lakin kaḏḏaba wa tawalla.
75,33,Ṯumma ḏahaba ʼila ʼahlihi yatamaṭṭa.
75,34,ʼawla laka faʼawla.
75,35,Ṯumma ʼawla laka faʼawla.
75,36,ʼayaḥsabu al-ʼinsanu ʼan yutraka sudan.
75,37,ʼalam yaku nuṭfatan min maniyin yumna.
75,38,Ṯumma kana ɛalaqatan faxalaqa fasawwa.
75,39,Fajaɛala minhu az-zawjayni aḏ-ḏakara wa al-ʼunṯa.
75,40,ʼalaysa ḏalika biqadirin ɛala ʼan yuḥyiya al-mawta.
76,1,Hal ʼata ɛala al-ʼinsani ḥinun mina ad-dahri lam yakun cayʼan maḏkuran.
76,2,ʼinna xalaqna al-ʼinsana min nuṭfatin ʼamcajin nabtalihi fajaɛalnahu samiɛan baṣiran.
76,3,ʼinna hadaynahu as-sabila ʼimma cakiran wa ʼimma kafuran.
76,4,ʼinna ʼaɛtadna lilkafirina salasilan wa ʼaɣlalan wa saɛiran.
76,5,ʼinna al-ʼabrara yacrabuna min kaʼsin kana mizajuha kafuran.
76,6,Ɛaynan yacrabu biha ɛibadu Allahi yufajjirunaha tafjiran.
76,7,Yufuna bin-naḏri wa yaxafuna yawman kana carruhu mustaṭiran.
76,8,Wa yuṭɛimuna aṭ-ṭaɛama ɛala ḥubbihi miskinan wa yatiman wa ʼasiran.
76,9,ʼinnama nuṭɛimukum liwajhi Allahi la nuridu minkum jazaʼan wa la cukuran.
76,10,ʼinna naxafu min rabbina yawman ɛabusan qamṭariran.
76,11,Fawaqahum Allahu carra ḏalika al-yawmi wa laqqahum naḍratan wa sururan.
76,12,Wa jazahum bima ṣabaru jannatan wa ḥariran.
76,13,Muttakiʼina fiha ɛala al-ʼaraʼiki la yarawna fiha camsan wa la zamhariran.
76,14,Wa daniyatan ɛalayhim ḏ̣ilaluha wa ḏullilat quṭufuha taḏlilan.
76,15,Wa yuṭafu ɛalayhim biʼaniyatin min fiḍḍatin wa ʼakwabin kanat qawarir.
76,16,Qawarira min fiḍḍatin qaddaruha taqdiran.
76,17,Wa yusqawna fiha kaʼsan kana mizajuha zanjabilan.
76,18,Ɛaynan fiha tusamma salsabilan.
76,19,Wa yaṭufu ɛalayhim wildanun muxalladuna ʼiḏa raʼaytahum ḥasibtahum luʼluʼan manṯuran.
76,20,Wa ʼiḏa raʼayta ṯamma raʼayta naɛiman wa mulkan kabiran.
76,21,Ɛaliyahum ṯiyabu sundusin xuḍrun wa ʼistabraqun wa ḥullu ʼasawira min fiḍḍatin wa saqahum rabbuhum caraban ṭahuran.
76,22,ʼinna haḏa kana lakum jazaʼan wa kana saɛyukum mackuran.
76,23,ʼinna naḥnu nazzalna ɛalayka al-qurʼana tanzilan.
76,24,Faṣbir liḥukmi rabbika wa la tuṭiɛ minhum ʼaṯiman ʼaw kafuran.
76,25,Wa aḏkur asma rabbika bukratan wa ʼaṣilan.
76,26,Wa mina al-layli fasjud lahu wa sabbiḥhu laylan ṭawilan.
76,27,ʼinna haʼuulaʼ yuḥibbuna al-ɛajilata wa yaḏaruna waraʼahum yawman ṯaqilan.
76,28,Naḥnu xalaqnahum wa cadadna ʼasrahum wa ʼiḏa ciʼna baddalna ʼamṯalahum tabdilan.
76,29,ʼinna haḏihi taḏkiratun faman caʼa attaxaḏa ʼila rabbihi sabilan.
76,30,Wa ma tacaʼuna ʼilla ʼan yacaʼa Allahu ʼinna Allaha kana ɛaliman ḥakiman.
76,31,Yudxilu man yacaʼu fi raḥmatihi wa aḏ̣-ḏ̣alimina ʼaɛadda lahum ɛaḏaban ʼaliman.
77,1,Wa al-mursalati ɛurfan.
77,2,Falɛaṣifati ɛaṣfan.
77,3,Wa an-nacirati nacran.
77,4,Falfariqati farqan.
77,5,Falmulqiyati ḏikran.
77,6,Ɛuḏran ʼaw nuḏran.
77,7,ʼinnama tuɛaduna lawaqiɛun.
77,8,Faʼiḏa an-nujumu ṭumisat.
77,9,Wa ʼiḏa as-samaʼu furijat.
77,10,Wa ʼiḏa al-jibalu nusifat.
77,11,Wa ʼiḏa ar-rusulu ʼuqqitat.
77,12,Lʼayyi yawmin ʼujjilat.
77,13,Liyawmi al-faṣl.
77,14,Wa ma ʼadraka ma yawmu al-faṣl.
77,15,Waylun yawmaʼiḏin lilmukaḏḏibin.
77,16,ʼalam nuhlik al-ʼawwalin.
77,17,Ṯumma nutbiɛuhum al-ʼaxirin.
77,18,Kaḏalika nafɛalu bil-mujrimin.
77,19,Waylun yawmaʼiḏin lilmukaḏḏibin.
77,20,ʼalam naxluqkum min maʼin mahinin.
77,21,Fajaɛalnahu fi qararin makinin.
77,22,ʼila qadarin maɛlumin.
77,23,Faqadarna faniɛma al-qadirun.
77,24,Waylun yawmaʼiḏin lilmukaḏḏibin.
77,25,ʼalam najɛal al-ʼarḍa kifatan.
77,26,ʼaḥyaʼan wa ʼamwatan.
77,27,Wa jaɛalna fiha rawasiya camixatin wa ʼasqaynakum maʼan furatan.
77,28,Waylun yawmaʼiḏin lilmukaḏḏibin.
77,29,Anṭaliqu ʼila ma kuntum bihi tukaḏḏibun.
77,30,Anṭaliqu ʼila ḏ̣illin ḏi ṯalaṯi cuɛabin.
77,31,La ḏ̣alilin wa la yuɣni mina al-lahab.
77,32,ʼinnaha tarmi bicararin kalqaṣr.
77,33,Kaʼannahu jimalatun ṣufrun.
77,34,Waylun yawmaʼiḏin lilmukaḏḏibin.
77,35,Haḏa yawmu la yanṭiqun.
77,36,Wa la yuʼḏanu lahum fayaɛtaḏirun.
77,37,Waylun yawmaʼiḏin lilmukaḏḏibin.
77,38,Haḏa yawmu al-faṣli jamaɛnakum wa al-ʼawwalin.
77,39,Faʼin kana lakum kaydun fakidun.
77,40,Waylun yawmaʼiḏin lilmukaḏḏibin.
77,41,ʼinna al-muttaqina fi ḏ̣ilalin wa ɛuyunin.
77,42,Wa fawakiha mimma yactahun.
77,43,Kulu wa acrabu haniʼan bima kuntum taɛmalun.
77,44,ʼinna kaḏalika najzi al-muḥsinyn.
77,45,Waylun yawmaʼiḏin lilmukaḏḏibin.
77,46,Kulu wa tamattaɛu qalilan ʼinnakum mujrimun.
77,47,Waylun yawmaʼiḏin lilmukaḏḏibin.
77,48,Wa ʼiḏa qila lahum arkaɛu la yarkaɛun.
77,49,Waylun yawmaʼiḏin lilmukaḏḏibin.
77,50,Fabiʼayyi ḥadiṯin baɛdahu yuʼminun.
78,1,Ɛamma yatasaʼalun.
78,2,Ɛan an-nabaʼi al-ɛaḏ̣im.
78,3,Al-laḏi hum fihi muxtalifun.
78,4,Kalla sayaɛlamun.
78,5,Ṯumma kalla sayaɛlamun.
78,6,ʼalam najɛali al-ʼarḍa mihadan.
78,7,Wa al-jibala ʼawtadan.
78,8,Wa xalaqnakum ʼazwajan.
78,9,Wa jaɛalna nawmakum subatan.
78,10,Wa jaɛalna al-layla libasan.
78,11,Wa jaɛalna an-nahara maɛacan.
78,12,Wa banayna fawqakum sabɛan cidadan.
78,13,Wa jaɛalna sirajan wa hhajan.
78,14,Wa ʼanzalna mina al-muɛṣirati maʼan ṯajjajan.
78,15,Linuxrija bihi ḥabban wa nabatan.
78,16,Wa jannatin ʼalfafan.
78,17,ʼinna yawma al-faṣli kana miqatan.
78,18,Yawma yunfaxu fi aṣ-ṣuri fataʼtuna ʼafwajan.
78,19,Wa futiḥati as-samaʼu fakanat ʼabwaban.
78,20,Wa suyyirati al-jibalu fakanat saraban.
78,21,ʼinna jahannama kanat mirṣadan.
78,22,Lilṭṭaɣina maʼaban.
78,23,Labiṯina fiha ʼaḥqaban.
78,24,La yaḏuquna fiha bardan wa la caraban.
78,25,ʼilla ḥamiman wa ɣassaqan.
78,26,Jazaʼan wifaqan.
78,27,ʼinnahum kanu la yarjuna ḥisaban.
78,28,Wa kaḏḏabu biʼayatina kiḏḏaban.
78,29,Wa kulla cayʼin ʼaḥṣaynahu kitaban.
78,30,Faḏuqu falan nazidakum ʼilla ɛaḏaban.
78,31,ʼinna lilmuttaqina mafazan.
78,32,Ḥadaʼiqa wa ʼaɛnaban.
78,33,Wa kawaɛiba ʼatraban.
78,34,Wa kaʼsan dihaqan.
78,35,La yasmaɛuna fiha laɣwan wa la kiḏḏaban.
78,36,Jazaʼan min rabbika ɛaṭaʼan ḥisaban.
78,37,Rabbi as-samawati wa al-ʼarḍi wa ma baynahuma ar-raḥmani la yamlikuna minhu xiṭaban.
78,38,Yawma yaqumu ar-ruḥu wa al-malaʼikatu ṣaffan la yatakallamuna ʼilla man ʼaḏina lahu ar-raḥmanu wa qala ṣawaban.
78,39,Ḏalika al-yawmu al-ḥaqqu faman caʼa attaxaḏa ʼila rabbihi maʼaban.
78,40,ʼinna ʼanḏarnakum ɛaḏaban qariban yawma yanḏ̣uru al-marʼu ma qaddamat yadahu wa yaqulu al-kafiru ya laytani kuntu turaban.
79,1,Wa an-naziɛati ɣarqan.
79,2,Wa an-naciṭati nacṭan.
79,3,Wa as-sabiḥati sabḥan.
79,4,Falssabiqati sabqan.
79,5,Falmudabbirati ʼamran.
79,6,Yawma tarjufu ar-rajifat.
79,7,Tatbaɛuha ar-radifat.
79,8,Qulubun yawmaʼiḏin wajifatun.
79,9,ʼabṣaruha xaciɛatun.
79,10,Yaquluna ʼaʼinna lamarduduna fi al-ḥafirat.
79,11,ʼaʼiḏa kunna ɛiḏ̣aman naxiratan.
79,12,Qalu tilka ʼiḏan karratun xasiratun.
79,13,Faʼinnama hiya zajratun waḥidatun.
79,14,Faʼiḏa hum bis-sahirat.
79,15,Hal ʼtaka ḥadiṯu musa.
79,16,ʼiḏ nadahu rabbuhu bil-wadi al-muqaddasi ṭuwan.
79,17,Aḏ/hab ʼila firɛawna ʼinnahu ṭaɣa.
79,18,Faqul hal laka ʼila ʼan tazakka.
79,19,Wa ʼahdiyaka ʼila rabbika fataxca.
79,20,Faʼarahu al-ʼayata al-kubra.
79,21,Fakaḏḏaba wa ɛaṣa.
79,22,Ṯumma ʼadbara yasɛa.
79,23,Faḥacara fanada.
79,24,Faqala ʼana rabbukumu al-ʼaɛla.
79,25,Faʼaxaḏahu Allahu nakala al-ʼaxirati wa al-ʼula.
79,26,ʼinna fi ḏalika laɛibratan liman yaxca.
79,27,ʼaʼantum ʼacaddu xalqan ʼami as-samaʼu banah.
79,28,Rafaɛa samkaha fasawwah.
79,29,Wa ʼaɣṭaca laylaha wa ʼaxraja ḍuḥah.
79,30,Wa al-ʼarḍa baɛda ḏalika daḥah.
79,31,ʼaxraja minha maʼaha wa marɛah.
79,32,Wa al-jibala ʼarsah.
79,33,Mataɛan lakum wa liʼanɛamikum.
79,34,Faʼiḏa jaʼati aṭ-ṭammatu al-kubra.
79,35,Yawma yataḏakkaru al-ʼinsanu ma saɛa.
79,36,Wa burrizati al-jaḥimu liman yara.
79,37,Faʼamma man ṭaɣa.
79,38,Wa ʼaṯara al-ḥayata ad-duny.
79,39,Faʼinna al-jaḥima hiya al-maʼwa.
79,40,Wa ʼamma man xafa maqama rabbihi wa naha an-nafsa ɛani al-hawa.
79,41,Faʼinna al-jannata hiya al-maʼwa.
79,42,Yasʼalunaka ɛani as-saɛati ʼayyana mursah.
79,43,Fima ʼanta min ḏikrah.
79,44,ʼila rabbika muntahah.
79,45,ʼinnama ʼanta munḏiru man yaxcah.
79,46,Kaʼannahum yawma yarawnaha lam yalbaṯu ʼilla ɛaciyatan ʼaw ḍuḥah.
80,1,Ɛabasa wa tawalla.
80,2,ʼan jaʼahu al-ʼaɛma .
80,3,Wa ma yudrika laɛallahu yazzakka.
80,4,ʼaw yaḏḏakkaru fatanfaɛahu aḏ-ḏikra.
80,5,ʼamma mani astaɣna.
80,6,Faʼanta lahu taṣadda.
80,7,Wa ma ɛalayka ʼalla yazzakka.
80,8,Wa ʼamma man jaʼaka yasɛa.
80,9,Wa huwa yaxca.
80,10,Faʼanta ɛanhu talahha.
80,11,Kalla ʼinnaha taḏkiratun.
80,12,Faman caʼa ḏakarah.
80,13,Fi ṣuḥufin mukarramatin.
80,14,Marfuɛatin muṭahharatin.
80,15,Biʼaydi safaratin.
80,16,Kiramin bararatin.
80,17,Qutila al-ʼinsanu ma ʼakfarah.
80,18,Min ʼayyi cayʼin xalaqah.
80,19,Min nuṭfatin xalaqahu faqaddarah.
80,20,Ṯumma as-sabila yassarah.
80,21,Ṯumma ʼamatahu faʼaqbarah.
80,22,Ṯumma ʼiḏa caʼa ʼancarah.
80,23,Kalla lamma yaqḍi ma ʼamarah.
80,24,Falyanḏ̣uri al-ʼinsanu ʼila ṭaɛamih.
80,25,ʼanna ṣababna al-maʼa ṣabban.
80,26,Ṯumma caqaqna al-ʼarḍa caqqan.
80,27,Faʼanbatna fiha ḥabban.
80,28,Wa ɛinaban wa qaḍban.
80,29,Wa zaytunan wa naxlan.
80,30,Wa ḥadaʼiqa ɣulban.
80,31,Wa fakihatan wa ʼabban.
80,32,Mataɛan lakum wa liʼanɛamikum.
80,33,Faʼiḏa jaʼati aṣ-ṣaxxat.
80,34,Yawma yafirru al-marʼu min ʼaxih.
80,35,Wa ʼummihi wa ʼabih.
80,36,Wa ṣaḥibatihi wa banih.
80,37,Likulli amriʼin minhum yawmaʼiḏin caʼnun yuɣnih.
80,38,Wujuhun yawmaʼiḏin musfiratun.
80,39,Ḍaḥikatun mustabciratun.
80,40,Wa wujuhun yawmaʼiḏin ɛalayha ɣabaratun.
80,41,Tarhaquha qataratun.
80,42,ʼulaʼika humu al-kafaratu al-fajarat.
81,1,ʼiḏa ac-camsu kuwirat.
81,2,Wa ʼiḏa an-nujumu ankadarat.
81,3,Wa ʼiḏa al-jibalu suyyirat.
81,4,Wa ʼiḏa al-ɛicaru ɛuṭṭilat.
81,5,Wa ʼiḏa al-wuḥucu ḥucirat.
81,6,Wa ʼiḏa al-biḥaru sujjirat.
81,7,Wa ʼiḏa an-nufusu zuwijat.
81,8,Wa ʼiḏa al-mawʼudatu suʼilat.
81,9,Biʼayyi ḏanbin qutilat.
81,10,Wa ʼiḏa aṣ-ṣuḥufu nucirat.
81,11,Wa ʼiḏa as-samaʼu kuciṭat.
81,12,Wa ʼiḏa al-jaḥimu suɛɛirat.
81,13,Wa ʼiḏa al-jannatu ʼuzlifat.
81,14,Ɛalimat nafsun ma ʼaḥḍarat.
81,15,Fala ʼuqsimu bil-xunnas.
81,16,Al-jawari al-kunnas.
81,17,Wa al-layli ʼiḏa ɛasɛas.
81,18,Wa aṣ-ṣubḥi ʼiḏa tanaffas.
81,19,ʼinnahu laqawlu rasulin karimin.
81,20,Ḏi quwatin ɛinda ḏi al-ɛarci makinin.
81,21,Muṭaɛin ṯamma ʼaminin.
81,22,Wa ma ṣaḥibukum bimajnunin.
81,23,Wa laqad raʼahu bil-ʼufuqi al-mubin.
81,24,Wa ma huwa ɛala al-ɣaybi biḍaninin.
81,25,Wa ma huwa biqawli cayṭanin rajimin.
81,26,Faʼayna taḏ/habun.
81,27,ʼin huwa ʼilla ḏikrun lilɛalamin.
81,28,Liman caʼa minkum ʼan yastaqim.
81,29,Wa ma tacaʼuna ʼilla ʼan yacaʼa Allahu rabbu al-ɛalamin.
82,1,ʼiḏa as-samaʼu anfaṭarat.
82,2,Wa ʼiḏa al-kawakibu antaṯarat.
82,3,Wa ʼiḏa al-biḥaru fujjirat.
82,4,Wa ʼiḏa al-quburu buɛṯirat.
82,5,Ɛalimat nafsun ma qaddamat wa ʼaxxarat.
82,6,Ya ʼayyuha al-ʼinsanu ma ɣarraka birabbika al-karim.
82,7,Al-laḏi xalaqaka fasawwaka faɛadalak.
82,8,Fi ʼayyi ṣuratin ma caʼa rakkabak.
82,9,Kalla bal tukaḏḏibuna bid-din.
82,10,Wa ʼinna ɛalaykum laḥafiḏ̣in.
82,11,Kiraman katibin.
82,12,Yaɛlamuna ma tafɛalun.
82,13,ʼinna al-ʼabrara lafi naɛimin.
82,14,Wa ʼinna al-fujjara lafi jaḥimin.
82,15,Yaṣlawnaha yawma ad-din.
82,16,Wa ma hum ɛanha biɣaʼibin.
82,17,Wa ma ʼadraka ma yawmu ad-din.
82,18,Ṯumma ma ʼadraka ma yawmu ad-din.
82,19,Yawma la tamliku nafsun linafsin cayʼan wa al-ʼamru yawmaʼiḏin Lillah.
83,1,Waylun lilmuṭaffifin.
83,2,Al-laḏina ʼiḏa aktalu ɛala an-nasi yastawfun.
83,3,Wa ʼiḏa kaluhum ʼaw wazanuhum yuxsirun.
83,4,ʼala yaḏ̣unnu ʼulaʼika ʼannahum mabɛuṯun.
83,5,Liyawmin ɛaḏ̣imin.
83,6,Yawma yaqumu an-nasu lirabbi al-ɛalamin.
83,7,Kalla ʼinna kitaba al-fujjari lafi sijjinin.
83,8,Wa ma ʼadraka ma sijjinun.
83,9,Kitabun marqumun.
83,10,Waylun yawmaʼiḏin lilmukaḏḏibin.
83,11,Al-laḏina yukaḏḏibuna biyawmi ad-din.
83,12,Wa ma yukaḏḏibu bihi ʼilla kullu muɛtadin ʼaṯimin.
83,13,ʼiḏa tutla ɛalayhi ʼayatuna qala ʼasaṭiru al-ʼawwalin.
83,14,Kalla bal rana ɛala qulubihim ma kanu yaksibun.
83,15,Kalla ʼinnahum ɛan rabbihim yawmaʼiḏin lamaḥjubun.
83,16,Ṯumma ʼinnahum laṣalu al-jaḥim.
83,17,Ṯumma yuqalu haḏa al-laḏi kuntum bihi tukaḏḏibun.
83,18,Kalla ʼinna kitaba al-ʼabrari lafi ɛilliyin.
83,19,Wa ma ʼadraka ma ɛilliyun.
83,20,Kitabun marqumun.
83,21,Yac/haduhu al-muqarrabun.
83,22,ʼinna al-ʼabrara lafi naɛimin.
83,23,Ɛala al-ʼaraʼiki yanḏ̣urun.
83,24,Taɛrifu fi wujuhihim naḍrata an-naɛim.
83,25,Yusqawna min raḥiqin maxtumin.
83,26,Xitamuhu miskun wa fi ḏalika falyatanafasi al-mutanafisun.
83,27,Wa mizajuhu min tasnimin.
83,28,Ɛaynan yacrabu biha al-muqarrabun.
83,29,ʼinna al-laḏina ʼajramu kanu mina al-laḏina ʼamanu yaḍḥakun.
83,30,Wa ʼiḏa marru bihim yataɣamazun.
83,31,Wa ʼiḏa anqalabu ʼila ʼahlihimu anqalabu fakihin.
83,32,Wa ʼiḏa raʼawhum qalu ʼinna haʼuulaʼ laḍallun.
83,33,Wa ma ʼursilu ɛalayhim ḥafiḏ̣in.
83,34,Falyawma al-laḏina ʼamanu mina al-kuffari yaḍḥakun.
83,35,Ɛala al-ʼaraʼiki yanḏ̣urun.
83,36,Hal ṯuwiba al-kuffaru ma kanu yafɛalun.
84,1,ʼiḏa as-samaʼu ancaqqat.
84,2,Wa ʼaḏinat lirabbiha wa ḥuqqat.
84,3,Wa ʼiḏa al-ʼarḍu muddat.
84,4,Wa ʼalqat ma fiha wa taxallat.
84,5,Wa ʼaḏinat lirabbiha wa ḥuqqat.
84,6,Ya ʼayyuha al-ʼinsanu ʼinnaka kadiḥun ʼila rabbika kadḥan famulaqih.
84,7,Faʼamma man ʼutiya kitabahu biyaminih.
84,8,Fasawfa yuḥasabu ḥisaban yasiran.
84,9,Wa yanqalibu ʼila ʼahlihi masruran.
84,10,Wa ʼamma man ʼutiya kitabahu waraʼa ḏ̣ahrih.
84,11,Fasawfa yadɛu ṯuburan.
84,12,Wa yaṣla saɛiran.
84,13,ʼinnahu kana fi ʼahlihi masruran.
84,14,ʼinnahu ḏ̣anna ʼan lan yaḥur.
84,15,Bala ʼinna rabbahu kana bihi baṣiran.
84,16,Fala ʼuqsimu bic-cafaq.
84,17,Wa al-layli wa ma wasaq.
84,18,Wa al-qamari ʼiḏa attasaq.
84,19,Latarkabunna ṭabaqan ɛan ṭabaqin.
84,20,Fama lahum la yuʼminun.
84,21,Wa ʼiḏa quriʼa ɛalayhimu al-qurʼanu la yasjudun.
84,22,Bal al-laḏina kafaru yukaḏḏibun.
84,23,Wa Allahu ʼaɛlamu bima yuɛun.
84,24,Fabaccirhum biɛaḏabin ʼalimin.
84,25,ʼilla al-laḏina ʼamanu wa ɛamilu aṣ-ṣaliḥati lahum ʼajrun ɣayru mamnunin.
85,1,Wa as-samaʼi ḏati al-buruj.
85,2,Wa al-yawmi al-mawɛud.
85,3,Wa cahidin wa mac/hudin.
85,4,Qutila ʼaṣḥabu al-ʼuxdud.
85,5,An-nari ḏati al-waqud.
85,6,ʼiḏ hum ɛalayha quɛudun.
85,7,Wa hum ɛala ma yafɛaluna bil-muʼminina cuhudun.
85,8,Wa ma naqamu minhum ʼilla ʼan yuʼminu Billahi al-ɛazizi al-ḥamid.
85,9,Al-laḏi lahu mulku as-samawati wa al-ʼarḍi wa Allahu ɛala kulli cayʼin cahidun.
85,10,ʼinna al-laḏina fatanu al-muʼminina wa al-muʼminati ṯumma lam yatubu falahum ɛaḏabu jahannama wa lahum ɛaḏabu al-ḥariq.
85,11,ʼinna al-laḏina ʼamanu wa ɛamilu aṣ-ṣaliḥati lahum jannatun tajri min taḥtiha al-ʼanharu ḏalika al-fawzu al-kabir.
85,12,ʼinna baṭca rabbika lacadidun.
85,13,ʼinnahu huwa yubdiʼu wa yuɛid.
85,14,Wa huwa al-ɣafuru al-wadud.
85,15,Ḏu al-ɛarci al-majid.
85,16,Faɛɛalun lima yurid.
85,17,Hal ʼataka ḥadiṯu al-junud.
85,18,Firɛawna wa ṯamud.
85,19,Bali al-laḏina kafaru fi takḏibin.
85,20,Wa Allahu min waraʼihim muḥiṭun.
85,21,Bal huwa qurʼanun majidun.
85,22,Fyi lawḥin maḥfuḏ̣in.
86,1,Wa as-samaʼi wa aṭ-ṭariq.
86,2,Wa ma ʼadraka ma aṭ-ṭariq.
86,3,An-najmu aṯ-ṯaqib.
86,4,ʼin kullu nafsin lamma ɛalayha ḥafiḏ̣un.
86,5,Falyanḏ̣ur al-ʼinsanu mimma xuliq.
86,6,Xuliqa min maʼin dafiqin.
86,7,Yaxruju min bayni aṣ-ṣulbi wa at-taraʼib.
86,8,ʼinnahu ɛala rajɛihi laqadirun.
86,9,Yawma tubla as-saraʼir.
86,10,Fama lahu min quwatin wa la naṣirin.
86,11,Wa as-samaʼi ḏati ar-rajɛ.
86,12,Wa al-ʼarḍi ḏati aṣ-ṣadɛ.
86,13,ʼinnahu laqawlun faṣlun.
86,14,Wa ma huwa bil-hazl.
86,15,ʼinnahum yakiduna kaydan.
86,16,Wa ʼakidu kaydan.
86,17,Famahhili al-kafirina ʼamhilhum ruwaydan.
87,1,Sabbiḥi asma rabbika al-ʼaɛla.
87,2,Al-laḏi xalaqa fasawwa.
87,3,Wa al-laḏi qaddara fahada.
87,4,Wa al-laḏi ʼaxraja al-marɛa.
87,5,Fajaɛalahu ɣuṯaʼan ʼaḥwa.
87,6,Sanuqriʼuka fala tansa.
87,7,ʼilla ma caʼa Allahu ʼinnahu yaɛlamu al-jahra wa ma yaxfa.
87,8,Wa nuyassiruka lilyusra.
87,9,Faḏakkir ʼin nafaɛati aḏ-ḏikra.
87,10,Sayaḏḏakkaru man yaxca.
87,11,Wa yatajannabuha al-ʼacqa.
87,12,Al-laḏi yaṣla an-nara al-kubra.
87,13,Ṯumma la yamutu fiha wa la yaḥy.
87,14,Qad ʼaflaḥa man tazakka.
87,15,Wa ḏakara asma rabbihi faṣalla.
87,16,Bal tuʼṯiruna al-ḥayata ad-duny.
87,17,Wa al-ʼaxiratu xayrun wa ʼabqa.
87,18,ʼinna haḏa lafi aṣ-ṣuḥufi al-ʼula.
87,19,Ṣuḥufi ʼibrahima wa musa.
88,1,Hal ʼataka ḥadiṯu al-ɣaciyat.
88,2,Wujuhun yawmaʼiḏin xaciɛatun.
88,3,Ɛamilatun naṣibatun.
88,4,Taṣla naran ḥamiyatan.
88,5,Tusqa min ɛaynin ʼaniyatin.
88,6,Laysa lahum ṭaɛamun ʼilla min ḍariɛin.
88,7,La yusminu wa la yuɣni min juɛin.
88,8,Wujuhun yawmaʼiḏin naɛimatun.
88,9,Lisaɛyiha raḍiyatun.
88,10,Fi jannatin ɛaliyatin.
88,11,La tasmaɛu fiha laɣiyatan.
88,12,Fiha ɛaynun jariyatun.
88,13,Fiha sururun marfuɛatun.
88,14,Wa ʼakwabun mawḍuɛatun.
88,15,Wa namariqu maṣfufatun.
88,16,Wa zarabiyu mabṯuṯatun.
88,17,ʼafala yanḏ̣uruna ʼila al-ʼibili kayfa xuliqat.
88,18,Wa ʼila as-samaʼi kayfa rufiɛat.
88,19,Wa ʼila al-jibali kayfa nuṣibat.
88,20,Wa ʼila al-ʼarḍi kayfa suṭiḥat.
88,21,Faḏakkir ʼinnama ʼanta muḏakkirun.
88,22,Lasta ɛalayhim bimusayṭirin.
88,23,ʼilla man tawalla wa kafar.
88,24,Fayuɛaḏḏibuhu Allahu al-ɛaḏaba al-ʼakbar.
88,25,ʼinna ʼilayna ʼiabahum.
88,26,Ṯumma ʼinna ɛalayna ḥisabahum.
89,1,Wa al-fajr.
89,2,Wa layalin ɛacrin.
89,3,Wa ac-cafɛi wa al-watr.
89,4,Wa al-layli ʼiḏa yasr.
89,5,Hal fi ḏalika qasamun liḏi ḥijrin.
89,6,ʼalam tara kayfa faɛala rabbuka biɛadin.
89,7,ʼirama ḏati al-ɛimad.
89,8,Allati lam yuxlaq miṯluha fi al-bilad.
89,9,Wa ṯamuda al-laḏina jabu aṣ-ṣaxra bil-wad.
89,10,Wa firɛawna ḏi al-ʼawtad.
89,11,Al-laḏina ṭaɣaw fi al-bilad.
89,12,Faʼakṯaru fiha al-fasad.
89,13,Faṣabba ɛalayhim rabbuka sawṭa ɛaḏabin.
89,14,ʼinna rabbaka labialmirṣad.
89,15,Faʼamma al-ʼinsanu ʼiḏa ma abtalahu rabbuhu faʼakramahu wa naɛɛamahu fayaqulu rabbi ʼakraman.
89,16,Wa ʼamma ʼiḏa ma abtalahu faqadara ɛalayhi rizqahu fayaqulu rabbi ʼahanan.
89,17,Kalla bal la tukrimuna al-yatim.
89,18,Wa la taḥaḍḍuna ɛala ṭaɛami al-miskin.
89,19,Wa taʼkuluna at-turaṯa ʼaklan lamman.
89,20,Wa tuḥibbuna al-mala ḥubban jamman.
89,21,Kalla ʼiḏa dukkati al-ʼarḍu dakkan dakkan.
89,22,Wa jaʼa rabbuka wa al-malaku ṣaffan ṣaffan.
89,23,Wa jiʼa yawmaʼiḏin bijahannama yawmaʼiḏin yataḏakkaru al-ʼinsanu wa ʼanna lahu aḏ-ḏikra.
89,24,Yaqulu ya laytani qaddamtu liḥayat.
89,25,Fayawmaʼiḏin la yuɛaḏḏibu ɛaḏabahu ʼaḥadun.
89,26,Wa la yuṯiqu waṯaqahu ʼaḥadun.
89,27,Ya ʼayyatuha an-nafsu al-muṭmaʼinnat.
89,28,Arjiɛi ʼila rabbiki raḍiyatan marḍiyatan.
89,29,Fadxuli fi ɛibad.
89,30,Wa adxuli jannat.
90,1,La ʼuqsimu bihaḏa al-balad.
90,2,Wa ʼanta ḥillun bihaḏa al-balad.
90,3,Wa walidin wa ma walad.
90,4,Laqad xalaqna al-ʼinsana fi kabadin.
90,5,ʼayaḥsabu ʼan lan yaqdira ɛalayhi ʼaḥadun.
90,6,Yaqulu ʼahlaktu malan lubadan.
90,7,ʼayaḥsabu ʼan lam yarahu ʼaḥadun.
90,8,ʼalam najɛal lahu ɛaynayn.
90,9,Wa lisanan wa cafatayn.
90,10,Wa hadaynahu an-najdayn.
90,11,Fala aqtaḥama al-ɛaqabat.
90,12,Wa ma ʼadraka ma al-ɛaqabat.
90,13,Fakku raqabatin.
90,14,ʼaw ʼiṭɛamun fi yawmin ḏi masɣabatin.
90,15,Yatiman ḏa maqrabatin.
90,16,ʼaw miskinan ḏa matrabatin.
90,17,Ṯumma kana mina al-laḏina ʼamanu wa tawaṣaw biṣ-ṣabri wa tawaṣaw bil-marḥamat.
90,18,ʼulaʼika ʼaṣḥabu al-maymanat.
90,19,Wa al-laḏina kafaru biʼayatina hum ʼaṣḥabu al-macʼamat.
90,20,Ɛalayhim narun muʼṣadatun.
91,1,Wa ac-camsi wa ḍuḥah.
91,2,Wa al-qamari ʼiḏa talah.
91,3,Wa an-nahari ʼiḏa jallah.
91,4,Wa al-layli ʼiḏa yaɣcah.
91,5,Wa as-samaʼi wa ma banah.
91,6,Wa al-ʼarḍi wa ma ṭaḥah.
91,7,Wa nafsin wa ma sawwah.
91,8,Faʼalhamaha fujuraha wa taqwah.
91,9,Qad ʼaflaḥa man zakkah.
91,10,Wa qad xaba man dassah.
91,11,Kaḏḏabat ṯamudu biṭaɣwah.
91,12,ʼiḏi anbaɛaṯa ʼacqah.
91,13,Faqala lahum rasulu Allahi naqata Allahi wa suqyah.
91,14,Fakaḏḏabuhu faɛaqaruha fadamdama ɛalayhim rabbuhum biḏanbihim fasawwah.
91,15,Wa la yaxafu ɛuqbah.
92,1,Wa al-layli ʼiḏa yaɣca.
92,2,Wa an-nahari ʼiḏa tajalla.
92,3,Wa ma xalaqa aḏ-ḏakara wa al-ʼunṯa.
92,4,ʼinna saɛyakum lacatta.
92,5,Faʼamma man ʼaɛṭa wa attaqa.
92,6,Wa ṣaddaqa bil-ḥusna.
92,7,Fasanuyassiruhu lilyusra.
92,8,Wa ʼamma man baxila wa astaɣna.
92,9,Wa kaḏḏaba bil-ḥusna.
92,10,Fasanuyassiruhu lilɛusra.
92,11,Wa ma yuɣni ɛanhu maluhu ʼiḏa taradda.
92,12,ʼinna ɛalayna lalhuda.
92,13,Wa ʼinna lana lalʼaxirata wa al-ʼula.
92,14,Faʼanḏartukum naran talaḏ̣ḏ̣a.
92,15,La yaṣlaha ʼilla al-ʼacqa.
92,16,Al-laḏi kaḏḏaba wa tawalla.
92,17,Wa sayujannabuha al-ʼatqa.
92,18,Al-laḏi yuʼti malahu yatazakka.
92,19,Wa ma liʼḥadin ɛindahu min niɛmatin tujza.
92,20,ʼilla abtiɣaʼa wajhi rabbihi al-ʼaɛla.
92,21,Wa lasawfa yarḍa.
93,1,Wa aḍ-ḍuḥa.
93,2,Wa al-layli ʼiḏa saja.
93,3,Ma waddaɛaka rabbuka wa ma qala.
93,4,Wa lalʼaxiratu xayrun laka mina al-ʼula.
93,5,Wa lasawfa yuɛṭika rabbuka fatarḍa.
93,6,ʼalam yajidka yatiman faʼawa.
93,7,Wa wajadaka ḍallan fahada.
93,8,Wa wajadaka ɛaʼilan faʼaɣna.
93,9,Faʼamma al-yatima fala taqhar.
93,10,Wa ʼamma as-saʼila fala tanhar.
93,11,Wa ʼamma biniɛmati rabbika faḥaddiṯ.
94,1,ʼalam nacraḥ laka ṣadrak.
94,2,Wa waḍaɛna ɛanka wizrak.
94,3,Al-laḏi ʼanqaḍa ḏ̣ahrak.
94,4,Wa rafaɛna laka ḏikrak.
94,5,Faʼinna maɛa al-ɛusri yusran.
94,6,ʼinna maɛa al-ɛusri yusran.
94,7,Faʼiḏa faraɣta fanṣab.
94,8,Wa ʼila rabbika farɣab.
95,1,Wa at-tini wa az-zaytun.
95,2,Wa ṭuri sinin.
95,3,Wa haḏa al-baladi al-ʼamin.
95,4,Laqad xalaqna al-ʼinsana fi ʼaḥsani taqwimin.
95,5,Ṯumma radadnahu ʼasfala safilin.
95,6,ʼilla al-laḏina ʼamanu wa ɛamilu aṣ-ṣaliḥati falahum ʼajrun ɣayru mamnunin.
95,7,Fama yukaḏḏibuka baɛdu bid-din.
95,8,ʼalaysa Allahu biʼaḥkami al-ḥakimin.
96,1,Aqraʼ biasmi rabbika al-laḏi xalaq.
96,2,Xalaqa al-ʼinsana min ɛalaqin.
96,3,Aqraʼ wa rabbuka al-ʼakram.
96,4,Al-laḏi ɛallama bil-qalam.
96,5,Ɛallama al-ʼinsana ma lam yaɛlam.
96,6,Kalla ʼinna al-ʼinsana layaṭɣa.
96,7,ʼan raʼahu astaɣna.
96,8,ʼinna ʼila rabbika ar-rujɛa.
96,9,ʼaraʼayta al-laḏi yanha.
96,10,Ɛabdan ʼiḏa ṣalla.
96,11,ʼaraʼayta ʼin kana ɛala al-huda.
96,12,ʼaw ʼamara bit-taqwa.
96,13,ʼaraʼayta ʼin kaḏḏaba wa tawalla.
96,14,ʼalam yaɛlam biʼanna Allaha yara.
96,15,Kalla laʼin lam yantahi lanasfaɛa bin-naṣiyat.
96,16,Naṣiyatin kaḏibatin xaṭiʼatin.
96,17,Falyadɛu nadiyah.
96,18,Sanadɛu az-zabaniyat.
96,19,Kalla la tuṭiɛhu wa asjud waqtarib.
97,1,ʼinna ʼanzalnahu fi laylati al-qadr.
97,2,Wa ma ʼadraka ma laylatu al-qadr.
97,3,Laylatu al-qadri xayrun min ʼalfi cahrin.
97,4,Tanazzalu al-malaʼikatu wa ar-ruḥu fiha biʼiḏni rabbihim min kulli ʼamrin.
97,5,Salamun hiya ḥatta maṭlaɛi al-fajr.
98,1,Lam yakuni al-laḏina kafaru min ʼahli al-kitabi wa al-mucrikina munfakkina ḥatta taʼtiyahumu al-bayyinat.
98,2,Rasulun mina Allahi yatlu ṣuḥufan muṭahharatan.
98,3,Fiha kutubun qayyimatun.
98,4,Wa ma tafarraqa al-laḏina ʼutu al-kitaba ʼilla min baɛdi ma jaʼat/humu al-bayyinat.
98,5,Wa ma ʼumiru ʼilla liyaɛbudu Allaha muxliṣina lahu ad-dina ḥunafaʼa wa yuqimu aṣ-ṣalata wa yuʼtu az-zakata wa ḏalika dinu al-qayyimat.
98,6,ʼinna al-laḏina kafaru min ʼahli al-kitabi wa al-mucrikina fi nari jahannama xalidina fiha ʼulaʼika hum carru al-bariyat.
98,7,ʼinna al-laḏina ʼamanu wa ɛamilu aṣ-ṣaliḥati ʼulaʼika hum xayru al-bariyat.
98,8,Jazaʼuuhum ɛinda rabbihim jannatu ɛadnin tajri min taḥtiha al-ʼanharu xalidina fiha ʼabadan raḍiya Allahu ɛanhum wa raḍu ɛanhu ḏalika liman xaciya rabbah.
99,1,ʼiḏa zulzilati al-ʼarḍu zilzalah.
99,2,Wa ʼaxrajati al-ʼarḍu ʼaṯqalah.
99,3,Wa qala al-ʼinsanu ma lah.
99,4,Yawmaʼiḏin tuḥaddiṯu ʼaxbarah.
99,5,Biʼanna rabbaka ʼawḥa lah.
99,6,Yawmaʼiḏin yaṣduru an-nasu ʼactatan liyuraw ʼaɛmalahum.
99,7,Faman yaɛmal miṯqala ḏarratin xayran yarah.
99,8,Wa man yaɛmal miṯqala ḏarratin carran yarah.
100,1,Wa al-ɛadiyati ḍabḥan.
100,2,Falmuriyati qadḥan.
100,3,Falmuɣirati ṣubḥan.
100,4,Faʼaṯarna bihi naqɛan.
100,5,Fawasaṭna bihi jamɛan.
100,6,ʼinna al-ʼinsana lirabbihi lakanudun.
100,7,Wa ʼinnahu ɛala ḏalika lacahidun.
100,8,Wa ʼinnahu liḥubbi al-xayri lacadidun.
100,9,ʼafala yaɛlamu ʼiḏa buɛṯira ma fi al-qubur.
100,10,Wa ḥuṣṣila ma fi aṣ-ṣudur.
100,11,ʼinna rabbahum bihim yawmaʼiḏin laxabirun.
101,1,Al-qariɛat.
101,2,Ma al-qariɛat.
101,3,Wa ma ʼadraka ma al-qariɛat.
101,4,Yawma yakunu an-nasu kalfaraci al-mabṯuṯ.
101,5,Wa takunu al-jibalu kalɛihni al-manfuc.
101,6,Faʼamma man ṯaqulat mawazinuh.
101,7,Fahuwa fi ɛicatin raḍiyatin.
101,8,Wa ʼamma man xaffat mawazinuh.
101,9,Faʼummuhu hawiyatun.
101,10,Wa ma ʼadraka ma hiyah.
101,11,Narun ḥamiyatun.
102,1,ʼalhakumu at-takaṯur.
102,2,Ḥatta zurtumu al-maqabir.
102,3,Kalla sawfa taɛlamun.
102,4,Ṯumma kalla sawfa taɛlamun.
102,5,Kalla law taɛlamuna ɛilma al-yaqin.
102,6,Latarawunna al-jaḥim.
102,7,Ṯumma latarawunnaha ɛayna al-yaqin.
102,8,Ṯumma latusʼalunna yawmaʼiḏin ɛani an-naɛim.
103,1,Wa al-ɛaṣr.
103,2,ʼinna al-ʼinsana lafi xusrin.
103,3,ʼilla al-laḏina ʼamanu wa ɛamilu aṣ-ṣaliḥati wa tawaṣaw bil-ḥaqqi wa tawaṣaw biṣ-ṣabr.
104,1,Waylun likulli humazatin lumazatin.
104,2,Al-laḏi jamaɛa malan wa ɛaddadah.
104,3,Yaḥsabu ʼanna malahu ʼaxladah.
104,4,Kalla layunbaḏanna fi al-ḥuṭamat.
104,5,Wa ma ʼadraka ma al-ḥuṭamat.
104,6,Naru Allahi al-muqadat.
104,7,Allati taṭṭaliɛu ɛala al-ʼafʼidat.
104,8,ʼinnaha ɛalayhim muʼṣadatun.
104,9,Fi ɛamadin mumaddadatin.
105,1,ʼalam tara kayfa faɛala rabbuka biʼaṣḥabi al-fil.
105,2,ʼalam yajɛal kaydahum fi taḍlilin.
105,3,Wa ʼarsala ɛalayhim ṭayran ʼababil.
105,4,Tarmihim biḥijaratin min sijjilin.
105,5,Fajaɛalahum kaɛaṣfin maʼkulin.
106,1,Liʼilafi quraycin.
106,2,ʼilafihim riḥlata ac-citaʼi wa aṣ-ṣayf.
106,3,Falyaɛbudu rabba haḏa al-bayt.
106,4,Al-laḏi ʼaṭɛamahum min juɛin wa ʼamanahum min xawfin.
107,1,ʼaraʼayta al-laḏi yukaḏḏibu bid-din.
107,2,Faḏalika al-laḏi yaduɛɛu al-yatim.
107,3,Wa la yaḥuḍḍu ɛala ṭaɛami al-miskin.
107,4,Fawaylun lilmuṣallin.
107,5,Al-laḏina hum ɛan ṣalatihim sahun.
107,6,Al-laḏina hum yuraʼun.
107,7,Wa yamnaɛuna al-maɛun.
108,1,ʼinna ʼaɛṭaynaka al-kawṯar.
108,2,Faṣalli lirabbika wa anḥar.
108,3,ʼinna caniʼaka huwa al-ʼabtar.
109,1,Qul ya ʼayyuha al-kafirun.
109,2,La ʼaɛbudu ma taɛbudun.
109,3,Wa la ʼantum ɛabiduna ma ʼaɛbud.
109,4,Wa la ʼana ɛabidun ma ɛabadttum.
109,5,Wa la ʼantum ɛabiduna ma ʼaɛbud.
109,6,Lakum dinukum wa liya din.
110,1,ʼiḏa jaʼa naṣru Allahi wa al-fatḥ.
110,2,Wa raʼayta an-nasa yadxuluna fi dini Allahi ʼafwajan.
110,3,Fasabbiḥ biḥamdi rabbika wa astaɣfirhu ʼinnahu kana tawwaban.
111,1,Tabbat yada ʼabi lahabin wa tabb.
111,2,Ma ʼaɣna ɛanhu maluhu wa ma kasab.
111,3,Sayaṣla naran ḏata lahabin.
111,4,Wa amraʼatuhu ḥammalata al-ḥaṭab.
111,5,Fi jidiha ḥablun min masadin.
112,1,Qul huwa Allahu ʼaḥadun.
112,2,Allahu aṣ-ṣamad.
112,3,Lam yalid wa lam yulad.
112,4,Walam yakun lahu kufuan ʼaḥadun.
113,1,Qul ʼaɛuḏu birabbi al-falaq.
113,2,Min carri ma xalaq.
113,3,Wa min carri ɣasiqin ʼiḏa waqab.
113,4,Wa min carri an-naffaṯati fi al-ɛuqad.
113,5,Wa min carri ḥasidin ʼiḏa ḥasad.
114,1,Qul ʼaɛuḏu birabbi an-nas.
114,2,Maliki an-nas.
114,3,ʼilahi an-nas.
114,4,Min carri al-waswasi al-xannas.
114,5,Al-laḏi yuwaswisu fi ṣuduri an-nas.
114,6,Mina al-jinnati wa an-nasi.